"UnitCode","Year","Visits"
"ABLI",1979,1084924
"ABLI",1980,956296
"ABLI",1981,1008980
"ABLI",1982,1274828
"ABLI",1983,1024504
"ABLI",1984,1032092
"ABLI",1985,1059620
"ABLI",1986,1122480
"ABLI",1987,1171300
"ABLI",1988,1153296
"ABLI",1989,1239292
"ABLI",1990,1230676
"ABLI",1991,1267780
"ABLI",1992,1210956
"ABLI",1993,1174840
"ABLI",1994,1118168
"ABLI",1995,1074036
"ABLI",1996,997376
"ABLI",1997,1051556
"ABLI",1998,1003368
"ABLI",1999,1004816
"ABLI",2000,944720
"ABLI",2001,918700
"ABLI",2002,1003088
"ABLI",2003,846600
"ABLI",2004,807312
"ABLI",2005,763236
"ABLI",2006,800216
"ABLI",2007,811800
"ABLI",2008,801616
"ABLI",2009,884444
"ABLI",2010,708488
"ABLI",2011,654272
"ABLI",2012,678060
"ABLI",2013,655712
"ABLI",2014,965056
"ABLI",2015,594420
"ABLI",2016,1009980
"ABLI",2017,1078320
"ABLI",2018,1043856
"ABLI",2019,952904
"ABLI",2020,912564
"ABLI",2021,1004752
"ABLI",2022,1062828
"ABLI",2023,959800
"ABLI",2024,996664
"ACAD",1979,41715691
"ACAD",1980,45138288
"ACAD",1981,49754734
"ACAD",1982,57476422
"ACAD",1983,64035016
"ACAD",1984,58058099
"ACAD",1985,66528730
"ACAD",1986,59468405
"ACAD",1987,66278825
"ACAD",1988,69570540
"ACAD",1989,82679292
"ACAD",1990,31654136
"ACAD",1991,32890886
"ACAD",1992,31652503
"ACAD",1993,35112409
"ACAD",1994,35791046
"ACAD",1995,37537073
"ACAD",1996,35757597
"ACAD",1997,36389873
"ACAD",1998,34375377
"ACAD",1999,34503220
"ACAD",2000,32839807
"ACAD",2001,33429528
"ACAD",2002,33951941
"ACAD",2003,31461587
"ACAD",2004,28579503
"ACAD",2005,25755999
"ACAD",2006,26169551
"ACAD",2007,27638534
"ACAD",2008,25993436
"ACAD",2009,27938805
"ACAD",2010,31321218
"ACAD",2011,29593452
"ACAD",2012,30440690
"ACAD",2013,27840666
"ACAD",2014,31984229
"ACAD",2015,35235504
"ACAD",2016,52812426
"ACAD",2017,55889162
"ACAD",2018,55129003
"ACAD",2019,54078439
"ACAD",2020,34055550
"ACAD",2021,60862472
"ACAD",2022,62068628
"ACAD",2023,60091643
"ACAD",2024,62622385
"ADAM",1979,189522
"ADAM",1980,143408
"ADAM",1981,150694
"ADAM",1982,145040
"ADAM",1983,147568
"ADAM",1984,137896
"ADAM",1985,141944
"ADAM",1986,115926
"ADAM",1987,134410
"ADAM",1988,110120
"ADAM",1989,123628
"ADAM",1990,116068
"ADAM",1991,95012
"ADAM",1992,98718
"ADAM",1993,190864
"ADAM",1994,174732
"ADAM",1995,187630
"ADAM",1996,150940
"ADAM",1997,220730
"ADAM",1998,247868
"ADAM",1999,326072
"ADAM",2000,334262
"ADAM",2001,643916
"ADAM",2002,670258
"ADAM",2003,825504
"ADAM",2004,884034
"ADAM",2005,813170
"ADAM",2006,831378
"ADAM",2007,833384
"ADAM",2008,931206
"ADAM",2009,1004550
"ADAM",2010,327046
"ADAM",2011,1004274
"ADAM",2012,1488474
"ADAM",2013,1461757
"ADAM",2014,781704
"ADAM",2015,808287
"ADAM",2016,826852
"ADAM",2017,1023105
"ADAM",2018,484470
"ADAM",2019,748886
"ADAM",2020,25986
"ADAM",2021,80992
"ADAM",2022,50997
"ADAM",2023,102521
"ADAM",2024,182263
"AFBG",2010,349540
"AFBG",2011,327162
"AFBG",2012,243004
"AFBG",2013,295890
"AFBG",2014,178536
"AFBG",2015,186336
"AFBG",2016,158654
"AFBG",2017,151442
"AFBG",2018,155144
"AFBG",2019,162384
"AFBG",2020,30280
"AFBG",2021,25620
"AFBG",2022,95230
"AFBG",2023,131302
"AFBG",2024,116870
"AGFO",1979,33448
"AGFO",1980,54266
"AGFO",1981,58660
"AGFO",1982,54922
"AGFO",1983,66750
"AGFO",1984,66480
"AGFO",1985,66976
"AGFO",1986,66970
"AGFO",1987,67780
"AGFO",1988,66068
"AGFO",1989,69420
"AGFO",1990,85908
"AGFO",1991,81850
"AGFO",1992,106284
"AGFO",1993,115208
"AGFO",1994,109062
"AGFO",1995,107022
"AGFO",1996,97100
"AGFO",1997,120584
"AGFO",1998,137238
"AGFO",1999,125414
"AGFO",2000,122956
"AGFO",2001,119250
"AGFO",2002,113454
"AGFO",2003,107886
"AGFO",2004,105982
"AGFO",2005,102040
"AGFO",2006,93324
"AGFO",2007,82996
"AGFO",2008,89324
"AGFO",2009,91494
"AGFO",2010,88288
"AGFO",2011,80318
"AGFO",2012,80386
"AGFO",2013,72376
"AGFO",2014,86950
"AGFO",2015,96630
"AGFO",2016,108394
"AGFO",2017,195464
"AGFO",2018,110244
"AGFO",2019,108726
"AGFO",2020,72632
"AGFO",2021,132104
"AGFO",2022,124818
"AGFO",2023,110038
"AGFO",2024,138604
"ALAG",2021,27246
"ALAG",2022,38248
"ALAG",2023,11814
"ALAG",2024,28592
"ALFL",1979,13454
"ALFL",1980,15478
"ALFL",1981,16688
"ALFL",1982,16786
"ALFL",1983,13434
"ALFL",1984,15758
"ALFL",1985,15400
"ALFL",1986,15366
"ALFL",1987,17460
"ALFL",1988,14982
"ALFL",1989,26898
"ALFL",1990,23928
"ALFL",1991,27512
"ALFL",1992,23918
"ALFL",1993,22092
"ALFL",1994,23750
"ALFL",1995,19390
"ALFL",1996,22938
"ALFL",1997,23546
"ALFL",1998,23056
"ALFL",1999,21336
"ALFL",2000,21922
"ALFL",2001,17198
"ALFL",2002,14878
"ALFL",2003,12682
"ALFL",2004,14088
"ALFL",2005,20438
"ALFL",2006,13180
"ALFL",2007,28202
"ALFL",2008,16084
"ALFL",2009,20434
"ALFL",2010,30456
"ALFL",2011,22502
"ALFL",2012,23678
"ALFL",2013,10890
"ALFL",2014,31588
"ALFL",2015,66444
"ALFL",2016,57072
"ALFL",2017,46288
"ALFL",2018,51908
"ALFL",2019,61926
"ALFL",2020,29884
"ALFL",2021,66682
"ALFL",2022,52642
"ALFL",2023,42042
"ALFL",2024,59908
"ALPO",1979,215225
"ALPO",1980,263646
"ALPO",1981,236992
"ALPO",1982,222618
"ALPO",1983,219832
"ALPO",1984,273504
"ALPO",1985,316328
"ALPO",1986,314100
"ALPO",1987,433846
"ALPO",1988,550778
"ALPO",1989,575566
"ALPO",1990,589766
"ALPO",1991,692654
"ALPO",1992,796526
"ALPO",1993,772108
"ALPO",1994,673202
"ALPO",1995,616320
"ALPO",1996,584468
"ALPO",1997,502308
"ALPO",1998,464704
"ALPO",1999,465554
"ALPO",2000,551628
"ALPO",2001,600598
"ALPO",2002,662644
"ALPO",2003,568520
"ALPO",2004,554070
"ALPO",2005,512180
"ALPO",2006,544344
"ALPO",2007,562730
"ALPO",2008,543272
"ALPO",2009,558228
"ALPO",2010,481766
"ALPO",2011,524636
"ALPO",2012,675252
"ALPO",2013,643742
"ALPO",2014,865776
"ALPO",2015,855284
"ALPO",2016,961071
"ALPO",2017,1027316
"ALPO",2018,958094
"ALPO",2019,961604
"ALPO",2020,699446
"ALPO",2021,955159
"ALPO",2022,926233
"ALPO",2023,1042488
"ALPO",2024,1019951
"AMCH",2024,21709
"AMIS",1979,19846556
"AMIS",1980,17285733
"AMIS",1981,18938878
"AMIS",1982,23948500
"AMIS",1983,23535332
"AMIS",1984,21292354
"AMIS",1985,19192496
"AMIS",1986,20302869
"AMIS",1987,20570835
"AMIS",1988,21621132
"AMIS",1989,22230736
"AMIS",1990,22280344
"AMIS",1991,20781885
"AMIS",1992,27143703
"AMIS",1993,26274815
"AMIS",1994,27541147
"AMIS",1995,24532547
"AMIS",1996,21298954
"AMIS",1997,18846031
"AMIS",1998,19424418
"AMIS",1999,20005595
"AMIS",2000,21199132
"AMIS",2001,18850761
"AMIS",2002,17779011
"AMIS",2003,18131309
"AMIS",2004,24400822
"AMIS",2005,23738324
"AMIS",2006,27502763
"AMIS",2007,29555762
"AMIS",2008,33697957
"AMIS",2009,43598689
"AMIS",2010,26885431
"AMIS",2011,24057531
"AMIS",2012,22769225
"AMIS",2013,17081604
"AMIS",2014,18823772
"AMIS",2015,20845109
"AMIS",2016,19423197
"AMIS",2017,20361661
"AMIS",2018,18504152
"AMIS",2019,21144374
"AMIS",2020,23683135
"AMIS",2021,18162951
"AMIS",2022,15431811
"AMIS",2023,14063746
"AMIS",2024,14029309
"ANDE",1979,906738
"ANDE",1980,760200
"ANDE",1981,682182
"ANDE",1982,624318
"ANDE",1983,665526
"ANDE",1984,606174
"ANDE",1985,710640
"ANDE",1986,778788
"ANDE",1987,780684
"ANDE",1988,779472
"ANDE",1989,816408
"ANDE",1990,788436
"ANDE",1991,908448
"ANDE",1992,858150
"ANDE",1993,819402
"ANDE",1994,973674
"ANDE",1995,939486
"ANDE",1996,1184364
"ANDE",1997,1178040
"ANDE",1998,1353918
"ANDE",1999,1095234
"ANDE",2000,1004238
"ANDE",2001,965844
"ANDE",2002,1140012
"ANDE",2003,903964
"ANDE",2004,995576
"ANDE",2005,794802
"ANDE",2006,792918
"ANDE",2007,922112
"ANDE",2008,957554
"ANDE",2009,817594
"ANDE",2010,729206
"ANDE",2011,652878
"ANDE",2012,737302
"ANDE",2013,592622
"ANDE",2014,763130
"ANDE",2015,820116
"ANDE",2016,805298
"ANDE",2017,792888
"ANDE",2018,828988
"ANDE",2019,621812
"ANDE",2020,382790
"ANDE",2021,270504
"ANDE",2022,360654
"ANDE",2023,466442
"ANDE",2024,437554
"ANIA",1989,167858
"ANIA",1990,85498
"ANIA",1991,67828
"ANIA",1992,80952
"ANIA",1993,72984
"ANIA",1994,67042
"ANIA",1995,0
"ANIA",1998,13264
"ANIA",1999,34496
"ANIA",2000,22404
"ANIA",2001,22314
"ANIA",2002,22384
"ANIA",2003,22694
"ANIA",2004,13198
"ANIA",2005,29648
"ANIA",2006,15978
"ANIA",2007,5402
"ANIA",2008,20
"ANIA",2009,1078
"ANIA",2010,16252
"ANIA",2011,8478
"ANIA",2012,1188
"ANIA",2013,19318
"ANIA",2014,19318
"ANIA",2015,15306
"ANIA",2016,11950
"ANIA",2017,11950
"ANIA",2018,11950
"ANIA",2019,11700
"ANIA",2020,10830
"ANIA",2021,40760
"ANIA",2022,47288
"ANIA",2023,46262
"ANIA",2024,40058
"ANJO",1979,136182
"ANJO",1980,186724
"ANJO",1981,201360
"ANJO",1982,221630
"ANJO",1983,321510
"ANJO",1984,227908
"ANJO",1985,183194
"ANJO",1986,196536
"ANJO",1987,208482
"ANJO",1988,207854
"ANJO",1989,195336
"ANJO",1990,193278
"ANJO",1991,222512
"ANJO",1992,177100
"ANJO",1993,144886
"ANJO",1994,188074
"ANJO",1995,197290
"ANJO",1996,185352
"ANJO",1997,208772
"ANJO",1998,191952
"ANJO",1999,169896
"ANJO",2000,187240
"ANJO",2001,156080
"ANJO",2002,152568
"ANJO",2003,160850
"ANJO",2004,153832
"ANJO",2005,146606
"ANJO",2006,161686
"ANJO",2007,143482
"ANJO",2008,215658
"ANJO",2009,199234
"ANJO",2010,187998
"ANJO",2011,167962
"ANJO",2012,166038
"ANJO",2013,140122
"ANJO",2014,136914
"ANJO",2015,144790
"ANJO",2016,147794
"ANJO",2017,164446
"ANJO",2018,155334
"ANJO",2019,158784
"ANJO",2020,128046
"ANJO",2021,187398
"ANJO",2022,156510
"ANJO",2023,178310
"ANJO",2024,163154
"ANTI",1979,1960534
"ANTI",1980,2144864
"ANTI",1981,2858284
"ANTI",1982,2522948
"ANTI",1983,2652682
"ANTI",1984,3201294
"ANTI",1985,3554438
"ANTI",1986,4310130
"ANTI",1987,3864366
"ANTI",1988,984550
"ANTI",1989,1014288
"ANTI",1990,1583224
"ANTI",1991,1920784
"ANTI",1992,1792776
"ANTI",1993,1438312
"ANTI",1994,1663656
"ANTI",1995,1475374
"ANTI",1996,1917120
"ANTI",1997,1806624
"ANTI",1998,1793320
"ANTI",1999,1856030
"ANTI",2000,1892544
"ANTI",2001,1785594
"ANTI",2002,1971246
"ANTI",2003,1748888
"ANTI",2004,1522396
"ANTI",2005,1885450
"ANTI",2006,2019316
"ANTI",2007,2138020
"ANTI",2008,2207272
"ANTI",2009,2393790
"ANTI",2010,2223740
"ANTI",2011,2347162
"ANTI",2012,3765532
"ANTI",2013,2296990
"ANTI",2014,2102472
"ANTI",2015,2123720
"ANTI",2016,2191590
"ANTI",2017,2261678
"ANTI",2018,2134782
"ANTI",2019,1792660
"ANTI",2020,399466
"ANTI",2021,668916
"ANTI",2022,712708
"ANTI",2023,971880
"ANTI",2024,1193966
"APCO",1979,767642
"APCO",1980,808876
"APCO",1981,912528
"APCO",1982,868162
"APCO",1983,890762
"APCO",1984,1151732
"APCO",1985,1004178
"APCO",1986,1170788
"APCO",1987,1207616
"APCO",1988,1131324
"APCO",1989,1367798
"APCO",1990,1457348
"APCO",1991,1163808
"APCO",1992,1128414
"APCO",1993,773570
"APCO",1994,1001046
"APCO",1995,816466
"APCO",1996,753024
"APCO",1997,749098
"APCO",1998,738166
"APCO",1999,726422
"APCO",2000,718016
"APCO",2001,696288
"APCO",2002,648012
"APCO",2003,566880
"APCO",2004,557446
"APCO",2005,500318
"APCO",2006,533138
"APCO",2007,545762
"APCO",2008,653606
"APCO",2009,678082
"APCO",2010,790620
"APCO",2011,946744
"APCO",2012,1172540
"APCO",2013,1161536
"APCO",2014,1019356
"APCO",2015,1508850
"APCO",2016,1108442
"APCO",2017,558946
"APCO",2018,505402
"APCO",2019,502240
"APCO",2020,272290
"APCO",2021,448970
"APCO",2022,409458
"APCO",2023,451052
"APCO",2024,410868
"APIS",1979,1097862
"APIS",1980,1088457
"APIS",1981,1404397
"APIS",1982,1629653
"APIS",1983,1659729
"APIS",1984,1557096
"APIS",1985,1483162
"APIS",1986,1436539
"APIS",1987,1785129
"APIS",1988,1922406
"APIS",1989,1769044
"APIS",1990,1833444
"APIS",1991,1838126
"APIS",1992,1414616
"APIS",1993,1654790
"APIS",1994,1850404
"APIS",1995,2133924
"APIS",1996,2086004
"APIS",1997,2243664
"APIS",1998,3013792
"APIS",1999,2339714
"APIS",2000,2333236
"APIS",2001,2207252
"APIS",2002,2413750
"APIS",2003,2213330
"APIS",2004,1918088
"APIS",2005,2021690
"APIS",2006,2076610
"APIS",2007,2044162
"APIS",2008,1623116
"APIS",2009,1999442
"APIS",2010,1789992
"APIS",2011,1909012
"APIS",2012,1816332
"APIS",2013,1713422
"APIS",2014,2469842
"APIS",2015,2275949
"APIS",2016,1923761
"APIS",2017,2001441
"APIS",2018,2195334
"APIS",2019,2100663
"APIS",2020,1483714
"APIS",2021,2580480
"APIS",2022,2232530
"APIS",2023,2253432
"APIS",2024,2239842
"ARCH",1979,4311833
"ARCH",1980,4474045
"ARCH",1981,4972575
"ARCH",1982,4923671
"ARCH",1983,4155999
"ARCH",1984,4526930
"ARCH",1985,5033369
"ARCH",1986,5751987
"ARCH",1987,6078518
"ARCH",1988,6797017
"ARCH",1989,7047899
"ARCH",1990,7923144
"ARCH",1991,8591533
"ARCH",1992,9355818
"ARCH",1993,8701902
"ARCH",1994,8858126
"ARCH",1995,9264948
"ARCH",1996,9171043
"ARCH",1997,9284981
"ARCH",1998,9239084
"ARCH",1999,9456106
"ARCH",2000,8620358
"ARCH",2001,8420067
"ARCH",2002,8541202
"ARCH",2003,8334084
"ARCH",2004,8328134
"ARCH",2005,8929114
"ARCH",2006,9302616
"ARCH",2007,9465152
"ARCH",2008,10016898
"ARCH",2009,10731059
"ARCH",2010,10509968
"ARCH",2011,10914627
"ARCH",2012,11077664
"ARCH",2013,11171644
"ARCH",2014,12717892
"ARCH",2015,13784424
"ARCH",2016,15424312
"ARCH",2017,12430294
"ARCH",2018,15251277
"ARCH",2019,15256665
"ARCH",2020,11122771
"ARCH",2021,16258230
"ARCH",2022,13869592
"ARCH",2023,14009291
"ARCH",2024,22702424
"ARHO",1979,1378036
"ARHO",1980,1445090
"ARHO",1981,1009782
"ARHO",1982,1535942
"ARHO",1983,1544586
"ARHO",1984,1898238
"ARHO",1985,1490538
"ARHO",1986,1464076
"ARHO",1987,1443360
"ARHO",1988,1479092
"ARHO",1989,1360926
"ARHO",1990,1390402
"ARHO",1991,1450324
"ARHO",1992,1378992
"ARHO",1993,1489594
"ARHO",1994,1482158
"ARHO",1995,1678534
"ARHO",1996,1227446
"ARHO",1997,1285052
"ARHO",1998,1533608
"ARHO",1999,1430742
"ARHO",2000,1131044
"ARHO",2001,1288420
"ARHO",2002,1249592
"ARHO",2003,1136062
"ARHO",2004,1478494
"ARHO",2005,1495656
"ARHO",2006,1528568
"ARHO",2007,1400070
"ARHO",2008,1555544
"ARHO",2009,1811318
"ARHO",2010,1882728
"ARHO",2011,1730444
"ARHO",2012,1688318
"ARHO",2013,1759592
"ARHO",2014,2014914
"ARHO",2015,1596152
"ARHO",2016,3172498
"ARHO",2017,2178180
"ARHO",2018,148500
"ARHO",2019,0
"ARHO",2020,0
"ARHO",2021,14342
"ARHO",2022,920058
"ARHO",2023,1257676
"ARHO",2024,1342922
"ARPO",1979,307536
"ARPO",1980,314992
"ARPO",1981,267692
"ARPO",1982,291746
"ARPO",1983,277216
"ARPO",1984,291486
"ARPO",1985,275566
"ARPO",1986,301734
"ARPO",1987,303016
"ARPO",1988,343138
"ARPO",1989,345410
"ARPO",1990,392446
"ARPO",1991,407340
"ARPO",1992,263104
"ARPO",1993,260988
"ARPO",1994,234572
"ARPO",1995,201812
"ARPO",1996,239640
"ARPO",1997,252230
"ARPO",1998,259332
"ARPO",1999,245442
"ARPO",2000,219560
"ARPO",2001,217516
"ARPO",2002,240622
"ARPO",2003,189524
"ARPO",2004,190906
"ARPO",2005,188850
"ARPO",2006,183322
"ARPO",2007,186144
"ARPO",2008,215684
"ARPO",2009,160800
"ARPO",2010,173560
"ARPO",2011,185630
"ARPO",2012,198588
"ARPO",2013,182106
"ARPO",2014,154300
"ARPO",2015,193510
"ARPO",2016,172020
"ARPO",2017,181078
"ARPO",2018,150630
"ARPO",2019,142604
"ARPO",2020,148264
"ARPO",2021,130216
"ARPO",2022,113948
"ARPO",2023,125162
"ARPO",2024,131012
"ASIS",1979,28543032
"ASIS",1980,32217273
"ASIS",1981,34107034
"ASIS",1982,33860463
"ASIS",1983,37117386
"ASIS",1984,34809853
"ASIS",1985,39337198
"ASIS",1986,41599111
"ASIS",1987,44893936
"ASIS",1988,44848627
"ASIS",1989,41029436
"ASIS",1990,40331499
"ASIS",1991,41304461
"ASIS",1992,37033195
"ASIS",1993,39856460
"ASIS",1994,37739963
"ASIS",1995,37300474
"ASIS",1996,36825850
"ASIS",1997,36765470
"ASIS",1998,36095328
"ASIS",1999,37013827
"ASIS",2000,35860573
"ASIS",2001,37754737
"ASIS",2002,41408062
"ASIS",2003,39361612
"ASIS",2004,40547376
"ASIS",2005,40374551
"ASIS",2006,38293928
"ASIS",2007,41748087
"ASIS",2008,38534023
"ASIS",2009,42142439
"ASIS",2010,40569383
"ASIS",2011,40249991
"ASIS",2012,41482490
"ASIS",2013,39269634
"ASIS",2014,41565694
"ASIS",2015,43331067
"ASIS",2016,43319938
"ASIS",2017,44877472
"ASIS",2018,40752336
"ASIS",2019,44883945
"ASIS",2020,46610762
"ASIS",2021,51058277
"ASIS",2022,44699144
"ASIS",2023,45230206
"ASIS",2024,44018889
"AZRU",1979,290320
"AZRU",1980,284218
"AZRU",1981,324516
"AZRU",1982,304394
"AZRU",1983,308470
"AZRU",1984,291976
"AZRU",1985,290938
"AZRU",1986,312474
"AZRU",1987,309154
"AZRU",1988,397596
"AZRU",1989,434818
"AZRU",1990,404374
"AZRU",1991,452326
"AZRU",1992,477674
"AZRU",1993,421908
"AZRU",1994,410508
"AZRU",1995,368538
"AZRU",1996,336656
"AZRU",1997,316286
"AZRU",1998,320724
"AZRU",1999,297686
"AZRU",2000,264524
"AZRU",2001,235746
"AZRU",2002,240108
"AZRU",2003,214410
"AZRU",2004,228662
"AZRU",2005,222000
"AZRU",2006,206504
"AZRU",2007,200812
"AZRU",2008,195908
"AZRU",2009,195708
"AZRU",2010,191474
"AZRU",2011,210110
"AZRU",2012,227594
"AZRU",2013,213341
"AZRU",2014,231323
"AZRU",2015,281676
"AZRU",2016,297419
"AZRU",2017,271121
"AZRU",2018,282235
"AZRU",2019,329539
"AZRU",2020,157710
"AZRU",2021,292377
"AZRU",2022,258114
"AZRU",2023,238539
"AZRU",2024,200731
"BADL",1979,8757076
"BADL",1980,10011346
"BADL",1981,12477702
"BADL",1982,10785551
"BADL",1983,10773870
"BADL",1984,11698194
"BADL",1985,10050993
"BADL",1986,10846647
"BADL",1987,12320701
"BADL",1988,11736918
"BADL",1989,13067218
"BADL",1990,13920290
"BADL",1991,15361310
"BADL",1992,13344920
"BADL",1993,13116974
"BADL",1994,12783476
"BADL",1995,12118088
"BADL",1996,11386479
"BADL",1997,10743832
"BADL",1998,11094008
"BADL",1999,10708100
"BADL",2000,12350412
"BADL",2001,10695777
"BADL",2002,10063722
"BADL",2003,9803539
"BADL",2004,10409776
"BADL",2005,9969019
"BADL",2006,9223098
"BADL",2007,10112609
"BADL",2008,9215022
"BADL",2009,10449234
"BADL",2010,10592319
"BADL",2011,9751951
"BADL",2012,9821262
"BADL",2013,10392327
"BADL",2014,10260523
"BADL",2015,11356480
"BADL",2016,11757380
"BADL",2017,12265992
"BADL",2018,10982218
"BADL",2019,10567607
"BADL",2020,9922096
"BADL",2021,13071217
"BADL",2022,10841982
"BADL",2023,11159123
"BADL",2024,11921020
"BAND",1979,2489524
"BAND",1980,2617604
"BAND",1981,2900745
"BAND",1982,3154814
"BAND",1983,3009767
"BAND",1984,2970109
"BAND",1985,3389188
"BAND",1986,3215736
"BAND",1987,3720738
"BAND",1988,3396177
"BAND",1989,4065717
"BAND",1990,3758065
"BAND",1991,3795577
"BAND",1992,3910717
"BAND",1993,4023023
"BAND",1994,4510871
"BAND",1995,4172970
"BAND",1996,3499049
"BAND",1997,3789862
"BAND",1998,3527604
"BAND",1999,3498874
"BAND",2000,2430104
"BAND",2001,3077414
"BAND",2002,2941627
"BAND",2003,2847568
"BAND",2004,2608447
"BAND",2005,2502520
"BAND",2006,2392169
"BAND",2007,2233607
"BAND",2008,2120817
"BAND",2009,2243672
"BAND",2010,2086428
"BAND",2011,1887517
"BAND",2012,1594931
"BAND",2013,1470852
"BAND",2014,1505681
"BAND",2015,1842682
"BAND",2016,2163611
"BAND",2017,2344854
"BAND",2018,2378276
"BAND",2019,2305921
"BAND",2020,954786
"BAND",2021,2964686
"BAND",2022,2228413
"BAND",2023,2387788
"BAND",2024,2831679
"BELA",1998,124420
"BELA",1999,132000
"BELA",2000,96200
"BELA",2001,104340
"BELA",2002,94820
"BELA",2003,95710
"BELA",2004,97748
"BELA",2005,92286
"BELA",2006,52662
"BELA",2007,29944
"BELA",2008,32206
"BELA",2009,32564
"BELA",2010,44406
"BELA",2011,36648
"BELA",2012,43866
"BELA",2013,44406
"BELA",2014,44602
"BELA",2015,44406
"BELA",2016,44406
"BELA",2017,44406
"BELA",2018,44406
"BELA",2019,44650
"BELA",2020,121690
"BELA",2021,121690
"BELA",2022,121754
"BELA",2023,121690
"BELA",2024,121754
"BEOL",1979,495958
"BEOL",1980,245484
"BEOL",1981,206296
"BEOL",1982,199432
"BEOL",1983,180778
"BEOL",1984,172484
"BEOL",1985,192942
"BEOL",1986,201472
"BEOL",1987,185374
"BEOL",1988,188364
"BEOL",1989,204808
"BEOL",1990,194444
"BEOL",1991,212268
"BEOL",1992,218742
"BEOL",1993,202214
"BEOL",1994,201224
"BEOL",1995,172522
"BEOL",1996,169382
"BEOL",1997,213244
"BEOL",1998,226086
"BEOL",1999,202480
"BEOL",2000,167538
"BEOL",2001,170434
"BEOL",2002,164070
"BEOL",2003,171860
"BEOL",2004,170304
"BEOL",2005,152684
"BEOL",2006,145662
"BEOL",2007,131738
"BEOL",2008,137508
"BEOL",2009,154724
"BEOL",2010,160162
"BEOL",2011,147634
"BEOL",2012,141982
"BEOL",2013,128280
"BEOL",2014,135048
"BEOL",2015,144204
"BEOL",2016,175712
"BEOL",2017,145182
"BEOL",2018,129590
"BEOL",2019,119206
"BEOL",2020,68410
"BEOL",2021,118716
"BEOL",2022,143310
"BEOL",2023,108448
"BEOL",2024,88562
"BEPA",2016,12886
"BEPA",2017,50406
"BEPA",2018,36248
"BEPA",2019,37714
"BEPA",2020,10224
"BEPA",2021,0
"BEPA",2022,0
"BEPA",2023,8136
"BEPA",2024,30816
"BIBE",1979,17972285
"BIBE",1980,13777996
"BIBE",1981,15356641
"BIBE",1982,16532645
"BIBE",1983,15883938
"BIBE",1984,16426869
"BIBE",1985,17448238
"BIBE",1986,16979280
"BIBE",1987,17957265
"BIBE",1988,16958229
"BIBE",1989,17376588
"BIBE",1990,17553827
"BIBE",1991,19052506
"BIBE",1992,19736922
"BIBE",1993,21838508
"BIBE",1994,21919729
"BIBE",1995,19721455
"BIBE",1996,17847175
"BIBE",1997,19315434
"BIBE",1998,19784919
"BIBE",1999,19531125
"BIBE",2000,16195545
"BIBE",2001,18042475
"BIBE",2002,18871273
"BIBE",2003,17012062
"BIBE",2004,18646868
"BIBE",2005,19462298
"BIBE",2006,16046918
"BIBE",2007,18060741
"BIBE",2008,17828353
"BIBE",2009,18073967
"BIBE",2010,18541953
"BIBE",2011,16922852
"BIBE",2012,15120187
"BIBE",2013,16080945
"BIBE",2014,17138054
"BIBE",2015,20280383
"BIBE",2016,21912765
"BIBE",2017,23486180
"BIBE",2018,22118019
"BIBE",2019,22433392
"BIBE",2020,16690838
"BIBE",2021,23630051
"BIBE",2022,20026140
"BIBE",2023,20552346
"BIBE",2024,24308093
"BICA",1979,4206103
"BICA",1980,4568304
"BICA",1981,4810975
"BICA",1982,5528062
"BICA",1983,5742961
"BICA",1984,5753396
"BICA",1985,7115926
"BICA",1986,6978362
"BICA",1987,6957635
"BICA",1988,6711341
"BICA",1989,6840919
"BICA",1990,6933733
"BICA",1991,7067625
"BICA",1992,6751377
"BICA",1993,4243375
"BICA",1994,4201256
"BICA",1995,3973425
"BICA",1996,3177515
"BICA",1997,1917083
"BICA",1998,2644525
"BICA",1999,2255295
"BICA",2000,2409299
"BICA",2001,2428257
"BICA",2002,1688253
"BICA",2003,2363087
"BICA",2004,1702020
"BICA",2005,2037479
"BICA",2006,1835896
"BICA",2007,2161397
"BICA",2008,1835343
"BICA",2009,2028414
"BICA",2010,2466233
"BICA",2011,1866245
"BICA",2012,2310070
"BICA",2013,2388224
"BICA",2014,2229658
"BICA",2015,2367957
"BICA",2016,2546815
"BICA",2017,2281003
"BICA",2018,2326083
"BICA",2019,2591960
"BICA",2020,2408305
"BICA",2021,2393642
"BICA",2022,2339644
"BICA",2023,2218841
"BICA",2024,2322255
"BICY",1989,592136
"BICY",1990,1079811
"BICY",1991,1292723
"BICY",1992,1871597
"BICY",1993,2472253
"BICY",1994,2967497
"BICY",1995,3490350
"BICY",1996,4275081
"BICY",1997,4568939
"BICY",1998,4675637
"BICY",1999,3942099
"BICY",2000,4619105
"BICY",2001,4892274
"BICY",2002,4950302
"BICY",2003,4391458
"BICY",2004,4244449
"BICY",2005,7490845
"BICY",2006,7134812
"BICY",2007,7715325
"BICY",2008,7616223
"BICY",2009,8194765
"BICY",2010,6258927
"BICY",2011,8592086
"BICY",2012,8513697
"BICY",2013,7893315
"BICY",2014,10395975
"BICY",2015,8966312
"BICY",2016,9786804
"BICY",2017,8096359
"BICY",2018,6509104
"BICY",2019,8853525
"BICY",2020,10984650
"BICY",2021,15932561
"BICY",2022,18198133
"BICY",2023,12131115
"BICY",2024,13851557
"BIHO",1979,244668
"BIHO",1980,197438
"BIHO",1981,241118
"BIHO",1982,231128
"BIHO",1983,246792
"BIHO",1984,206508
"BIHO",1985,185828
"BIHO",1986,216034
"BIHO",1987,179240
"BIHO",1988,230692
"BIHO",1989,257484
"BIHO",1990,232062
"BIHO",1991,280986
"BIHO",1992,295998
"BIHO",1993,314162
"BIHO",1994,332544
"BIHO",1995,324606
"BIHO",1996,344268
"BIHO",1997,307442
"BIHO",1998,345634
"BIHO",1999,324088
"BIHO",2000,191938
"BIHO",2001,297930
"BIHO",2002,317002
"BIHO",2003,307806
"BIHO",2004,313762
"BIHO",2005,289266
"BIHO",2006,306028
"BIHO",2007,275422
"BIHO",2008,269540
"BIHO",2009,257110
"BIHO",2010,240340
"BIHO",2011,209884
"BIHO",2012,175828
"BIHO",2013,185334
"BIHO",2014,194862
"BIHO",2015,195788
"BIHO",2016,205080
"BIHO",2017,181004
"BIHO",2018,284442
"BIHO",2019,223578
"BIHO",2020,211338
"BIHO",2021,149706
"BIHO",2022,258580
"BIHO",2023,262550
"BIHO",2024,216270
"BISC",1979,3489580
"BISC",1980,3837934
"BISC",1981,4292152
"BISC",1982,4740048
"BISC",1983,5028266
"BISC",1984,4876502
"BISC",1985,5813398
"BISC",1986,7663560
"BISC",1987,8008096
"BISC",1988,6506028
"BISC",1989,7080995
"BISC",1990,6506352
"BISC",1991,5135182
"BISC",1992,3233874
"BISC",1993,159600
"BISC",1994,201176
"BISC",1995,4676152
"BISC",1996,2708824
"BISC",1997,3136552
"BISC",1998,3225912
"BISC",1999,3540680
"BISC",2000,3145208
"BISC",2001,3914744
"BISC",2002,4107176
"BISC",2003,3920248
"BISC",2004,3826432
"BISC",2005,4509824
"BISC",2006,5270942
"BISC",2007,4570786
"BISC",2008,5801113
"BISC",2009,3918730
"BISC",2010,4380052
"BISC",2011,4512412
"BISC",2012,4437776
"BISC",2013,4264860
"BISC",2014,4526606
"BISC",2015,4375416
"BISC",2016,4472086
"BISC",2017,3971436
"BISC",2018,4101501
"BISC",2019,5834266
"BISC",2020,3283507
"BISC",2021,5869388
"BISC",2022,5764323
"BISC",2023,4772433
"BISC",2024,4188497
"BISO",1988,9178572
"BISO",1989,10901972
"BISO",1990,12039011
"BISO",1991,13057536
"BISO",1992,11562611
"BISO",1993,11398131
"BISO",1994,12672138
"BISO",1995,13881118
"BISO",1996,13675905
"BISO",1997,13742572
"BISO",1998,13756878
"BISO",1999,14177277
"BISO",2000,14227245
"BISO",2001,15019749
"BISO",2002,14238502
"BISO",2003,12879968
"BISO",2004,12164823
"BISO",2005,12099381
"BISO",2006,11027552
"BISO",2007,11166038
"BISO",2008,11794488
"BISO",2009,11892435
"BISO",2010,11322130
"BISO",2011,10340705
"BISO",2012,10056462
"BISO",2013,9332324
"BISO",2014,9947109
"BISO",2015,10548664
"BISO",2016,11540847
"BISO",2017,12773839
"BISO",2018,12521195
"BISO",2019,12182600
"BISO",2020,12819303
"BISO",2021,14277693
"BISO",2022,13278451
"BISO",2023,12805317
"BISO",2024,12794267
"BITH",1981,177094
"BITH",1982,298882
"BITH",1983,184018
"BITH",1984,747400
"BITH",1985,686568
"BITH",1986,453216
"BITH",1987,477556
"BITH",1988,662448
"BITH",1989,1003332
"BITH",1990,723982
"BITH",1991,586664
"BITH",1992,698012
"BITH",1993,856766
"BITH",1994,1439198
"BITH",1995,1261390
"BITH",1996,1181402
"BITH",1997,782604
"BITH",1998,596830
"BITH",1999,574694
"BITH",2000,569360
"BITH",2001,966908
"BITH",2002,976188
"BITH",2003,987882
"BITH",2004,969770
"BITH",2005,957694
"BITH",2006,941034
"BITH",2007,961624
"BITH",2008,941388
"BITH",2009,1033504
"BITH",2010,1075600
"BITH",2011,1065794
"BITH",2012,1093272
"BITH",2013,1050548
"BITH",2014,1030912
"BITH",2015,1052716
"BITH",2016,1794418
"BITH",2017,1524846
"BITH",2018,2049616
"BITH",2019,2168038
"BITH",2020,2468824
"BITH",2021,2359326
"BITH",2022,2157220
"BITH",2023,2067362
"BITH",2024,2109238
"BLCA",1979,1999161
"BLCA",1980,2572261
"BLCA",1981,2202454
"BLCA",1982,1919492
"BLCA",1983,2205016
"BLCA",1984,1858458
"BLCA",1985,1609569
"BLCA",1986,1741662
"BLCA",1987,1724070
"BLCA",1988,1616284
"BLCA",1989,1740325
"BLCA",1990,1873653
"BLCA",1991,2377750
"BLCA",1992,2586477
"BLCA",1993,2503242
"BLCA",1994,2726687
"BLCA",1995,2643346
"BLCA",1996,2498685
"BLCA",1997,2437679
"BLCA",1998,2294546
"BLCA",1999,2337131
"BLCA",2000,2423414
"BLCA",2001,2355347
"BLCA",2002,2190066
"BLCA",2003,2297092
"BLCA",2004,2382467
"BLCA",2005,2323207
"BLCA",2006,2076996
"BLCA",2007,2597860
"BLCA",2008,2155807
"BLCA",2009,2260554
"BLCA",2010,2372574
"BLCA",2011,2439929
"BLCA",2012,2726678
"BLCA",2013,2552927
"BLCA",2014,2521507
"BLCA",2015,2936680
"BLCA",2016,3763824
"BLCA",2017,4203960
"BLCA",2018,4413718
"BLCA",2019,5348567
"BLCA",2020,4526937
"BLCA",2021,4437469
"BLCA",2022,4056265
"BLCA",2023,4647742
"BLCA",2024,4461620
"BLRI",1979,233341519
"BLRI",1980,269962853
"BLRI",1981,267838556
"BLRI",1982,286664403
"BLRI",1983,301882438
"BLRI",1984,298284849
"BLRI",1985,339366576
"BLRI",1986,338056279
"BLRI",1987,375130196
"BLRI",1988,393334325
"BLRI",1989,243165658
"BLRI",1990,253068333
"BLRI",1991,247524913
"BLRI",1992,262872823
"BLRI",1993,268661599
"BLRI",1994,253543986
"BLRI",1995,260577720
"BLRI",1996,256807981
"BLRI",1997,273530881
"BLRI",1998,283891469
"BLRI",1999,294022426
"BLRI",2000,282778310
"BLRI",2001,294333589
"BLRI",2002,317121792
"BLRI",2003,270553385
"BLRI",2004,265187579
"BLRI",2005,262418466
"BLRI",2006,278383174
"BLRI",2007,256963662
"BLRI",2008,241622408
"BLRI",2009,236511642
"BLRI",2010,216688532
"BLRI",2011,227911813
"BLRI",2012,225625685
"BLRI",2013,191101323
"BLRI",2014,207558290
"BLRI",2015,224289341
"BLRI",2016,226470688
"BLRI",2017,238834681
"BLRI",2018,218567843
"BLRI",2019,223695124
"BLRI",2020,207181572
"BLRI",2021,237393483
"BLRI",2022,233205226
"BLRI",2023,247807144
"BLRI",2024,242669836
"BLUE",1993,362938
"BLUE",1994,462626
"BLUE",1995,444256
"BLUE",1996,452560
"BLUE",1997,474856
"BLUE",1998,398886
"BLUE",1999,410274
"BLUE",2000,362172
"BLUE",2001,390346
"BLUE",2002,385806
"BLUE",2003,352118
"BLUE",2004,277132
"BLUE",2005,316026
"BLUE",2006,322652
"BLUE",2007,336430
"BLUE",2008,328598
"BLUE",2009,321332
"BLUE",2010,264536
"BLUE",2011,291696
"BLUE",2012,257894
"BLUE",2013,253858
"BLUE",2014,269152
"BLUE",2015,257132
"BLUE",2016,238976
"BLUE",2017,224194
"BLUE",2018,219212
"BLUE",2019,263646
"BLUE",2020,176448
"BLUE",2021,186972
"BLUE",2022,98792
"BLUE",2023,151142
"BLUE",2024,51292
"BOAF",1989,340494
"BOAF",1990,707222
"BOAF",1991,676630
"BOAF",1992,912252
"BOAF",1993,796052
"BOAF",1994,1269974
"BOAF",1995,965254
"BOAF",1996,932020
"BOAF",1997,1019958
"BOAF",1998,1025786
"BOAF",1999,1042338
"BOAF",2000,1043978
"BOAF",2001,1050354
"BOAF",2002,784758
"BOAF",2003,608660
"BOAF",2004,619042
"BOAF",2005,846860
"BOAF",2006,665502
"BOAF",2007,696790
"BOAF",2008,739628
"BOAF",2009,782384
"BOAF",2010,857782
"BOAF",2011,2279436
"BOAF",2012,2425488
"BOAF",2013,2316504
"BOAF",2014,2451846
"BOAF",2015,2474262
"BOAF",2016,2485020
"BOAF",2017,2478906
"BOAF",2018,2465358
"BOAF",2019,2517510
"BOAF",2020,537696
"BOAF",2021,1435428
"BOAF",2022,2344590
"BOAF",2023,2339178
"BOAF",2024,2360316
"BOHA",2020,179976
"BOHA",2021,51940
"BOHA",2022,73102
"BOHA",2023,69968
"BOHA",2024,70392
"BOST",1979,6847522
"BOST",1980,6583718
"BOST",1981,5432822
"BOST",1982,5254550
"BOST",1983,6391326
"BOST",1984,5255048
"BOST",1985,5785964
"BOST",1986,5946868
"BOST",1987,8231332
"BOST",1988,8234698
"BOST",1989,8197382
"BOST",1990,8164338
"BOST",1991,7694440
"BOST",1992,8664672
"BOST",1993,7832388
"BOST",1994,8448768
"BOST",1995,6751538
"BOST",1996,9190448
"BOST",1997,10833038
"BOST",1998,11629922
"BOST",1999,9332832
"BOST",2000,10862824
"BOST",2001,7498890
"BOST",2002,6528812
"BOST",2003,5938822
"BOST",2004,7050228
"BOST",2005,7617698
"BOST",2006,8176720
"BOST",2007,8469004
"BOST",2008,8606766
"BOST",2009,8329452
"BOST",2010,8380008
"BOST",2011,9693040
"BOST",2012,10145554
"BOST",2013,8550712
"BOST",2014,9610126
"BOST",2015,8402937
"BOST",2016,9921570
"BOST",2017,12245102
"BOST",2018,11644835
"BOST",2019,11789628
"BOST",2020,974568
"BOST",2021,4239464
"BOST",2022,8012929
"BOST",2023,9268292
"BOST",2024,10012715
"BOWA",1979,103116
"BOWA",1980,104550
"BOWA",1981,92922
"BOWA",1982,94900
"BOWA",1983,105310
"BOWA",1984,112420
"BOWA",1985,93944
"BOWA",1986,107200
"BOWA",1987,112246
"BOWA",1988,110210
"BOWA",1989,98018
"BOWA",1990,135360
"BOWA",1991,105550
"BOWA",1992,124454
"BOWA",1993,129374
"BOWA",1994,130180
"BOWA",1995,125306
"BOWA",1996,100916
"BOWA",1997,115088
"BOWA",1998,113254
"BOWA",1999,131420
"BOWA",2000,133188
"BOWA",2001,130330
"BOWA",2002,114530
"BOWA",2003,105228
"BOWA",2004,104154
"BOWA",2005,92158
"BOWA",2006,103932
"BOWA",2007,111810
"BOWA",2008,113470
"BOWA",2009,110670
"BOWA",2010,117674
"BOWA",2011,135666
"BOWA",2012,141310
"BOWA",2013,125984
"BOWA",2014,154050
"BOWA",2015,148792
"BOWA",2016,151578
"BOWA",2017,155392
"BOWA",2018,143914
"BOWA",2019,146036
"BOWA",2020,90667
"BOWA",2021,76588
"BOWA",2022,86328
"BOWA",2023,120356
"BOWA",2024,100463
"BRCA",1979,11475799
"BRCA",1980,11062053
"BRCA",1981,10811860
"BRCA",1982,10915479
"BRCA",1983,10631582
"BRCA",1984,11274292
"BRCA",1985,10998153
"BRCA",1986,11908993
"BRCA",1987,13461469
"BRCA",1988,14857576
"BRCA",1989,15592219
"BRCA",1990,16000735
"BRCA",1991,17000436
"BRCA",1992,18431262
"BRCA",1993,18583675
"BRCA",1994,21345137
"BRCA",1995,20568454
"BRCA",1996,23548446
"BRCA",1997,22770080
"BRCA",1998,22168407
"BRCA",1999,21417703
"BRCA",2000,21309551
"BRCA",2001,20314148
"BRCA",2002,18054545
"BRCA",2003,17997496
"BRCA",2004,19318613
"BRCA",2005,19160732
"BRCA",2006,17880404
"BRCA",2007,19704516
"BRCA",2008,19555704
"BRCA",2009,22339889
"BRCA",2010,23087742
"BRCA",2011,21796771
"BRCA",2012,23413281
"BRCA",2013,22690891
"BRCA",2014,23733677
"BRCA",2015,27053987
"BRCA",2016,33497965
"BRCA",2017,34693970
"BRCA",2018,34534242
"BRCA",2019,31953342
"BRCA",2020,20865719
"BRCA",2021,28883028
"BRCA",2022,31216968
"BRCA",2023,32780423
"BRCA",2024,33235791
"BRCR",1979,4756
"BRCR",1980,5446
"BRCR",1981,5548
"BRCR",1982,4492
"BRCR",1983,5090
"BRVB",2004,132606
"BRVB",2005,110340
"BRVB",2006,125556
"BRVB",2007,105216
"BRVB",2008,101700
"BRVB",2009,115368
"BRVB",2010,106848
"BRVB",2011,101316
"BRVB",2012,126606
"BRVB",2013,116136
"BRVB",2014,161208
"BRVB",2015,152028
"BRVB",2016,167808
"BRVB",2017,151224
"BRVB",2018,144498
"BRVB",2019,128478
"BRVB",2020,24384
"BRVB",2021,54678
"BRVB",2022,93384
"BRVB",2023,112956
"BRVB",2024,131514
"BUFF",1979,8090247
"BUFF",1980,9180736
"BUFF",1981,9185919
"BUFF",1982,10984270
"BUFF",1983,10574756
"BUFF",1984,8415539
"BUFF",1985,10559876
"BUFF",1986,13970977
"BUFF",1987,13951570
"BUFF",1988,13932341
"BUFF",1989,13923219
"BUFF",1990,12974045
"BUFF",1991,14149015
"BUFF",1992,16741384
"BUFF",1993,14594533
"BUFF",1994,13707854
"BUFF",1995,13490741
"BUFF",1996,12872127
"BUFF",1997,11638139
"BUFF",1998,13081475
"BUFF",1999,14649784
"BUFF",2000,13703023
"BUFF",2001,14415462
"BUFF",2002,14027704
"BUFF",2003,11435643
"BUFF",2004,16691258
"BUFF",2005,13787554
"BUFF",2006,14900945
"BUFF",2007,16826441
"BUFF",2008,18345125
"BUFF",2009,21253011
"BUFF",2010,21413080
"BUFF",2011,16861483
"BUFF",2012,15611878
"BUFF",2013,15350802
"BUFF",2014,18288437
"BUFF",2015,22070696
"BUFF",2016,29132888
"BUFF",2017,22788915
"BUFF",2018,15445489
"BUFF",2019,15963418
"BUFF",2020,18701929
"BUFF",2021,20285037
"BUFF",2022,17716417
"BUFF",2023,19810546
"BUFF",2024,21801118
"BUIS",1979,1158004
"BUIS",1980,948084
"BUIS",1981,607712
"BUIS",1982,611810
"BUIS",1983,638144
"BUIS",1984,580364
"BUIS",1985,785342
"BUIS",1986,931316
"BUIS",1987,1166490
"BUIS",1988,1197090
"BUIS",1989,931588
"BUIS",1990,418960
"BUIS",1991,654846
"BUIS",1992,615776
"BUIS",1993,795718
"BUIS",1994,741590
"BUIS",1995,717312
"BUIS",1996,569810
"BUIS",1997,704192
"BUIS",1998,577044
"BUIS",2002,724776
"BUIS",2003,685578
"BUIS",2004,669434
"BUIS",2005,702686
"BUIS",2006,698580
"BUIS",2007,685900
"BUIS",2008,682838
"BUIS",2009,697318
"BUIS",2010,403358
"BUIS",2011,410914
"BUIS",2012,447830
"BUIS",2013,426024
"BUIS",2014,479612
"BUIS",2015,562762
"BUIS",2016,542652
"BUIS",2017,475862
"BUIS",2018,458100
"BUIS",2019,521978
"BUIS",2020,283530
"BUIS",2021,608968
"BUIS",2022,617364
"BUIS",2023,628562
"BUIS",2024,584656
"CABR",1979,5987046
"CABR",1980,6216464
"CABR",1981,6621666
"CABR",1982,7336654
"CABR",1983,7298900
"CABR",1984,7246702
"CABR",1985,8375466
"CABR",1986,8531956
"CABR",1987,8633472
"CABR",1988,8012258
"CABR",1989,7279696
"CABR",1990,6925930
"CABR",1991,6131502
"CABR",1992,6474340
"CABR",1993,5775528
"CABR",1994,5674176
"CABR",1995,5386158
"CABR",1996,5328532
"CABR",1997,5673462
"CABR",1998,5583052
"CABR",1999,5968976
"CABR",2000,5790518
"CABR",2001,5299304
"CABR",2002,5421078
"CABR",2003,5211906
"CABR",2004,4715126
"CABR",2005,4315888
"CABR",2006,4205836
"CABR",2007,3891756
"CABR",2008,3720242
"CABR",2009,4036182
"CABR",2010,4013720
"CABR",2011,4264642
"CABR",2012,4583670
"CABR",2013,4474332
"CABR",2014,4658457
"CABR",2015,5100227
"CABR",2016,4987164
"CABR",2017,5183373
"CABR",2018,4406445
"CABR",2019,4005451
"CABR",2020,2805181
"CABR",2021,3621899
"CABR",2022,4039276
"CABR",2023,4248021
"CABR",2024,4426393
"CACH",1979,7593012
"CACH",1980,6705655
"CACH",1981,8008849
"CACH",1982,8695542
"CACH",1983,9216566
"CACH",1984,9703146
"CACH",1985,10563785
"CACH",1986,13366247
"CACH",1987,14587067
"CACH",1988,15669266
"CACH",1989,14646679
"CACH",1990,15144767
"CACH",1991,16840311
"CACH",1992,17579855
"CACH",1993,17737061
"CACH",1994,17676467
"CACH",1995,18858905
"CACH",1996,21167003
"CACH",1997,21548909
"CACH",1998,21477812
"CACH",1999,21727750
"CACH",2000,21494018
"CACH",2001,20694878
"CACH",2002,19075978
"CACH",2003,21548957
"CACH",2004,22852403
"CACH",2005,20593754
"CACH",2006,20336957
"CACH",2007,20365091
"CACH",2008,20569499
"CACH",2009,20337239
"CACH",2010,20210896
"CACH",2011,20056462
"CACH",2012,19876328
"CACH",2013,19633066
"CACH",2014,19357768
"CACH",2015,19014828
"CACH",2016,19643939
"CACH",2017,19622656
"CACH",2018,10682619
"CACH",2019,11476666
"CACH",2020,4364459
"CACH",2021,6608989
"CACH",2022,8748272
"CACH",2023,8186874
"CACH",2024,9578857
"CACL",1979,653292
"CACL",1980,496012
"CACL",1981,340938
"CACL",1982,289936
"CACL",1983,374178
"CACL",1984,327172
"CACL",1985,401888
"CACL",1986,6965322
"CACL",1987,9521904
"CACL",1988,8899926
"CACL",1989,10533894
"CACL",1990,10202846
"CACL",1991,11011182
"CACL",1992,10259658
"CACL",1993,9990044
"CACL",1994,10484186
"CACL",1995,11071418
"CACL",1996,11434238
"CACL",1997,12371000
"CACL",1998,13274986
"CACL",1999,13499142
"CACL",2000,13850882
"CACL",2001,10881932
"CACL",2002,8968378
"CACL",2003,8862984
"CACL",2004,8889972
"CACL",2005,10517762
"CACL",2006,10294142
"CACL",2007,10575770
"CACL",2008,11229578
"CACL",2009,12276834
"CACL",2010,12412482
"CACL",2011,11996692
"CACL",2012,9807278
"CACL",2013,6548943
"CACL",2014,14212834
"CACL",2015,13801967
"CACL",2016,14451091
"CACL",2017,14231440
"CACL",2018,13627612
"CACL",2019,13104880
"CACL",2020,1902862
"CACL",2021,4997790
"CACL",2022,10418950
"CACL",2023,11796956
"CACL",2024,11480432
"CACO",1979,23802884
"CACO",1980,28232254
"CACO",1981,29187642
"CACO",1982,22726344
"CACO",1983,26419518
"CACO",1984,28571788
"CACO",1985,26951422
"CACO",1986,24705862
"CACO",1987,30292782
"CACO",1988,32441176
"CACO",1989,31018778
"CACO",1990,33493748
"CACO",1991,32932880
"CACO",1992,31061548
"CACO",1993,31534544
"CACO",1994,32212760
"CACO",1995,31686986
"CACO",1996,29990490
"CACO",1997,28129346
"CACO",1998,29407380
"CACO",1999,30096164
"CACO",2000,27674700
"CACO",2001,26533324
"CACO",2002,27320830
"CACO",2003,25174152
"CACO",2004,25242446
"CACO",2005,22859228
"CACO",2006,27152518
"CACO",2007,27008100
"CACO",2008,27948440
"CACO",2009,25932536
"CACO",2010,28715176
"CACO",2011,27298534
"CACO",2012,27322450
"CACO",2013,27909794
"CACO",2014,27467556
"CACO",2015,27869150
"CACO",2016,29046056
"CACO",2017,25226900
"CACO",2018,23620678
"CACO",2019,24695838
"CACO",2020,24072110
"CACO",2021,23895686
"CACO",2022,23846434
"CACO",2023,22481101
"CACO",2024,22517416
"CAGR",1979,420316
"CAGR",1980,408716
"CAGR",1981,384898
"CAGR",1982,393860
"CAGR",1983,445806
"CAGR",1984,499626
"CAGR",1985,530988
"CAGR",1986,600120
"CAGR",1987,670342
"CAGR",1988,621822
"CAGR",1989,610016
"CAGR",1990,650340
"CAGR",1991,659228
"CAGR",1992,645396
"CAGR",1993,603730
"CAGR",1994,635870
"CAGR",1995,614334
"CAGR",1996,581736
"CAGR",1997,587306
"CAGR",1998,562398
"CAGR",1999,564136
"CAGR",2000,464034
"CAGR",2001,495482
"CAGR",2002,320640
"CAGR",2003,329194
"CAGR",2004,352302
"CAGR",2005,364442
"CAGR",2006,331446
"CAGR",2007,289112
"CAGR",2008,353224
"CAGR",2009,365450
"CAGR",2010,370154
"CAGR",2011,346344
"CAGR",2012,328980
"CAGR",2013,312322
"CAGR",2014,305672
"CAGR",2015,347756
"CAGR",2016,362618
"CAGR",2017,361822
"CAGR",2018,302348
"CAGR",2019,327786
"CAGR",2020,210470
"CAGR",2021,237474
"CAGR",2022,375872
"CAGR",2023,530990
"CAGR",2024,498096
"CAHA",1979,31469758
"CAHA",1980,29588961
"CAHA",1981,27171478
"CAHA",1982,30331254
"CAHA",1983,28413788
"CAHA",1984,23543848
"CAHA",1985,19843975
"CAHA",1986,24058693
"CAHA",1987,24332888
"CAHA",1988,29682210
"CAHA",1989,28914675
"CAHA",1990,27726902
"CAHA",1991,28608428
"CAHA",1992,27194905
"CAHA",1993,28309652
"CAHA",1994,29525627
"CAHA",1995,28440409
"CAHA",1996,27879779
"CAHA",1997,30158923
"CAHA",1998,32147872
"CAHA",1999,30492655
"CAHA",2000,31195461
"CAHA",2001,30723792
"CAHA",2002,34521220
"CAHA",2003,30297644
"CAHA",2004,25682185
"CAHA",2005,26141206
"CAHA",2006,24649206
"CAHA",2007,26167904
"CAHA",2008,25132576
"CAHA",2009,27066013
"CAHA",2010,25592824
"CAHA",2011,22238427
"CAHA",2012,26283003
"CAHA",2013,25518836
"CAHA",2014,24649460
"CAHA",2015,26223902
"CAHA",2016,27527048
"CAHA",2017,27714002
"CAHA",2018,29213225
"CAHA",2019,29946489
"CAHA",2020,35177027
"CAHA",2021,43372922
"CAHA",2022,39357272
"CAHA",2023,39114799
"CAHA",2024,38112820
"CAKR",1982,228320
"CAKR",1983,455170
"CAKR",1984,479100
"CAKR",1985,496220
"CAKR",1986,488790
"CAKR",1987,499110
"CAKR",1988,586240
"CAKR",1989,195660
"CAKR",1990,214134
"CAKR",1991,203190
"CAKR",1992,205994
"CAKR",1993,212644
"CAKR",1994,207938
"CAKR",1995,211262
"CAKR",1996,211851
"CAKR",1997,212086
"CAKR",1998,187480
"CAKR",1999,176796
"CAKR",2000,131484
"CAKR",2001,159802
"CAKR",2002,153114
"CAKR",2003,119466
"CAKR",2004,134428
"CAKR",2005,172608
"CAKR",2006,60808
"CAKR",2007,35510
"CAKR",2008,34348
"CAKR",2009,32898
"CAKR",2010,22942
"CAKR",2011,136718
"CAKR",2012,395900
"CAKR",2013,295650
"CAKR",2014,0
"CAKR",2015,0
"CAKR",2016,263600
"CAKR",2017,263600
"CAKR",2018,272848
"CAKR",2019,289208
"CAKR",2020,692914
"CAKR",2021,710266
"CAKR",2022,892416
"CAKR",2023,881156
"CAKR",2024,851586
"CALO",1979,1331470
"CALO",1980,1635980
"CALO",1981,1336274
"CALO",1982,1612946
"CALO",1983,1776630
"CALO",1984,2095368
"CALO",1985,2803528
"CALO",1986,2923364
"CALO",1987,2107114
"CALO",1988,2237000
"CALO",1989,3030596
"CALO",1990,4342686
"CALO",1991,5025990
"CALO",1992,4659902
"CALO",1993,4312850
"CALO",1994,4008792
"CALO",1995,4550600
"CALO",1996,4726818
"CALO",1997,4718920
"CALO",1998,4926796
"CALO",1999,5888314
"CALO",2000,5065068
"CALO",2001,5265694
"CALO",2002,6334128
"CALO",2003,6397106
"CALO",2004,7169472
"CALO",2005,6201430
"CALO",2006,6934740
"CALO",2007,7382968
"CALO",2008,5839862
"CALO",2009,6510538
"CALO",2010,6073700
"CALO",2011,6041862
"CALO",2012,5777864
"CALO",2013,4379546
"CALO",2014,5284662
"CALO",2015,4251128
"CALO",2016,6378552
"CALO",2017,5469234
"CALO",2018,4424114
"CALO",2019,4555574
"CALO",2020,4679707
"CALO",2021,5393670
"CALO",2022,6925488
"CALO",2023,6859694
"CALO",2024,6848388
"CANA",1979,6057224
"CANA",1980,6467692
"CANA",1981,7870688
"CANA",1982,7569680
"CANA",1983,7572358
"CANA",1984,8316694
"CANA",1985,6784620
"CANA",1986,8003134
"CANA",1987,7301600
"CANA",1988,7308400
"CANA",1989,6626210
"CANA",1990,7625414
"CANA",1991,8184470
"CANA",1992,7313380
"CANA",1993,8595186
"CANA",1994,10142660
"CANA",1995,9767694
"CANA",1996,10622204
"CANA",1997,9769986
"CANA",1998,5011336
"CANA",1999,6015144
"CANA",2000,7908952
"CANA",2001,7595894
"CANA",2002,7669302
"CANA",2003,7465330
"CANA",2004,7453502
"CANA",2005,7151622
"CANA",2006,7152986
"CANA",2007,7386084
"CANA",2008,7065272
"CANA",2009,7105822
"CANA",2010,6871588
"CANA",2011,7157002
"CANA",2012,7072784
"CANA",2013,8036492
"CANA",2014,10298804
"CANA",2015,12000908
"CANA",2016,11535802
"CANA",2017,11303818
"CANA",2018,11734376
"CANA",2019,13274154
"CANA",2020,8230216
"CANA",2021,15705208
"CANA",2022,14994534
"CANA",2023,14308278
"CANA",2024,13329892
"CANE",2021,150832
"CANE",2022,56758
"CANE",2023,57394
"CANE",2024,121504
"CANY",1979,3127626
"CANY",1980,2945473
"CANY",1981,3830840
"CANY",1982,4348004
"CANY",1983,4216301
"CANY",1984,4273243
"CANY",1985,4389058
"CANY",1986,5607122
"CANY",1987,5612828
"CANY",1988,6165110
"CANY",1989,6579074
"CANY",1990,7135658
"CANY",1991,8377318
"CANY",1992,9899710
"CANY",1993,10218168
"CANY",1994,9730929
"CANY",1995,10167725
"CANY",1996,9909313
"CANY",1997,10034178
"CANY",1998,10123927
"CANY",1999,10150599
"CANY",2000,9491427
"CANY",2001,8915800
"CANY",2002,8305781
"CANY",2003,8576863
"CANY",2004,8469716
"CANY",2005,8890606
"CANY",2006,8337359
"CANY",2007,8770674
"CANY",2008,9124727
"CANY",2009,8832184
"CANY",2010,8713401
"CANY",2011,9128012
"CANY",2012,8633643
"CANY",2013,8767698
"CANY",2014,10585546
"CANY",2015,11130134
"CANY",2016,12925033
"CANY",2017,12467412
"CANY",2018,12311282
"CANY",2019,11980654
"CANY",2020,8310977
"CANY",2021,14324267
"CANY",2022,12421687
"CANY",2023,11986410
"CANY",2024,12224944
"CARE",1979,1971787
"CARE",1980,2202406
"CARE",1981,2347364
"CARE",1982,2044091
"CARE",1983,2215533
"CARE",1984,2070326
"CARE",1985,2035535
"CARE",1986,2358933
"CARE",1987,2767780
"CARE",1988,2992200
"CARE",1989,3246984
"CARE",1990,3394410
"CARE",1991,3562505
"CARE",1992,3742048
"CARE",1993,3700671
"CARE",1994,3705752
"CARE",1995,4034836
"CARE",1996,4122992
"CARE",1997,3898262
"CARE",1998,4370614
"CARE",1999,4547359
"CARE",2000,3904642
"CARE",2001,3432097
"CARE",2002,3541664
"CARE",2003,3468467
"CARE",2004,3426946
"CARE",2005,3479074
"CARE",2006,3285335
"CARE",2007,3494461
"CARE",2008,3689419
"CARE",2009,3716200
"CARE",2010,3776267
"CARE",2011,3877883
"CARE",2012,3861709
"CARE",2013,3878516
"CARE",2014,4640809
"CARE",2015,5041830
"CARE",2016,5671777
"CARE",2017,6074113
"CARE",2018,6685679
"CARE",2019,6662140
"CARE",2020,5223172
"CARE",2021,7443438
"CARE",2022,6708401
"CARE",2023,6904317
"CARE",2024,6517540
"CARI",2002,44694
"CARI",2003,50280
"CARI",2004,77598
"CARI",2005,173616
"CARI",2006,206724
"CARI",2007,183506
"CARI",2008,147522
"CARI",2009,164462
"CARI",2010,150684
"CARI",2011,161974
"CARI",2012,169864
"CARI",2013,153342
"CARI",2014,173884
"CARI",2015,185292
"CARI",2016,161170
"CARI",2017,180706
"CARI",2018,161274
"CARI",2019,179530
"CARI",2020,104578
"CARI",2021,89908
"CARI",2022,88856
"CARI",2023,70210
"CARI",2024,75554
"CARL",1979,165650
"CARL",1980,182490
"CARL",1981,214296
"CARL",1982,244174
"CARL",1983,226596
"CARL",1984,236104
"CARL",1985,261072
"CARL",1986,291380
"CARL",1987,258162
"CARL",1988,277178
"CARL",1989,263320
"CARL",1990,259212
"CARL",1991,310252
"CARL",1992,260976
"CARL",1993,261662
"CARL",1994,246788
"CARL",1995,222578
"CARL",1996,199160
"CARL",1997,191856
"CARL",1998,176574
"CARL",1999,168128
"CARL",2000,161852
"CARL",2001,158982
"CARL",2002,176664
"CARL",2003,151220
"CARL",2004,131726
"CARL",2005,123686
"CARL",2006,133712
"CARL",2007,133808
"CARL",2008,313388
"CARL",2009,422754
"CARL",2010,438246
"CARL",2011,453860
"CARL",2012,473532
"CARL",2013,414548
"CARL",2014,416926
"CARL",2015,368064
"CARL",2016,409760
"CARL",2017,369876
"CARL",2018,366340
"CARL",2019,396198
"CARL",2020,228246
"CARL",2021,258368
"CARL",2022,316492
"CARL",2023,745210
"CARL",2024,566810
"CASA",1979,2307838
"CASA",1980,2163762
"CASA",1981,2321748
"CASA",1982,2339890
"CASA",1983,2387796
"CASA",1984,2458296
"CASA",1985,2482296
"CASA",1986,2601700
"CASA",1987,2680414
"CASA",1988,2687780
"CASA",1989,2721474
"CASA",1990,2801042
"CASA",1991,2820050
"CASA",1992,2871174
"CASA",1993,2505342
"CASA",1994,2362610
"CASA",1995,2251386
"CASA",1996,2338702
"CASA",1997,2039564
"CASA",1998,1969562
"CASA",1999,2424352
"CASA",2000,2270852
"CASA",2001,2147130
"CASA",2002,2339042
"CASA",2003,2328580
"CASA",2004,2252582
"CASA",2005,2100882
"CASA",2006,2208160
"CASA",2007,2212166
"CASA",2008,2165688
"CASA",2009,2337240
"CASA",2010,2479918
"CASA",2011,2593648
"CASA",2012,2545354
"CASA",2013,2723448
"CASA",2014,2662478
"CASA",2015,2867042
"CASA",2016,2991324
"CASA",2017,3069412
"CASA",2018,2618202
"CASA",2019,2356884
"CASA",2020,878716
"CASA",2021,1745180
"CASA",2022,2186942
"CASA",2023,2263460
"CASA",2024,2029390
"CATO",1979,4193680
"CATO",1980,3818743
"CATO",1981,3445281
"CATO",1982,3738286
"CATO",1983,3936580
"CATO",1984,3941040
"CATO",1985,4166842
"CATO",1986,4169540
"CATO",1987,3937544
"CATO",1988,4630298
"CATO",1989,4660789
"CATO",1990,5920311
"CATO",1991,6514347
"CATO",1992,5903130
"CATO",1993,6941613
"CATO",1994,7526657
"CATO",1995,6212742
"CATO",1996,5816256
"CATO",1997,5681256
"CATO",1998,5492637
"CATO",1999,5391371
"CATO",2000,5785836
"CATO",2001,5865572
"CATO",2002,5308585
"CATO",2003,6452402
"CATO",2004,7176050
"CATO",2005,5805136
"CATO",2006,5798162
"CATO",2007,6142543
"CATO",2008,5294711
"CATO",2009,5107434
"CATO",2010,4577062
"CATO",2011,3940128
"CATO",2012,3470517
"CATO",2013,2708462
"CATO",2014,3006772
"CATO",2015,3431191
"CATO",2016,3316045
"CATO",2017,3230033
"CATO",2018,3644612
"CATO",2019,3621442
"CATO",2020,4493842
"CATO",2021,4333734
"CATO",2022,4976073
"CATO",2023,4917271
"CATO",2024,4639913
"CAVE",1979,6462946
"CAVE",1980,6435332
"CAVE",1981,7032124
"CAVE",1982,7226376
"CAVE",1983,6684848
"CAVE",1984,6459490
"CAVE",1985,6608836
"CAVE",1986,6574208
"CAVE",1987,6588416
"CAVE",1988,6631190
"CAVE",1989,7447404
"CAVE",1990,6406808
"CAVE",1991,6154870
"CAVE",1992,6231610
"CAVE",1993,6267882
"CAVE",1994,5809256
"CAVE",1995,5816894
"CAVE",1996,5535986
"CAVE",1997,5354762
"CAVE",1998,5170332
"CAVE",1999,5031198
"CAVE",2000,4624038
"CAVE",2001,4489242
"CAVE",2002,4693898
"CAVE",2003,4531444
"CAVE",2004,4135718
"CAVE",2005,4092816
"CAVE",2006,4047090
"CAVE",2007,4071178
"CAVE",2008,3961560
"CAVE",2009,4257592
"CAVE",2010,4208620
"CAVE",2011,3570110
"CAVE",2012,3720450
"CAVE",2013,3802438
"CAVE",2014,3856120
"CAVE",2015,4371050
"CAVE",2016,4550472
"CAVE",2017,5032390
"CAVE",2018,4524926
"CAVE",2019,4257644
"CAVE",2020,1720506
"CAVE",2021,3254786
"CAVE",2022,3748550
"CAVE",2023,3786560
"CAVE",2024,4438342
"CAVO",1979,201168
"CAVO",1980,212030
"CAVO",1981,217300
"CAVO",1982,213784
"CAVO",1983,193048
"CAVO",1984,195054
"CAVO",1985,213384
"CAVO",1986,212600
"CAVO",1987,189480
"CAVO",1988,233192
"CAVO",1989,210748
"CAVO",1990,262940
"CAVO",1991,306076
"CAVO",1992,300516
"CAVO",1993,263650
"CAVO",1994,272284
"CAVO",1995,319476
"CAVO",1996,313832
"CAVO",1997,316594
"CAVO",1998,341678
"CAVO",1999,316756
"CAVO",2000,301110
"CAVO",2001,293350
"CAVO",2002,282882
"CAVO",2003,298060
"CAVO",2004,279346
"CAVO",2005,260360
"CAVO",2006,240646
"CAVO",2007,238854
"CAVO",2008,218662
"CAVO",2009,245794
"CAVO",2010,235932
"CAVO",2011,223988
"CAVO",2012,234868
"CAVO",2013,233048
"CAVO",2014,245192
"CAVO",2015,267508
"CAVO",2016,288208
"CAVO",2017,286037
"CAVO",2018,321947
"CAVO",2019,391985
"CAVO",2020,301229
"CAVO",2021,509853
"CAVO",2022,421164
"CAVO",2023,425939
"CAVO",2024,457608
"CAWO",2017,6170
"CAWO",2018,5932
"CAWO",2019,7190
"CAWO",2020,1694
"CAWO",2021,0
"CAWO",2022,0
"CAWO",2023,0
"CAWO",2024,90
"CEBR",1979,2205156
"CEBR",1980,2461911
"CEBR",1981,2457762
"CEBR",1982,2286807
"CEBR",1983,2034690
"CEBR",1984,2177313
"CEBR",1985,2381424
"CEBR",1986,2637062
"CEBR",1987,2682663
"CEBR",1988,2959668
"CEBR",1989,3005220
"CEBR",1990,2596431
"CEBR",1991,2824386
"CEBR",1992,2452581
"CEBR",1993,3481785
"CEBR",1994,4874274
"CEBR",1995,3596637
"CEBR",1996,3726552
"CEBR",1997,4088028
"CEBR",1998,3852246
"CEBR",1999,4036719
"CEBR",2000,3740940
"CEBR",2001,4614444
"CEBR",2002,3916375
"CEBR",2003,3805930
"CEBR",2004,3429133
"CEBR",2005,3354376
"CEBR",2006,3252710
"CEBR",2007,3395011
"CEBR",2008,3565273
"CEBR",2009,3269344
"CEBR",2010,3454770
"CEBR",2011,3313376
"CEBR",2012,4198445
"CEBR",2013,3042133
"CEBR",2014,5151498
"CEBR",2015,5249325
"CEBR",2016,6048287
"CEBR",2017,6070238
"CEBR",2018,4360417
"CEBR",2019,3965016
"CEBR",2020,5789440
"CEBR",2021,5266854
"CEBR",2022,4653399
"CEBR",2023,3900485
"CEBR",2024,4691752
"CECH",2013,24472
"CECH",2014,26560
"CECH",2015,31944
"CECH",2016,51648
"CECH",2017,46414
"CECH",2018,38312
"CECH",2019,49472
"CECH",2020,17004
"CECH",2021,27490
"CECH",2022,34756
"CECH",2023,36022
"CECH",2024,79916
"CHAM",1979,716108
"CHAM",1980,653452
"CHAM",1981,840614
"CHAM",1982,934352
"CHAM",1983,841632
"CHAM",1984,1029672
"CHAM",1985,1239776
"CHAM",1986,1638686
"CHAM",1987,1758250
"CHAM",1988,1706764
"CHAM",1989,1605366
"CHAM",1990,1598902
"CHAM",1991,1798008
"CHAM",1992,1733394
"CHAM",1993,1432230
"CHAM",1994,1324038
"CHAM",1995,1203460
"CHAM",1996,1027574
"CHAM",1997,1062556
"CHAM",1998,971776
"CHAM",1999,910258
"CHAM",2000,1041160
"CHAM",2001,1191906
"CHAM",2002,1244784
"CHAM",2003,1343670
"CHAM",2004,1267964
"CHAM",2005,1279494
"CHAM",2006,1215966
"CHAM",2007,1124950
"CHAM",2008,1017528
"CHAM",2009,1052076
"CHAM",2010,1153880
"CHAM",2011,728436
"CHAM",2012,620194
"CHAM",2013,864245
"CHAM",2014,977383
"CHAM",2015,930750
"CHAM",2016,1085098
"CHAM",2017,801844
"CHAM",2018,749545
"CHAM",2019,601902
"CHAM",2020,200515
"CHAM",2021,442640
"CHAM",2022,499036
"CHAM",2023,987737
"CHAM",2024,1025104
"CHAT",1980,3469560
"CHAT",1981,4710510
"CHAT",1982,6651920
"CHAT",1983,10819240
"CHAT",1984,8137470
"CHAT",1985,14992530
"CHAT",1986,16703360
"CHAT",1987,15330160
"CHAT",1988,16918100
"CHAT",1989,16681130
"CHAT",1990,17629500
"CHAT",1991,16605630
"CHAT",1992,23252770
"CHAT",1993,28446740
"CHAT",1994,34720260
"CHAT",1995,34570020
"CHAT",1996,35403750
"CHAT",1997,29576980
"CHAT",1998,29350430
"CHAT",1999,28981550
"CHAT",2000,26597090
"CHAT",2001,27512560
"CHAT",2002,28065768
"CHAT",2003,26945398
"CHAT",2004,26721386
"CHAT",2005,25113060
"CHAT",2006,28426710
"CHAT",2007,28360768
"CHAT",2008,28261712
"CHAT",2009,28306544
"CHAT",2010,30113930
"CHAT",2011,31612958
"CHAT",2012,31681374
"CHAT",2013,30398898
"CHAT",2014,31191604
"CHAT",2015,31732024
"CHAT",2016,27363846
"CHAT",2017,27685010
"CHAT",2018,28738654
"CHAT",2019,33931324
"CHAT",2020,30668770
"CHAT",2021,32561520
"CHAT",2022,35378474
"CHAT",2023,31830806
"CHAT",2024,29408038
"CHCH",1979,30211950
"CHCH",1980,31959704
"CHCH",1981,27603044
"CHCH",1982,25074704
"CHCH",1983,29017994
"CHCH",1984,38790384
"CHCH",1985,34261492
"CHCH",1986,35019376
"CHCH",1987,33861614
"CHCH",1988,18719612
"CHCH",1989,21523132
"CHCH",1990,21327322
"CHCH",1991,22374434
"CHCH",1992,23190026
"CHCH",1993,23914904
"CHCH",1994,24285826
"CHCH",1995,25214136
"CHCH",1996,25179652
"CHCH",1997,25666028
"CHCH",1998,25721280
"CHCH",1999,23496204
"CHCH",2000,21863932
"CHCH",2001,18550072
"CHCH",2002,10416210
"CHCH",2003,10298856
"CHCH",2004,7726996
"CHCH",2005,10380130
"CHCH",2006,10554442
"CHCH",2007,11233064
"CHCH",2008,11112600
"CHCH",2009,11203954
"CHCH",2010,11079490
"CHCH",2011,11284260
"CHCH",2012,11757302
"CHCH",2013,10750335
"CHCH",2014,11330215
"CHCH",2015,11377423
"CHCH",2016,11370629
"CHCH",2017,11367130
"CHCH",2018,10431677
"CHCH",2019,10729536
"CHCH",2020,8798806
"CHCH",2021,10780959
"CHCH",2022,10934609
"CHCH",2023,11006280
"CHCH",2024,10912613
"CHCU",1979,970257
"CHCU",1980,1141278
"CHCU",1981,1527788
"CHCU",1982,1455548
"CHCU",1983,1541952
"CHCU",1984,1300683
"CHCU",1985,1098530
"CHCU",1986,1255472
"CHCU",1987,1487891
"CHCU",1988,1637560
"CHCU",1989,2085691
"CHCU",1990,1944944
"CHCU",1991,2242819
"CHCU",1992,2340146
"CHCU",1993,2219214
"CHCU",1994,2485874
"CHCU",1995,2292216
"CHCU",1996,2100232
"CHCU",1997,2609734
"CHCU",1998,2197938
"CHCU",1999,1901566
"CHCU",2000,1643456
"CHCU",2001,1763428
"CHCU",2002,1947167
"CHCU",2003,1852200
"CHCU",2004,1495545
"CHCU",2005,1503076
"CHCU",2006,1285745
"CHCU",2007,1333293
"CHCU",2008,989729
"CHCU",2009,665045
"CHCU",2010,914129
"CHCU",2011,1265035
"CHCU",2012,580797
"CHCU",2013,1014961
"CHCU",2014,1106103
"CHCU",2015,1150085
"CHCU",2016,1837060
"CHCU",2017,2049003
"CHCU",2018,1571094
"CHCU",2019,1386324
"CHCU",2020,154448
"CHCU",2021,886725
"CHCU",2022,1609538
"CHCU",2023,1425752
"CHCU",2024,1416096
"CHIC",1979,19431552
"CHIC",1980,20934028
"CHIC",1981,20022473
"CHIC",1982,24140209
"CHIC",1983,26399256
"CHIC",1984,25296874
"CHIC",1985,28305759
"CHIC",1986,23156238
"CHIC",1987,21154529
"CHIC",1988,21023710
"CHIC",1989,21396879
"CHIC",1990,17278236
"CHIC",1991,15552316
"CHIC",1992,15314549
"CHIC",1993,15571958
"CHIC",1994,16005300
"CHIC",1995,19547670
"CHIC",1996,17993020
"CHIC",1997,19303396
"CHIC",1998,20025295
"CHIC",1999,19984566
"CHIC",2000,17220006
"CHIC",2001,19067081
"CHIC",2002,18619499
"CHIC",2003,17154757
"CHIC",2004,16235128
"CHIC",2005,16511754
"CHIC",2006,16268827
"CHIC",2007,15493854
"CHIC",2008,15113602
"CHIC",2009,15048180
"CHIC",2010,14632725
"CHIC",2011,14781500
"CHIC",2012,16721316
"CHIC",2013,14213175
"CHIC",2014,16096155
"CHIC",2015,16877384
"CHIC",2016,23148711
"CHIC",2017,21725870
"CHIC",2018,20566444
"CHIC",2019,19079125
"CHIC",2020,16455805
"CHIC",2021,20233857
"CHIC",2022,18832674
"CHIC",2023,18857078
"CHIC",2024,14802749
"CHIR",1979,725757
"CHIR",1980,710695
"CHIR",1981,716555
"CHIR",1982,724637
"CHIR",1983,734822
"CHIR",1984,769515
"CHIR",1985,816295
"CHIR",1986,827508
"CHIR",1987,800988
"CHIR",1988,813592
"CHIR",1989,925863
"CHIR",1990,949787
"CHIR",1991,1125125
"CHIR",1992,1279332
"CHIR",1993,1418253
"CHIR",1994,1108536
"CHIR",1995,1167501
"CHIR",1996,1123051
"CHIR",1997,1018442
"CHIR",1998,962416
"CHIR",1999,1163743
"CHIR",2000,1031326
"CHIR",2001,919429
"CHIR",2002,844554
"CHIR",2003,756655
"CHIR",2004,602017
"CHIR",2005,758500
"CHIR",2006,782071
"CHIR",2007,725483
"CHIR",2008,728639
"CHIR",2009,749778
"CHIR",2010,695473
"CHIR",2011,424241
"CHIR",2012,483299
"CHIR",2013,486487
"CHIR",2014,579961
"CHIR",2015,785664
"CHIR",2016,730931
"CHIR",2017,894814
"CHIR",2018,825920
"CHIR",2019,840691
"CHIR",2020,596263
"CHIR",2021,845949
"CHIR",2022,1028053
"CHIR",2023,1007851
"CHIR",2024,1055925
"CHIS",1979,2002622
"CHIS",1980,2739822
"CHIS",1981,2053019
"CHIS",1982,2518049
"CHIS",1983,2756106
"CHIS",1984,5084108
"CHIS",1985,6348086
"CHIS",1986,6714624
"CHIS",1987,6831420
"CHIS",1988,6571484
"CHIS",1989,5962132
"CHIS",1990,5702586
"CHIS",1991,5809244
"CHIS",1992,6632004
"CHIS",1993,7316730
"CHIS",1994,6984092
"CHIS",1995,16725282
"CHIS",1996,14201242
"CHIS",1997,13005904
"CHIS",1998,16496360
"CHIS",1999,18079756
"CHIS",2000,10718100
"CHIS",2001,12837148
"CHIS",2002,16146548
"CHIS",2003,14878410
"CHIS",2004,14074702
"CHIS",2005,12477198
"CHIS",2006,11211142
"CHIS",2007,9330378
"CHIS",2008,7991922
"CHIS",2009,8181058
"CHIS",2010,4889128
"CHIS",2011,4382112
"CHIS",2012,5163048
"CHIS",2013,4106261
"CHIS",2014,8168643
"CHIS",2015,7878682
"CHIS",2016,8149003
"CHIS",2017,9333317
"CHIS",2018,8574129
"CHIS",2019,12017202
"CHIS",2020,6800210
"CHIS",2021,11215645
"CHIS",2022,10770579
"CHIS",2023,9931288
"CHIS",2024,5658095
"CHOH",1979,26129414
"CHOH",1980,27841661
"CHOH",1981,45887557
"CHOH",1982,50756502
"CHOH",1983,52551723
"CHOH",1984,52090307
"CHOH",1985,52241650
"CHOH",1986,38114302
"CHOH",1987,47627828
"CHOH",1988,16008238
"CHOH",1989,13938766
"CHOH",1990,15077419
"CHOH",1991,14879202
"CHOH",1992,48424834
"CHOH",1993,52370481
"CHOH",1994,16357243
"CHOH",1995,20416797
"CHOH",1996,14440934
"CHOH",1997,27199325
"CHOH",1998,28031041
"CHOH",1999,30674019
"CHOH",2000,18762687
"CHOH",2001,25107050
"CHOH",2002,19328451
"CHOH",2003,16912635
"CHOH",2004,17606169
"CHOH",2005,18062582
"CHOH",2006,18295412
"CHOH",2007,16924852
"CHOH",2008,18923981
"CHOH",2009,22694316
"CHOH",2010,24918424
"CHOH",2011,23822348
"CHOH",2012,28492273
"CHOH",2013,29830852
"CHOH",2014,30608654
"CHOH",2015,28981156
"CHOH",2016,29075933
"CHOH",2017,30418930
"CHOH",2018,27733496
"CHOH",2019,31139402
"CHOH",2020,30385760
"CHOH",2021,31507236
"CHOH",2022,27008374
"CHOH",2023,28149580
"CHOH",2024,27785286
"CHPI",1995,66522
"CHPI",1996,146040
"CHPI",1997,243546
"CHPI",1998,252864
"CHPI",1999,193044
"CHPI",2000,144330
"CHPI",2001,175632
"CHPI",2002,177882
"CHPI",2003,137226
"CHPI",2004,114384
"CHPI",2005,221812
"CHPI",2006,219332
"CHPI",2007,248362
"CHPI",2008,264418
"CHPI",2009,260674
"CHPI",2010,264482
"CHPI",2011,271528
"CHPI",2012,265880
"CHPI",2013,283858
"CHPI",2014,320922
"CHPI",2015,281976
"CHPI",2016,319106
"CHPI",2017,322462
"CHPI",2018,206130
"CHPI",2019,212972
"CHPI",2020,142332
"CHPI",2021,149122
"CHPI",2022,75524
"CHPI",2023,192650
"CHPI",2024,185426
"CHRI",1979,271862
"CHRI",1980,313366
"CHRI",1981,318800
"CHRI",1982,510360
"CHRI",1983,512958
"CHRI",1984,278300
"CHRI",1985,485190
"CHRI",1986,731660
"CHRI",1987,427140
"CHRI",1988,588222
"CHRI",1989,404518
"CHRI",1990,313348
"CHRI",1991,345870
"CHRI",1992,397050
"CHRI",1993,355332
"CHRI",1994,365366
"CHRI",1995,361746
"CHRI",1996,342062
"CHRI",1997,332054
"CHRI",1998,327088
"CHRI",1999,316860
"CHRI",2000,302014
"CHRI",2001,346820
"CHRI",2002,335960
"CHRI",2003,328554
"CHRI",2004,339212
"CHRI",2005,330994
"CHRI",2006,312578
"CHRI",2007,312190
"CHRI",2008,331106
"CHRI",2009,358824
"CHRI",2010,357382
"CHRI",2011,374152
"CHRI",2012,407378
"CHRI",2013,371874
"CHRI",2014,342918
"CHRI",2015,372124
"CHRI",2016,371026
"CHRI",2017,308622
"CHRI",2018,340758
"CHRI",2019,327338
"CHRI",2020,72870
"CHRI",2021,285086
"CHRI",2022,300446
"CHRI",2023,330768
"CHRI",2024,380398
"CHSC",2001,84312
"CHSC",2002,91760
"CHSC",2003,93392
"CHSC",2004,115344
"CHSC",2005,177172
"CHSC",2006,141056
"CHSC",2007,227752
"CHSC",2008,169208
"CHSC",2009,240412
"CHSC",2010,198960
"CHSC",2011,264424
"CHSC",2012,255752
"CHSC",2013,456576
"CHSC",2014,463632
"CHSC",2015,503824
"CHSC",2016,518160
"CHSC",2017,681652
"CHSC",2018,596392
"CHSC",2019,675672
"CHSC",2020,273988
"CHSC",2021,339356
"CHSC",2022,368432
"CHSC",2023,234284
"CHSC",2024,255068
"CHYO",2015,24086
"CHYO",2016,55920
"CHYO",2017,73878
"CHYO",2018,154904
"CHYO",2019,83934
"CHYO",2020,16584
"CHYO",2021,33326
"CHYO",2022,15704
"CHYO",2023,13208
"CHYO",2024,18916
"CIRO",1992,879878
"CIRO",1993,757412
"CIRO",1994,727936
"CIRO",1995,700448
"CIRO",1996,610070
"CIRO",1997,648394
"CIRO",1998,547448
"CIRO",1999,651168
"CIRO",2000,596318
"CIRO",2001,613488
"CIRO",2002,705006
"CIRO",2003,718916
"CIRO",2004,689274
"CIRO",2005,605118
"CIRO",2006,694188
"CIRO",2007,715796
"CIRO",2008,773046
"CIRO",2009,869850
"CIRO",2010,832362
"CIRO",2011,861886
"CIRO",2012,890968
"CIRO",2013,854146
"CIRO",2014,853414
"CIRO",2015,947596
"CIRO",2016,970778
"CIRO",2017,1172484
"CIRO",2018,1280260
"CIRO",2019,893790
"CIRO",2020,991820
"CIRO",2021,876380
"CIRO",2022,755954
"CIRO",2023,828536
"CIRO",2024,812094
"CLBA",1979,30080
"CLBA",1980,28816
"CLBA",1981,45156
"CLBA",1982,51500
"CLBA",1983,52524
"CLBA",1984,67160
"CLBA",1985,69260
"CLBA",1986,87744
"CLBA",1987,74368
"CLBA",1988,95972
"CLBA",1989,142324
"CLBA",1990,221876
"CLBA",1991,66388
"CLBA",1992,39712
"CLBA",1993,34560
"CLBA",1994,42072
"CLBA",1995,53292
"CLBA",1996,45364
"CLBA",1997,50744
"CLBA",1998,47968
"CLBA",1999,41752
"CLBA",2000,55036
"CLBA",2001,69528
"CLBA",2002,71112
"CLBA",2003,60004
"CLBA",2004,54052
"CLBA",2005,50116
"CLBA",2006,49980
"CLBA",2007,40424
"CLBA",2008,36028
"CLBA",2009,43944
"CLBA",2010,94964
"CLBA",2011,62480
"CLBA",2012,101388
"CLBA",2013,90948
"CLBA",2014,80112
"CLBA",2015,11292
"CLBA",2016,0
"CLBA",2017,0
"CLBA",2018,1700
"CLBA",2019,16400
"CLBA",2020,1800
"CLBA",2021,0
"CLBA",2022,2692
"CLBA",2023,16892
"CLBA",2024,53336
"COLM",1979,3915178
"COLM",1980,3621472
"COLM",1981,4031868
"COLM",1982,4152776
"COLM",1983,3876939
"COLM",1984,3832521
"COLM",1985,4063599
"COLM",1986,4497974
"COLM",1987,4518841
"COLM",1988,4611793
"COLM",1989,4800991
"COLM",1990,4676717
"COLM",1991,4710515
"COLM",1992,4192839
"COLM",1993,4600536
"COLM",1994,3055066
"COLM",1995,2945718
"COLM",1996,3329306
"COLM",1997,3310461
"COLM",1998,3207145
"COLM",1999,3297543
"COLM",2000,3181763
"COLM",2001,2968830
"COLM",2002,3282928
"COLM",2003,3615358
"COLM",2004,3690244
"COLM",2005,3663860
"COLM",2006,3500193
"COLM",2007,3927128
"COLM",2008,3925170
"COLM",2009,4032898
"COLM",2010,4231872
"COLM",2011,4183248
"COLM",2012,4441922
"COLM",2013,4124821
"COLM",2014,4306457
"COLM",2015,5373941
"COLM",2016,4515926
"COLM",2017,4486205
"COLM",2018,4386113
"COLM",2019,4759382
"COLM",2020,4740477
"COLM",2021,5535895
"COLM",2022,5368606
"COLM",2023,5318157
"COLM",2024,5085827
"COLO",1979,45076546
"COLO",1980,37832164
"COLO",1981,53876176
"COLO",1982,51166596
"COLO",1983,26036650
"COLO",1984,26462724
"COLO",1985,25674580
"COLO",1986,22977382
"COLO",1987,22193768
"COLO",1988,23080374
"COLO",1989,20107754
"COLO",1990,24208310
"COLO",1991,26734910
"COLO",1992,25419412
"COLO",1993,24076952
"COLO",1994,19636340
"COLO",1995,19202354
"COLO",1996,18118754
"COLO",1997,19495242
"COLO",1998,18671180
"COLO",1999,19085482
"COLO",2000,19594286
"COLO",2001,19865030
"COLO",2002,20087066
"COLO",2003,19952218
"COLO",2004,20008598
"COLO",2005,20077026
"COLO",2006,20139760
"COLO",2007,20408358
"COLO",2008,20083376
"COLO",2009,20002720
"COLO",2010,20419486
"COLO",2011,20185738
"COLO",2012,20132144
"COLO",2013,20329293
"COLO",2014,19948769
"COLO",2015,19990854
"COLO",2016,20145201
"COLO",2017,20070007
"COLO",2018,19794104
"COLO",2019,20022409
"COLO",2020,17290844
"COLO",2021,18333950
"COLO",2022,16361929
"COLO",2023,15396875
"COLO",2024,14832063
"CONG",1985,88004
"CONG",1986,116394
"CONG",1987,147658
"CONG",1988,189198
"CONG",1989,167784
"CONG",1990,159386
"CONG",1991,219658
"CONG",1992,280752
"CONG",1993,472674
"CONG",1994,582158
"CONG",1995,578620
"CONG",1996,531026
"CONG",1997,599664
"CONG",1998,782266
"CONG",1999,707974
"CONG",2000,834126
"CONG",2001,1012252
"CONG",2002,857820
"CONG",2003,901932
"CONG",2004,1074834
"CONG",2005,758696
"CONG",2006,1165804
"CONG",2007,1044896
"CONG",2008,1010152
"CONG",2009,1150834
"CONG",2010,1178860
"CONG",2011,1192462
"CONG",2012,1104116
"CONG",2013,1149034
"CONG",2014,1093650
"CONG",2015,854502
"CONG",2016,1425514
"CONG",2017,1748836
"CONG",2018,1555638
"CONG",2019,1680064
"CONG",2020,1220976
"CONG",2021,2329620
"CONG",2022,2254805
"CONG",2023,2532018
"CONG",2024,2474139
"CORO",1979,211822
"CORO",1980,151326
"CORO",1981,226356
"CORO",1982,214588
"CORO",1983,187764
"CORO",1984,204322
"CORO",1985,175368
"CORO",1986,251638
"CORO",1987,248374
"CORO",1988,276128
"CORO",1989,203784
"CORO",1990,204716
"CORO",1991,222502
"CORO",1992,248478
"CORO",1993,444526
"CORO",1994,416276
"CORO",1995,432696
"CORO",1996,447444
"CORO",1997,435132
"CORO",1998,441420
"CORO",1999,425018
"CORO",2000,404308
"CORO",2001,439274
"CORO",2002,422728
"CORO",2003,386480
"CORO",2004,384418
"CORO",2005,376272
"CORO",2006,309542
"CORO",2007,388772
"CORO",2008,367800
"CORO",2009,434918
"CORO",2010,605252
"CORO",2011,638248
"CORO",2012,426996
"CORO",2013,429316
"CORO",2014,503303
"CORO",2015,552495
"CORO",2016,567273
"CORO",2017,551456
"CORO",2018,448988
"CORO",2019,578951
"CORO",2020,659850
"CORO",2021,575836
"CORO",2022,557021
"CORO",2023,563247
"CORO",2024,650707
"COWP",1979,196102
"COWP",1980,214412
"COWP",1981,182886
"COWP",1982,178944
"COWP",1983,202854
"COWP",1984,296148
"COWP",1985,336292
"COWP",1986,355664
"COWP",1987,344022
"COWP",1988,343456
"COWP",1989,372984
"COWP",1990,450124
"COWP",1991,476996
"COWP",1992,584338
"COWP",1993,485286
"COWP",1994,591892
"COWP",1995,541528
"COWP",1996,614316
"COWP",1997,630416
"COWP",1998,562368
"COWP",1999,588832
"COWP",2000,679272
"COWP",2001,704202
"COWP",2002,715658
"COWP",2003,756858
"COWP",2004,651980
"COWP",2005,662618
"COWP",2006,433586
"COWP",2007,683366
"COWP",2008,844790
"COWP",2009,801056
"COWP",2010,828462
"COWP",2011,801030
"COWP",2012,842324
"COWP",2013,826442
"COWP",2014,756628
"COWP",2015,795736
"COWP",2016,832906
"COWP",2017,850340
"COWP",2018,751910
"COWP",2019,829526
"COWP",2020,820226
"COWP",2021,743582
"COWP",2022,807108
"COWP",2023,855720
"COWP",2024,604790
"CRLA",1979,6380927
"CRLA",1980,7068728
"CRLA",1981,7335541
"CRLA",1982,6396290
"CRLA",1983,4767672
"CRLA",1984,9001088
"CRLA",1985,5575884
"CRLA",1986,5440870
"CRLA",1987,6487950
"CRLA",1988,6226143
"CRLA",1989,5923619
"CRLA",1990,5552652
"CRLA",1991,6473811
"CRLA",1992,6638926
"CRLA",1993,5166207
"CRLA",1994,6151726
"CRLA",1995,6398497
"CRLA",1996,5677504
"CRLA",1997,5489204
"CRLA",1998,6986863
"CRLA",1999,6445843
"CRLA",2000,6788906
"CRLA",2001,7283548
"CRLA",2002,7288205
"CRLA",2003,7246369
"CRLA",2004,6729616
"CRLA",2005,6268853
"CRLA",2006,6023055
"CRLA",2007,7118217
"CRLA",2008,6530675
"CRLA",2009,7289692
"CRLA",2010,7307830
"CRLA",2011,6963541
"CRLA",2012,7543289
"CRLA",2013,8462402
"CRLA",2014,8491371
"CRLA",2015,9654791
"CRLA",2016,10775160
"CRLA",2017,9428568
"CRLA",2018,9976716
"CRLA",2019,8494529
"CRLA",2020,7889298
"CRLA",2021,8177858
"CRLA",2022,7044780
"CRLA",2023,8201308
"CRLA",2024,7414556
"CRMO",1979,1612098
"CRMO",1980,1382891
"CRMO",1981,1816028
"CRMO",1982,2102050
"CRMO",1983,1725728
"CRMO",1984,1644769
"CRMO",1985,1300911
"CRMO",1986,1354584
"CRMO",1987,1667745
"CRMO",1988,1685719
"CRMO",1989,1525998
"CRMO",1990,1688209
"CRMO",1991,1819715
"CRMO",1992,2020881
"CRMO",1993,2000663
"CRMO",1994,1894854
"CRMO",1995,1973701
"CRMO",1996,1803657
"CRMO",1997,1782261
"CRMO",1998,1610486
"CRMO",1999,1772223
"CRMO",2000,1666217
"CRMO",2001,1485440
"CRMO",2002,1497532
"CRMO",2003,1440978
"CRMO",2004,1483514
"CRMO",2005,1627088
"CRMO",2006,1434093
"CRMO",2007,1728789
"CRMO",2008,1731039
"CRMO",2009,1603205
"CRMO",2010,1758930
"CRMO",2011,1630722
"CRMO",2012,1615336
"CRMO",2013,1670622
"CRMO",2014,1756946
"CRMO",2015,2039024
"CRMO",2016,1876478
"CRMO",2017,2290717
"CRMO",2018,2144906
"CRMO",2019,2140936
"CRMO",2020,2005956
"CRMO",2021,2245787
"CRMO",2022,1977271
"CRMO",2023,2076007
"CRMO",2024,2461151
"CUGA",1979,2105630
"CUGA",1980,2113809
"CUGA",1981,1963508
"CUGA",1982,2968082
"CUGA",1983,3028150
"CUGA",1984,2934726
"CUGA",1985,2994401
"CUGA",1986,5243441
"CUGA",1987,5112348
"CUGA",1988,5264386
"CUGA",1989,6217250
"CUGA",1990,6419339
"CUGA",1991,6517208
"CUGA",1992,6353304
"CUGA",1993,6381032
"CUGA",1994,6698755
"CUGA",1995,7251966
"CUGA",1996,7408230
"CUGA",1997,8604914
"CUGA",1998,25666554
"CUGA",1999,28743011
"CUGA",2000,27893644
"CUGA",2001,26990102
"CUGA",2002,27097712
"CUGA",2003,28543348
"CUGA",2004,36755137
"CUGA",2005,39305587
"CUGA",2006,37786598
"CUGA",2007,37156818
"CUGA",2008,33885301
"CUGA",2009,31679828
"CUGA",2010,32572368
"CUGA",2011,30464636
"CUGA",2012,31509768
"CUGA",2013,29740968
"CUGA",2014,33651164
"CUGA",2015,32409462
"CUGA",2016,32582871
"CUGA",2017,31246977
"CUGA",2018,32045574
"CUGA",2019,31137943
"CUGA",2020,30869640
"CUGA",2021,34506392
"CUGA",2022,23914234
"CUGA",2023,23769784
"CUGA",2024,23536599
"CUIS",1979,545867
"CUIS",1980,533969
"CUIS",1981,575360
"CUIS",1982,1080063
"CUIS",1983,1061076
"CUIS",1984,948038
"CUIS",1985,847410
"CUIS",1986,881406
"CUIS",1987,953983
"CUIS",1988,1451474
"CUIS",1989,1666647
"CUIS",1990,1741972
"CUIS",1991,1789801
"CUIS",1992,1776818
"CUIS",1993,1793473
"CUIS",1994,1858000
"CUIS",1995,1690274
"CUIS",1996,1808869
"CUIS",1997,1933345
"CUIS",1998,1840282
"CUIS",1999,1768794
"CUIS",2000,1667056
"CUIS",2001,1768357
"CUIS",2002,1645025
"CUIS",2003,1604193
"CUIS",2004,1504919
"CUIS",2005,1483280
"CUIS",2006,1363578
"CUIS",2007,1770288
"CUIS",2008,1755086
"CUIS",2009,1678182
"CUIS",2010,1792789
"CUIS",2011,1645611
"CUIS",2012,1633074
"CUIS",2013,1673512
"CUIS",2014,1763793
"CUIS",2015,1813012
"CUIS",2016,1710121
"CUIS",2017,1608614
"CUIS",2018,2090692
"CUIS",2019,2022721
"CUIS",2020,1121706
"CUIS",2021,2107853
"CUIS",2022,1894461
"CUIS",2023,1959491
"CUIS",2024,1717543
"CURE",1979,7365289
"CURE",1980,7938588
"CURE",1981,8667776
"CURE",1982,8755948
"CURE",1983,8961990
"CURE",1984,7599784
"CURE",1985,8543425
"CURE",1986,10262402
"CURE",1987,9457932
"CURE",1988,8873268
"CURE",1989,13425592
"CURE",1990,13371242
"CURE",1991,13522314
"CURE",1992,12713017
"CURE",1993,12338530
"CURE",1994,11839720
"CURE",1995,11396788
"CURE",1996,11611866
"CURE",1997,11281028
"CURE",1998,11504432
"CURE",1999,12003844
"CURE",2000,11974306
"CURE",2001,9923500
"CURE",2002,7912546
"CURE",2003,10062806
"CURE",2004,10617774
"CURE",2005,9350874
"CURE",2006,9883900
"CURE",2007,10241682
"CURE",2008,10779896
"CURE",2009,10287898
"CURE",2010,10326644
"CURE",2011,9871246
"CURE",2012,9304206
"CURE",2013,8517576
"CURE",2014,9663642
"CURE",2015,10137992
"CURE",2016,10515176
"CURE",2017,11687908
"CURE",2018,10743478
"CURE",2019,9710792
"CURE",2020,10516650
"CURE",2021,11291602
"CURE",2022,10196478
"CURE",2023,10446464
"CURE",2024,10418936
"CUVA",1979,3802950
"CUVA",1980,3943100
"CUVA",1981,4218600
"CUVA",1982,4075024
"CUVA",1983,5974146
"CUVA",1984,6097606
"CUVA",1985,6148098
"CUVA",1986,6543188
"CUVA",1987,6757046
"CUVA",1988,7711268
"CUVA",1989,6921302
"CUVA",1990,6830222
"CUVA",1991,8368796
"CUVA",1992,9529796
"CUVA",1993,16163658
"CUVA",1994,25215066
"CUVA",1995,26055950
"CUVA",1996,27896996
"CUVA",1997,27898192
"CUVA",1998,27484152
"CUVA",1999,26149300
"CUVA",2000,27310894
"CUVA",2001,25217982
"CUVA",2002,26612316
"CUVA",2003,23735866
"CUVA",2004,27931370
"CUVA",2005,20610666
"CUVA",2006,19919262
"CUVA",2007,19891188
"CUVA",2008,20930330
"CUVA",2009,19244298
"CUVA",2010,19653740
"CUVA",2011,17329694
"CUVA",2012,18664954
"CUVA",2013,17065058
"CUVA",2014,17543356
"CUVA",2015,18183086
"CUVA",2016,19064372
"CUVA",2017,17249254
"CUVA",2018,16746092
"CUVA",2019,17604896
"CUVA",2020,19666732
"CUVA",2021,19276706
"CUVA",2022,22149422
"CUVA",2023,22774608
"CUVA",2024,21940416
"DAAV",1996,235572
"DAAV",1997,208236
"DAAV",1998,232428
"DAAV",1999,200684
"DAAV",2000,218768
"DAAV",2001,292914
"DAAV",2002,242940
"DAAV",2003,603698
"DAAV",2004,303416
"DAAV",2005,235566
"DAAV",2006,248280
"DAAV",2007,263404
"DAAV",2008,252816
"DAAV",2009,276784
"DAAV",2010,303586
"DAAV",2011,325246
"DAAV",2012,315018
"DAAV",2013,280316
"DAAV",2014,273792
"DAAV",2015,351170
"DAAV",2016,451262
"DAAV",2017,472722
"DAAV",2018,451370
"DAAV",2019,449870
"DAAV",2020,180060
"DAAV",2021,305752
"DAAV",2022,386044
"DAAV",2023,426196
"DAAV",2024,427264
"DDEM",2020,561984
"DDEM",2021,1877216
"DDEM",2022,2281812
"DDEM",2023,2002476
"DDEM",2024,2194430
"DENA",1979,5250387
"DENA",1980,5167939
"DENA",1981,5684298
"DENA",1982,5763630
"DENA",1983,6967394
"DENA",1984,8785375
"DENA",1985,7300645
"DENA",1986,11274989
"DENA",1987,12251021
"DENA",1988,11906538
"DENA",1989,12346062
"DENA",1990,13574347
"DENA",1991,10209541
"DENA",1992,15901424
"DENA",1993,15484167
"DENA",1994,16248338
"DENA",1995,16085377
"DENA",1996,14007846
"DENA",1997,14621837
"DENA",1998,14587308
"DENA",1999,14866078
"DENA",2000,14371399
"DENA",2001,13921776
"DENA",2002,11367834
"DENA",2003,14339772
"DENA",2004,15978386
"DENA",2005,15449597
"DENA",2006,15396054
"DENA",2007,16179387
"DENA",2008,15940185
"DENA",2009,13987175
"DENA",2010,15521398
"DENA",2011,16785537
"DENA",2012,16488686
"DENA",2013,17559950
"DENA",2014,17554705
"DENA",2015,18736805
"DENA",2016,19788715
"DENA",2017,20280563
"DENA",2018,16345212
"DENA",2019,16546453
"DENA",2020,3406179
"DENA",2021,10164541
"DENA",2022,13922007
"DENA",2023,15184912
"DENA",2024,14489755
"DEPO",1979,1213996
"DEPO",1980,1021920
"DEPO",1981,921114
"DEPO",1982,840562
"DEPO",1983,799257
"DEPO",1984,1205898
"DEPO",1985,1125302
"DEPO",1986,929593
"DEPO",1987,1253188
"DEPO",1988,1227242
"DEPO",1989,1296956
"DEPO",1990,1619500
"DEPO",1991,1508104
"DEPO",1992,973132
"DEPO",1993,1414727
"DEPO",1994,1152394
"DEPO",1995,1127263
"DEPO",1996,1323365
"DEPO",1997,1463067
"DEPO",1998,1250503
"DEPO",1999,1590957
"DEPO",2000,1549983
"DEPO",2001,1574986
"DEPO",2002,1515446
"DEPO",2003,1234024
"DEPO",2004,1175878
"DEPO",2005,757449
"DEPO",2006,1104697
"DEPO",2007,1259229
"DEPO",2008,1367806
"DEPO",2009,1192424
"DEPO",2010,896368
"DEPO",2011,1039211
"DEPO",2012,947855
"DEPO",2013,960602
"DEPO",2014,1181105
"DEPO",2015,1403817
"DEPO",2016,1218634
"DEPO",2017,986136
"DEPO",2018,1257526
"DEPO",2019,1330770
"DEPO",2020,977308
"DEPO",2021,1308476
"DEPO",2022,1300084
"DEPO",2023,775184
"DEPO",2024,847936
"DESO",1979,956898
"DESO",1980,918272
"DESO",1981,878092
"DESO",1982,1047512
"DESO",1983,1172024
"DESO",1984,1176186
"DESO",1985,1071928
"DESO",1986,1111900
"DESO",1987,1113596
"DESO",1988,808614
"DESO",1989,619752
"DESO",1990,784160
"DESO",1991,960972
"DESO",1992,1090278
"DESO",1993,1145322
"DESO",1994,1327042
"DESO",1995,1121214
"DESO",1996,1092494
"DESO",1997,1174654
"DESO",1998,1283800
"DESO",1999,1460178
"DESO",2000,1343134
"DESO",2001,1172796
"DESO",2002,1029064
"DESO",2003,1440210
"DESO",2004,1254602
"DESO",2005,1272908
"DESO",2006,1301158
"DESO",2007,1382470
"DESO",2008,1409502
"DESO",2009,1307018
"DESO",2010,1406650
"DESO",2011,1884958
"DESO",2012,2294798
"DESO",2013,1483598
"DESO",2014,1812804
"DESO",2015,1556330
"DESO",2016,1232054
"DESO",2017,1236776
"DESO",2018,1118264
"DESO",2019,995766
"DESO",2020,1039404
"DESO",2021,1178612
"DESO",2022,917694
"DESO",2023,1229026
"DESO",2024,821586
"DETO",1979,1552473
"DETO",1980,1466305
"DETO",1981,2038921
"DETO",1982,1858306
"DETO",1983,1889719
"DETO",1984,1570076
"DETO",1985,1544448
"DETO",1986,2043055
"DETO",1987,2299823
"DETO",1988,2399192
"DETO",1989,2460633
"DETO",1990,2972625
"DETO",1991,3161052
"DETO",1992,3179080
"DETO",1993,2950348
"DETO",1994,3150759
"DETO",1995,4108412
"DETO",1996,3546289
"DETO",1997,3151785
"DETO",1998,3139093
"DETO",1999,3188689
"DETO",2000,2931684
"DETO",2001,2964771
"DETO",2002,3184000
"DETO",2003,3132930
"DETO",2004,3055833
"DETO",2005,2899462
"DETO",2006,2600474
"DETO",2007,2555006
"DETO",2008,2882734
"DETO",2009,3150182
"DETO",2010,3529869
"DETO",2011,3161221
"DETO",2012,3198941
"DETO",2013,3206903
"DETO",2014,3416172
"DETO",2015,3789509
"DETO",2016,3990724
"DETO",2017,4032041
"DETO",2018,3799965
"DETO",2019,3527307
"DETO",2020,2888400
"DETO",2021,3920364
"DETO",2022,3450826
"DETO",2023,3662948
"DETO",2024,3972445
"DEVA",1979,17657288
"DEVA",1980,16723488
"DEVA",1981,17313390
"DEVA",1982,18896817
"DEVA",1983,18556712
"DEVA",1984,17158174
"DEVA",1985,16568904
"DEVA",1986,16557934
"DEVA",1987,17256340
"DEVA",1988,18463763
"DEVA",1989,17195958
"DEVA",1990,16932988
"DEVA",1991,16945580
"DEVA",1992,18478647
"DEVA",1993,19229146
"DEVA",1994,19074155
"DEVA",1995,20471238
"DEVA",1996,20621958
"DEVA",1997,19906664
"DEVA",1998,20675483
"DEVA",1999,21387136
"DEVA",2000,20250022
"DEVA",2001,18046426
"DEVA",2002,16669986
"DEVA",2003,18388020
"DEVA",2004,14651109
"DEVA",2005,16703660
"DEVA",2006,15110718
"DEVA",2007,14101429
"DEVA",2008,16230287
"DEVA",2009,16100226
"DEVA",2010,18411234
"DEVA",2011,17969444
"DEVA",2012,17241863
"DEVA",2013,16225028
"DEVA",2014,18254633
"DEVA",2015,19393611
"DEVA",2016,23069542
"DEVA",2017,22695081
"DEVA",2018,27799934
"DEVA",2019,28462662
"DEVA",2020,15154846
"DEVA",2021,20580577
"DEVA",2022,20389690
"DEVA",2023,19291799
"DEVA",2024,24586151
"DEWA",1979,21284018
"DEWA",1980,28301720
"DEWA",1981,28473188
"DEWA",1982,25408712
"DEWA",1983,31737486
"DEWA",1984,32137966
"DEWA",1985,30072468
"DEWA",1986,30090406
"DEWA",1987,35414286
"DEWA",1988,39613884
"DEWA",1989,40702406
"DEWA",1990,36827604
"DEWA",1991,46894172
"DEWA",1992,45018354
"DEWA",1993,47313764
"DEWA",1994,53706970
"DEWA",1995,52514232
"DEWA",1996,51817284
"DEWA",1997,53160948
"DEWA",1998,55265962
"DEWA",1999,55362424
"DEWA",2000,54641132
"DEWA",2001,54357132
"DEWA",2002,56150392
"DEWA",2003,54726310
"DEWA",2004,54623358
"DEWA",2005,55244246
"DEWA",2006,57801090
"DEWA",2007,52613038
"DEWA",2008,56341384
"DEWA",2009,57112336
"DEWA",2010,57626532
"DEWA",2011,54784646
"DEWA",2012,54199912
"DEWA",2013,53287980
"DEWA",2014,44771008
"DEWA",2015,41589486
"DEWA",2016,39075134
"DEWA",2017,36297310
"DEWA",2018,34757078
"DEWA",2019,35706830
"DEWA",2020,41966578
"DEWA",2021,44990664
"DEWA",2022,45631998
"DEWA",2023,44178968
"DEWA",2024,43272428
"DINO",1979,4045060
"DINO",1980,4435069
"DINO",1981,4505913
"DINO",1982,4684146
"DINO",1983,4774201
"DINO",1984,4840899
"DINO",1985,4702234
"DINO",1986,4877463
"DINO",1987,5112170
"DINO",1988,5414429
"DINO",1989,5347432
"DINO",1990,5417134
"DINO",1991,5295800
"DINO",1992,6032854
"DINO",1993,6340688
"DINO",1994,5993325
"DINO",1995,6447415
"DINO",1996,6223037
"DINO",1997,5993925
"DINO",1998,5659337
"DINO",1999,5626113
"DINO",2000,5487057
"DINO",2001,4697167
"DINO",2002,4179938
"DINO",2003,4239083
"DINO",2004,4713696
"DINO",2005,5031226
"DINO",2006,4239645
"DINO",2007,3794013
"DINO",2008,3876105
"DINO",2009,3632247
"DINO",2010,3783593
"DINO",2011,3334437
"DINO",2012,3888553
"DINO",2013,3927359
"DINO",2014,4019229
"DINO",2015,4436596
"DINO",2016,4427396
"DINO",2017,4276731
"DINO",2018,4273195
"DINO",2019,4444950
"DINO",2020,3337964
"DINO",2021,4858118
"DINO",2022,5013180
"DINO",2023,5131227
"DINO",2024,4990710
"DRTO",1979,1045352
"DRTO",1980,958019
"DRTO",1981,996185
"DRTO",1982,1111497
"DRTO",1983,993021
"DRTO",1984,998056
"DRTO",1985,1043958
"DRTO",1986,1240210
"DRTO",1987,1262139
"DRTO",1988,1449180
"DRTO",1989,1459895
"DRTO",1990,1607664
"DRTO",1991,1764880
"DRTO",1992,2109484
"DRTO",1993,2017649
"DRTO",1994,1546337
"DRTO",1995,1368366
"DRTO",1996,1467568
"DRTO",1997,1659290
"DRTO",1998,1916074
"DRTO",1999,2241000
"DRTO",2000,2561759
"DRTO",2001,2464033
"DRTO",2002,2240188
"DRTO",2003,1944520
"DRTO",2004,1849300
"DRTO",2005,1672138
"DRTO",2006,1769776
"DRTO",2007,1597138
"DRTO",2008,1786360
"DRTO",2009,1485840
"DRTO",2010,1478556
"DRTO",2011,2040714
"DRTO",2012,1632022
"DRTO",2013,1582220
"DRTO",2014,1694662
"DRTO",2015,2095406
"DRTO",2016,2149560
"DRTO",2017,1529706
"DRTO",2018,1698912
"DRTO",2019,1495272
"DRTO",2020,914230
"DRTO",2021,1504694
"DRTO",2022,1444672
"DRTO",2023,1505266
"DRTO",2024,1488014
"EDAL",1980,10196
"EDAL",1981,56220
"EDAL",1982,50380
"EDAL",1983,55432
"EDAL",1984,72712
"EDAL",1985,61016
"EDAL",1986,49460
"EDAL",1987,46736
"EDAL",1988,56640
"EDAL",1989,48956
"EDAL",1990,46552
"EDAL",1991,52136
"EDAL",1992,64232
"EDAL",1993,55292
"EDAL",1994,59156
"EDAL",1995,53772
"EDAL",1996,62196
"EDAL",1997,70528
"EDAL",1998,55860
"EDAL",1999,67184
"EDAL",2000,2520
"EDAL",2001,50208
"EDAL",2002,49256
"EDAL",2003,43320
"EDAL",2004,44020
"EDAL",2005,47516
"EDAL",2006,49636
"EDAL",2007,57032
"EDAL",2008,51844
"EDAL",2009,69852
"EDAL",2010,66336
"EDAL",2011,58844
"EDAL",2012,76416
"EDAL",2013,23536
"EDAL",2014,54804
"EDAL",2015,55448
"EDAL",2016,59308
"EDAL",2017,59512
"EDAL",2018,65256
"EDAL",2019,62108
"EDAL",2020,9672
"EDAL",2021,0
"EDAL",2022,42904
"EDAL",2023,61892
"EDAL",2024,32524
"EDIS",1979,331892
"EDIS",1980,278960
"EDIS",1981,281930
"EDIS",1982,277440
"EDIS",1983,246496
"EDIS",1984,254274
"EDIS",1985,195594
"EDIS",1986,217438
"EDIS",1987,246132
"EDIS",1988,339678
"EDIS",1989,335606
"EDIS",1990,307776
"EDIS",1991,345660
"EDIS",1992,345412
"EDIS",1993,284654
"EDIS",1994,266880
"EDIS",1995,263256
"EDIS",1996,243352
"EDIS",1997,312584
"EDIS",1998,283076
"EDIS",1999,125786
"EDIS",2000,60300
"EDIS",2001,252564
"EDIS",2002,260922
"EDIS",2003,16498
"EDIS",2004,0
"EDIS",2005,0
"EDIS",2006,44996
"EDIS",2007,42334
"EDIS",2008,117970
"EDIS",2009,99084
"EDIS",2010,435318
"EDIS",2011,167050
"EDIS",2012,157242
"EDIS",2013,137738
"EDIS",2014,147654
"EDIS",2015,166590
"EDIS",2016,161224
"EDIS",2017,273530
"EDIS",2018,225890
"EDIS",2019,191458
"EDIS",2020,28466
"EDIS",2021,71570
"EDIS",2022,158402
"EDIS",2023,181765
"EDIS",2024,164551
"EFMO",1979,296158
"EFMO",1980,418064
"EFMO",1981,452240
"EFMO",1982,514066
"EFMO",1983,569208
"EFMO",1984,517250
"EFMO",1985,522390
"EFMO",1986,481344
"EFMO",1987,496248
"EFMO",1988,596110
"EFMO",1989,619134
"EFMO",1990,648706
"EFMO",1991,721834
"EFMO",1992,811956
"EFMO",1993,592768
"EFMO",1994,651802
"EFMO",1995,509638
"EFMO",1996,660306
"EFMO",1997,538824
"EFMO",1998,496726
"EFMO",1999,565712
"EFMO",2000,545754
"EFMO",2001,561734
"EFMO",2002,528228
"EFMO",2003,560416
"EFMO",2004,657824
"EFMO",2005,622632
"EFMO",2006,634192
"EFMO",2007,620676
"EFMO",2008,483674
"EFMO",2009,550052
"EFMO",2010,561054
"EFMO",2011,580644
"EFMO",2012,552358
"EFMO",2013,500090
"EFMO",2014,547258
"EFMO",2015,576108
"EFMO",2016,543178
"EFMO",2017,471854
"EFMO",2018,391838
"EFMO",2019,461882
"EFMO",2020,130380
"EFMO",2021,469948
"EFMO",2022,397760
"EFMO",2023,435368
"EFMO",2024,436640
"EISE",1980,984900
"EISE",1981,1089732
"EISE",1982,895298
"EISE",1983,895474
"EISE",1984,833410
"EISE",1985,829946
"EISE",1986,795868
"EISE",1987,718128
"EISE",1988,714024
"EISE",1989,691460
"EISE",1990,691428
"EISE",1991,661664
"EISE",1992,547068
"EISE",1993,537350
"EISE",1994,632678
"EISE",1995,543806
"EISE",1996,447460
"EISE",1997,394252
"EISE",1998,407006
"EISE",1999,388506
"EISE",2000,399988
"EISE",2001,389098
"EISE",2002,397894
"EISE",2003,358890
"EISE",2004,375810
"EISE",2005,351880
"EISE",2006,365264
"EISE",2007,362686
"EISE",2008,367938
"EISE",2009,333904
"EISE",2010,318294
"EISE",2011,301714
"EISE",2012,277086
"EISE",2013,307728
"EISE",2014,302846
"EISE",2015,282760
"EISE",2016,288860
"EISE",2017,263104
"EISE",2018,218586
"EISE",2019,245840
"EISE",2020,41218
"EISE",2021,87960
"EISE",2022,115700
"EISE",2023,513948
"EISE",2024,642024
"ELMA",1988,237700
"ELMA",1989,538972
"ELMA",1990,805642
"ELMA",1991,702516
"ELMA",1992,783464
"ELMA",1993,935132
"ELMA",1994,1038798
"ELMA",1995,1037152
"ELMA",1996,1062134
"ELMA",1997,1113742
"ELMA",1998,984718
"ELMA",1999,1116542
"ELMA",2000,805370
"ELMA",2001,1215218
"ELMA",2002,1184522
"ELMA",2003,1535840
"ELMA",2004,1386810
"ELMA",2005,1189956
"ELMA",2006,1099480
"ELMA",2007,1128530
"ELMA",2008,1174066
"ELMA",2009,1252230
"ELMA",2010,1374250
"ELMA",2011,1071200
"ELMA",2012,1149102
"ELMA",2013,1380906
"ELMA",2014,1642416
"ELMA",2015,1746140
"ELMA",2016,1576208
"ELMA",2017,1617054
"ELMA",2018,1545490
"ELMA",2019,1591038
"ELMA",2020,1395142
"ELMA",2021,1819086
"ELMA",2022,1629348
"ELMA",2023,1672874
"ELMA",2024,1638584
"ELMO",1979,211223
"ELMO",1980,213931
"ELMO",1981,188794
"ELMO",1982,212368
"ELMO",1983,204856
"ELMO",1984,217465
"ELMO",1985,408375
"ELMO",1986,485313
"ELMO",1987,510573
"ELMO",1988,553787
"ELMO",1989,589907
"ELMO",1990,591431
"ELMO",1991,615503
"ELMO",1992,717517
"ELMO",1993,683182
"ELMO",1994,738759
"ELMO",1995,692534
"ELMO",1996,616271
"ELMO",1997,604664
"ELMO",1998,622226
"ELMO",1999,611644
"ELMO",2000,514183
"ELMO",2001,562318
"ELMO",2002,512127
"ELMO",2003,472776
"ELMO",2004,529758
"ELMO",2005,451594
"ELMO",2006,455749
"ELMO",2007,462399
"ELMO",2008,414715
"ELMO",2009,444319
"ELMO",2010,448047
"ELMO",2011,396463
"ELMO",2012,391234
"ELMO",2013,356328
"ELMO",2014,409785
"ELMO",2015,469830
"ELMO",2016,512472
"ELMO",2017,567240
"ELMO",2018,606227
"ELMO",2019,626491
"ELMO",2020,328811
"ELMO",2021,598149
"ELMO",2022,540828
"ELMO",2023,460462
"ELMO",2024,480630
"ELRO",1985,154062
"ELRO",1986,151566
"ELRO",1987,143536
"ELRO",1988,144696
"ELRO",1989,182150
"ELRO",1990,214160
"ELRO",1991,388154
"ELRO",1992,446818
"ELRO",1993,450684
"ELRO",1994,415000
"ELRO",1995,424400
"ELRO",1996,469998
"ELRO",1997,426136
"ELRO",1998,426742
"ELRO",1999,328524
"ELRO",2000,384794
"ELRO",2001,430066
"ELRO",2002,355950
"ELRO",2003,294222
"ELRO",2004,268832
"ELRO",2005,263456
"ELRO",2006,72468
"ELRO",2007,299236
"ELRO",2008,268162
"ELRO",2009,271972
"ELRO",2010,265332
"ELRO",2011,250364
"ELRO",2012,275244
"ELRO",2013,218434
"ELRO",2014,302288
"ELRO",2015,323946
"ELRO",2016,317402
"ELRO",2017,338108
"ELRO",2018,273240
"ELRO",2019,238156
"ELRO",2020,47878
"ELRO",2021,62062
"ELRO",2022,95384
"ELRO",2023,85948
"ELRO",2024,118492
"EUON",1985,15832
"EUON",1986,14818
"EUON",1987,27552
"EUON",1988,30718
"EUON",1989,28562
"EUON",1990,28132
"EUON",1991,25498
"EUON",1992,28722
"EUON",1993,22938
"EUON",1994,21820
"EUON",1995,23670
"EUON",1996,31404
"EUON",1997,27952
"EUON",1998,30094
"EUON",1999,29734
"EUON",2000,36860
"EUON",2001,38334
"EUON",2002,59206
"EUON",2003,39646
"EUON",2004,32332
"EUON",2005,32890
"EUON",2006,64458
"EUON",2007,18824
"EUON",2008,26536
"EUON",2009,30546
"EUON",2010,71452
"EUON",2011,20286
"EUON",2012,19444
"EUON",2013,18388
"EUON",2014,17984
"EUON",2015,23526
"EUON",2016,23494
"EUON",2017,21418
"EUON",2018,20332
"EUON",2019,18992
"EUON",2020,45244
"EUON",2021,73332
"EUON",2022,67722
"EUON",2023,58446
"EUON",2024,64670
"EVER",1979,13829136
"EVER",1980,12844219
"EVER",1981,10237555
"EVER",1982,12499764
"EVER",1983,11684274
"EVER",1984,11343232
"EVER",1985,10611695
"EVER",1986,13974513
"EVER",1987,15116954
"EVER",1988,16576070
"EVER",1989,17686439
"EVER",1990,17917766
"EVER",1991,20389138
"EVER",1992,13464226
"EVER",1993,13610704
"EVER",1994,12553213
"EVER",1995,12030256
"EVER",1996,14165722
"EVER",1997,13493279
"EVER",1998,14471688
"EVER",1999,14404977
"EVER",2000,14868607
"EVER",2001,15498687
"EVER",2002,15265461
"EVER",2003,14912179
"EVER",2004,15278923
"EVER",2005,13002152
"EVER",2006,8788967
"EVER",2007,11482102
"EVER",2008,8983498
"EVER",2009,9143584
"EVER",2010,9048047
"EVER",2011,8635702
"EVER",2012,9800109
"EVER",2013,9198763
"EVER",2014,9851236
"EVER",2015,10609591
"EVER",2016,9002347
"EVER",2017,9632065
"EVER",2018,6395970
"EVER",2019,12310488
"EVER",2020,10113172
"EVER",2021,11649104
"EVER",2022,14637964
"EVER",2023,11789250
"EVER",2024,9705396
"FEHA",1979,257766
"FEHA",1980,293750
"FEHA",1981,317690
"FEHA",1982,343882
"FEHA",1983,352798
"FEHA",1984,478372
"FEHA",1985,898156
"FEHA",1986,2495102
"FEHA",1987,1440808
"FEHA",1988,1281392
"FEHA",1989,1012412
"FEHA",1990,914552
"FEHA",1991,605626
"FEHA",1992,486214
"FEHA",1993,425538
"FEHA",1994,601774
"FEHA",1995,633414
"FEHA",1996,834556
"FEHA",1997,661352
"FEHA",1998,827516
"FEHA",1999,706070
"FEHA",2000,786354
"FEHA",2001,669366
"FEHA",2002,630392
"FEHA",2003,406416
"FEHA",2004,513548
"FEHA",2005,0
"FEHA",2006,38400
"FEHA",2007,426332
"FEHA",2008,675036
"FEHA",2009,745886
"FEHA",2010,624454
"FEHA",2011,607408
"FEHA",2012,574446
"FEHA",2013,460949
"FEHA",2014,448141
"FEHA",2015,599033
"FEHA",2016,1111078
"FEHA",2017,1155857
"FEHA",2018,819674
"FEHA",2019,920671
"FEHA",2020,49170
"FEHA",2021,14595
"FEHA",2022,158137
"FEHA",2023,320623
"FEHA",2024,278224
"FIIS",1979,7540780
"FIIS",1980,7539798
"FIIS",1981,5278153
"FIIS",1982,5572769
"FIIS",1983,5550315
"FIIS",1984,5232990
"FIIS",1985,5142307
"FIIS",1986,5202424
"FIIS",1987,7803945
"FIIS",1988,6937358
"FIIS",1989,7947381
"FIIS",1990,6126090
"FIIS",1991,8408815
"FIIS",1992,6461191
"FIIS",1993,6824614
"FIIS",1994,6117112
"FIIS",1995,6042711
"FIIS",1996,5228392
"FIIS",1997,6565752
"FIIS",1998,7263198
"FIIS",1999,7627553
"FIIS",2000,7414702
"FIIS",2001,7711985
"FIIS",2002,8036420
"FIIS",2003,6717927
"FIIS",2004,8359266
"FIIS",2005,7358006
"FIIS",2006,6580506
"FIIS",2007,7727494
"FIIS",2008,7684488
"FIIS",2009,7156152
"FIIS",2010,7500416
"FIIS",2011,6796412
"FIIS",2012,6327662
"FIIS",2013,5145162
"FIIS",2014,5227934
"FIIS",2015,5939042
"FIIS",2016,6262324
"FIIS",2017,5399883
"FIIS",2018,4540272
"FIIS",2019,5358360
"FIIS",2020,4184671
"FIIS",2021,4042803
"FIIS",2022,5301625
"FIIS",2023,4428156
"FIIS",2024,4349166
"FILA",2006,67314
"FILA",2007,65286
"FILA",2008,58620
"FILA",2009,62796
"FILA",2010,52596
"FILA",2011,49524
"FILA",2012,59418
"FILA",2013,60408
"FILA",2014,91956
"FILA",2015,77382
"FILA",2016,80268
"FILA",2017,78510
"FILA",2018,68682
"FILA",2019,65478
"FILA",2020,14436
"FILA",2021,39372
"FILA",2022,42876
"FILA",2023,67122
"FILA",2024,75852
"FLFO",1979,159124
"FLFO",1980,252090
"FLFO",1981,243566
"FLFO",1982,238092
"FLFO",1983,237008
"FLFO",1984,286964
"FLFO",1985,554698
"FLFO",1986,984172
"FLFO",1987,1162194
"FLFO",1988,1223182
"FLFO",1989,1298992
"FLFO",1990,735760
"FLFO",1991,326980
"FLFO",1992,392396
"FLFO",1993,363986
"FLFO",1994,447416
"FLFO",1995,410256
"FLFO",1996,407560
"FLFO",1997,388084
"FLFO",1998,357070
"FLFO",1999,366368
"FLFO",2000,368884
"FLFO",2001,357386
"FLFO",2002,281002
"FLFO",2003,303304
"FLFO",2004,274218
"FLFO",2005,266686
"FLFO",2006,250884
"FLFO",2007,250418
"FLFO",2008,254238
"FLFO",2009,287840
"FLFO",2010,293068
"FLFO",2011,276626
"FLFO",2012,281460
"FLFO",2013,262890
"FLFO",2014,284078
"FLFO",2015,309694
"FLFO",2016,329452
"FLFO",2017,320132
"FLFO",2018,353842
"FLFO",2019,344012
"FLFO",2020,269804
"FLFO",2021,331250
"FLFO",2022,297380
"FLFO",2023,281906
"FLFO",2024,324398
"FLNI",2007,574900
"FLNI",2008,544364
"FLNI",2009,598672
"FLNI",2010,551348
"FLNI",2011,1060984
"FLNI",2012,1271704
"FLNI",2013,1063696
"FLNI",2014,1136904
"FLNI",2015,1348868
"FLNI",2016,1540492
"FLNI",2017,1456328
"FLNI",2018,2097956
"FLNI",2019,2261736
"FLNI",2020,1344002
"FLNI",2021,2333230
"FLNI",2022,1906080
"FLNI",2023,2077954
"FLNI",2024,1922612
"FOBO",1979,36190
"FOBO",1980,31762
"FOBO",1981,31096
"FOBO",1982,30430
"FOBO",1983,29622
"FOBO",1984,30390
"FOBO",1985,34014
"FOBO",1986,49596
"FOBO",1987,40632
"FOBO",1988,43238
"FOBO",1989,45384
"FOBO",1990,45552
"FOBO",1991,48954
"FOBO",1992,55422
"FOBO",1993,55152
"FOBO",1994,66132
"FOBO",1995,63444
"FOBO",1996,63996
"FOBO",1997,57738
"FOBO",1998,55008
"FOBO",1999,56340
"FOBO",2000,53388
"FOBO",2001,53148
"FOBO",2002,49740
"FOBO",2003,50670
"FOBO",2004,56898
"FOBO",2005,57936
"FOBO",2006,64074
"FOBO",2007,60162
"FOBO",2008,60570
"FOBO",2009,57846
"FOBO",2010,56946
"FOBO",2011,50574
"FOBO",2012,47796
"FOBO",2013,48492
"FOBO",2014,41784
"FOBO",2015,46560
"FOBO",2016,48078
"FOBO",2017,50946
"FOBO",2018,50406
"FOBO",2019,45462
"FOBO",2020,38736
"FOBO",2021,55680
"FOBO",2022,47478
"FOBO",2023,50218
"FOBO",2024,51140
"FOBU",1979,59376
"FOBU",1980,42866
"FOBU",1981,49634
"FOBU",1982,73744
"FOBU",1983,77402
"FOBU",1984,51512
"FOBU",1985,56068
"FOBU",1986,56576
"FOBU",1987,73372
"FOBU",1988,75226
"FOBU",1989,71890
"FOBU",1990,113564
"FOBU",1991,116496
"FOBU",1992,102974
"FOBU",1993,114426
"FOBU",1994,130676
"FOBU",1995,139648
"FOBU",1996,102672
"FOBU",1997,114602
"FOBU",1998,121724
"FOBU",1999,119080
"FOBU",2000,112998
"FOBU",2001,106194
"FOBU",2002,102470
"FOBU",2003,95852
"FOBU",2004,93572
"FOBU",2005,89806
"FOBU",2006,83356
"FOBU",2007,106710
"FOBU",2008,94098
"FOBU",2009,97708
"FOBU",2010,100340
"FOBU",2011,92746
"FOBU",2012,86824
"FOBU",2013,89029
"FOBU",2014,87669
"FOBU",2015,96720
"FOBU",2016,105854
"FOBU",2017,142255
"FOBU",2018,101706
"FOBU",2019,98518
"FOBU",2020,69701
"FOBU",2021,105875
"FOBU",2022,91236
"FOBU",2023,98811
"FOBU",2024,115302
"FOCA",1979,676836
"FOCA",1980,514476
"FOCA",1981,443376
"FOCA",1982,606428
"FOCA",1983,561844
"FOCA",1984,580548
"FOCA",1985,656580
"FOCA",1986,543532
"FOCA",1987,337828
"FOCA",1988,331840
"FOCA",1989,366700
"FOCA",1990,403588
"FOCA",1991,529752
"FOCA",1992,520112
"FOCA",1993,518584
"FOCA",1994,647964
"FOCA",1995,497620
"FOCA",1996,490260
"FOCA",1997,521544
"FOCA",1998,517204
"FOCA",1999,704920
"FOCA",2000,759792
"FOCA",2001,781212
"FOCA",2002,738300
"FOCA",2003,722624
"FOCA",2004,686020
"FOCA",2005,582944
"FOCA",2006,896456
"FOCA",2007,1002464
"FOCA",2008,1119936
"FOCA",2009,1154424
"FOCA",2010,1199624
"FOCA",2011,1304596
"FOCA",2012,1309356
"FOCA",2013,1228344
"FOCA",2014,751372
"FOCA",2015,897672
"FOCA",2016,928328
"FOCA",2017,975840
"FOCA",2018,813104
"FOCA",2019,750632
"FOCA",2020,1617904
"FOCA",2021,1295408
"FOCA",2022,1317452
"FOCA",2023,1296016
"FOCA",2024,1041400
"FODA",1979,298212
"FODA",1980,287262
"FODA",1981,327772
"FODA",1982,370836
"FODA",1983,342408
"FODA",1984,327630
"FODA",1985,322802
"FODA",1986,303526
"FODA",1987,280474
"FODA",1988,285718
"FODA",1989,289232
"FODA",1990,297728
"FODA",1991,355238
"FODA",1992,397332
"FODA",1993,404240
"FODA",1994,397912
"FODA",1995,343754
"FODA",1996,363334
"FODA",1997,357760
"FODA",1998,364230
"FODA",1999,327886
"FODA",2000,287118
"FODA",2001,282578
"FODA",2002,286842
"FODA",2003,280310
"FODA",2004,277704
"FODA",2005,268512
"FODA",2006,249884
"FODA",2007,273648
"FODA",2008,251586
"FODA",2009,265254
"FODA",2010,245798
"FODA",2011,181566
"FODA",2012,229662
"FODA",2013,261502
"FODA",2014,309950
"FODA",2015,337784
"FODA",2016,372186
"FODA",2017,391464
"FODA",2018,308202
"FODA",2019,315264
"FODA",2020,230840
"FODA",2021,307686
"FODA",2022,273804
"FODA",2023,242168
"FODA",2024,256650
"FODO",1979,2576296
"FODO",1980,2909904
"FODO",1981,2522718
"FODO",1982,2047266
"FODO",1983,2523016
"FODO",1984,2478460
"FODO",1985,2586664
"FODO",1986,2798338
"FODO",1987,2628966
"FODO",1988,2676590
"FODO",1989,2916416
"FODO",1990,3036322
"FODO",1991,1847320
"FODO",1992,2048568
"FODO",1993,2010192
"FODO",1994,1957306
"FODO",1995,1982192
"FODO",1996,1883462
"FODO",1997,1864468
"FODO",1998,1900272
"FODO",1999,1935764
"FODO",2000,1850700
"FODO",2001,1793858
"FODO",2002,1823924
"FODO",2003,1826382
"FODO",2004,1807754
"FODO",2005,1728896
"FODO",2006,1848256
"FODO",2007,1891522
"FODO",2008,1662264
"FODO",2009,1465158
"FODO",2010,1616538
"FODO",2011,1639604
"FODO",2012,1827846
"FODO",2013,2037725
"FODO",2014,2025400
"FODO",2015,1979361
"FODO",2016,1978239
"FODO",2017,1559096
"FODO",2018,1591126
"FODO",2019,1965607
"FODO",2020,2163317
"FODO",2021,1844369
"FODO",2022,1508224
"FODO",2023,1500046
"FODO",2024,1449942
"FOFR",1979,1557564
"FOFR",1980,1209176
"FOFR",1981,1077858
"FOFR",1982,1011256
"FOFR",1983,1107458
"FOFR",1984,1085236
"FOFR",1985,997996
"FOFR",1986,1124998
"FOFR",1987,1174796
"FOFR",1988,1097388
"FOFR",1989,1235370
"FOFR",1990,1237686
"FOFR",1991,1302728
"FOFR",1992,1311584
"FOFR",1993,1347736
"FOFR",1994,1314586
"FOFR",1995,1209978
"FOFR",1996,1245474
"FOFR",1997,1350718
"FOFR",1998,1126652
"FOFR",1999,1135448
"FOFR",2000,985654
"FOFR",2001,1172686
"FOFR",2002,976466
"FOFR",2003,982134
"FOFR",2004,1020336
"FOFR",2005,1467012
"FOFR",2006,1276788
"FOFR",2007,1067724
"FOFR",2008,1001448
"FOFR",2009,1194430
"FOFR",2010,1187870
"FOFR",2011,1182066
"FOFR",2012,1058280
"FOFR",2013,878834
"FOFR",2014,921116
"FOFR",2015,816992
"FOFR",2016,779680
"FOFR",2017,760322
"FOFR",2018,742250
"FOFR",2019,857730
"FOFR",2020,856386
"FOFR",2021,418300
"FOFR",2022,989882
"FOFR",2023,1153848
"FOFR",2024,981090
"FOLA",1979,535616
"FOLA",1980,450938
"FOLA",1981,608078
"FOLA",1982,476500
"FOLA",1983,487258
"FOLA",1984,450548
"FOLA",1985,409688
"FOLA",1986,431870
"FOLA",1987,428024
"FOLA",1988,396672
"FOLA",1989,328436
"FOLA",1990,336290
"FOLA",1991,332508
"FOLA",1992,373490
"FOLA",1993,471594
"FOLA",1994,400568
"FOLA",1995,298246
"FOLA",1996,273848
"FOLA",1997,339300
"FOLA",1998,267630
"FOLA",1999,276212
"FOLA",2000,230094
"FOLA",2001,218476
"FOLA",2002,252202
"FOLA",2003,254108
"FOLA",2004,270022
"FOLA",2005,234108
"FOLA",2006,205084
"FOLA",2007,203150
"FOLA",2008,243318
"FOLA",2009,286448
"FOLA",2010,287470
"FOLA",2011,266404
"FOLA",2012,277808
"FOLA",2013,272111
"FOLA",2014,247009
"FOLA",2015,259898
"FOLA",2016,289041
"FOLA",2017,309385
"FOLA",2018,263884
"FOLA",2019,216277
"FOLA",2020,132158
"FOLA",2021,216337
"FOLA",2022,200106
"FOLA",2023,240268
"FOLA",2024,225076
"FOLS",1979,137448
"FOLS",1980,144216
"FOLS",1981,135696
"FOLS",1982,146514
"FOLS",1983,264860
"FOLS",1984,309048
"FOLS",1985,263346
"FOLS",1986,261860
"FOLS",1987,217284
"FOLS",1988,288072
"FOLS",1989,256410
"FOLS",1990,230494
"FOLS",1991,280896
"FOLS",1992,317748
"FOLS",1993,284478
"FOLS",1994,276750
"FOLS",1995,289860
"FOLS",1996,275910
"FOLS",1997,261378
"FOLS",1998,261180
"FOLS",1999,255432
"FOLS",2000,240006
"FOLS",2001,213486
"FOLS",2002,239520
"FOLS",2003,211902
"FOLS",2004,222762
"FOLS",2005,189306
"FOLS",2006,189072
"FOLS",2007,182826
"FOLS",2008,128898
"FOLS",2009,164658
"FOLS",2010,176538
"FOLS",2011,160224
"FOLS",2012,199164
"FOLS",2013,164592
"FOLS",2014,147642
"FOLS",2015,193020
"FOLS",2016,186360
"FOLS",2017,175128
"FOLS",2018,175038
"FOLS",2019,161748
"FOLS",2020,131370
"FOLS",2021,176652
"FOLS",2022,157314
"FOLS",2023,156678
"FOLS",2024,157314
"FOMA",1979,986214
"FOMA",1980,995498
"FOMA",1981,1056854
"FOMA",1982,967926
"FOMA",1983,979110
"FOMA",1984,1179884
"FOMA",1985,1306878
"FOMA",1986,1448706
"FOMA",1987,1415670
"FOMA",1988,1296524
"FOMA",1989,1497584
"FOMA",1990,1449770
"FOMA",1991,1342152
"FOMA",1992,1356432
"FOMA",1993,1518414
"FOMA",1994,1969780
"FOMA",1995,1831592
"FOMA",1996,1846298
"FOMA",1997,2162254
"FOMA",1998,2037978
"FOMA",1999,2334676
"FOMA",2000,2564850
"FOMA",2001,2747978
"FOMA",2002,2879414
"FOMA",2003,3813348
"FOMA",2004,3698064
"FOMA",2005,4029242
"FOMA",2006,3709916
"FOMA",2007,3344534
"FOMA",2008,3275228
"FOMA",2009,3189806
"FOMA",2010,2713348
"FOMA",2011,2305084
"FOMA",2012,2020654
"FOMA",2013,2121026
"FOMA",2014,2294968
"FOMA",2015,2507666
"FOMA",2016,2256634
"FOMA",2017,2333296
"FOMA",2018,2453426
"FOMA",2019,2390362
"FOMA",2020,2221382
"FOMA",2021,2289976
"FOMA",2022,2825836
"FOMA",2023,2860540
"FOMA",2024,2739974
"FOMC",1979,2719882
"FOMC",1980,3075490
"FOMC",1981,3364870
"FOMC",1982,3429380
"FOMC",1983,3618648
"FOMC",1984,3864818
"FOMC",1985,3980924
"FOMC",1986,4052736
"FOMC",1987,2733964
"FOMC",1988,2882128
"FOMC",1989,2959042
"FOMC",1990,2811166
"FOMC",1991,2817376
"FOMC",1992,2941370
"FOMC",1993,2594362
"FOMC",1994,2880902
"FOMC",1995,3022046
"FOMC",1996,3056824
"FOMC",1997,3307872
"FOMC",1998,3425788
"FOMC",1999,3412226
"FOMC",2000,3456074
"FOMC",2001,3236042
"FOMC",2002,3371270
"FOMC",2003,3038946
"FOMC",2004,3140456
"FOMC",2005,3105342
"FOMC",2006,3114256
"FOMC",2007,2876782
"FOMC",2008,2992410
"FOMC",2009,3031508
"FOMC",2010,3060068
"FOMC",2011,3208432
"FOMC",2012,3722542
"FOMC",2013,3394310
"FOMC",2014,3848652
"FOMC",2015,3091614
"FOMC",2016,3057096
"FOMC",2017,2961474
"FOMC",2018,2432722
"FOMC",2019,2099886
"FOMC",2020,818274
"FOMC",2021,752530
"FOMC",2022,1121938
"FOMC",2023,2151994
"FOMC",2024,1973038
"FONE",1979,518742
"FONE",1980,602268
"FONE",1981,697172
"FONE",1982,750098
"FONE",1983,616634
"FONE",1984,792882
"FONE",1985,689110
"FONE",1986,723190
"FONE",1987,658060
"FONE",1988,621982
"FONE",1989,773766
"FONE",1990,817426
"FONE",1991,945364
"FONE",1992,756160
"FONE",1993,627096
"FONE",1994,436944
"FONE",1995,462758
"FONE",1996,421278
"FONE",1997,389674
"FONE",1998,435666
"FONE",1999,415728
"FONE",2000,426566
"FONE",2001,446410
"FONE",2002,446852
"FONE",2003,471680
"FONE",2004,564370
"FONE",2005,525884
"FONE",2006,1109766
"FONE",2007,1660542
"FONE",2008,642038
"FONE",2009,992204
"FONE",2010,1339290
"FONE",2011,955376
"FONE",2012,935564
"FONE",2013,834050
"FONE",2014,1083124
"FONE",2015,1377914
"FONE",2016,1423450
"FONE",2017,1428534
"FONE",2018,1364960
"FONE",2019,1514054
"FONE",2020,832244
"FONE",2021,1139992
"FONE",2022,1227352
"FONE",2023,1214132
"FONE",2024,1335090
"FOPO",1979,3068432
"FOPO",1980,2793414
"FOPO",1981,3719202
"FOPO",1982,4139452
"FOPO",1983,3288480
"FOPO",1984,3916286
"FOPO",1985,3580706
"FOPO",1986,4255710
"FOPO",1987,5833760
"FOPO",1988,4704938
"FOPO",1989,4266496
"FOPO",1990,4389278
"FOPO",1991,4453376
"FOPO",1992,4440794
"FOPO",1993,4675468
"FOPO",1994,4721394
"FOPO",1995,4435006
"FOPO",1996,4697700
"FOPO",1997,5227840
"FOPO",1998,5271954
"FOPO",1999,5353526
"FOPO",2000,5086934
"FOPO",2001,3736094
"FOPO",2002,5007240
"FOPO",2003,4905544
"FOPO",2004,5127062
"FOPO",2005,5185746
"FOPO",2006,4971478
"FOPO",2007,4803774
"FOPO",2008,4354992
"FOPO",2009,4343752
"FOPO",2010,4118582
"FOPO",2011,4197668
"FOPO",2012,4743738
"FOPO",2013,4963504
"FOPO",2014,5244262
"FOPO",2015,5069668
"FOPO",2016,7085662
"FOPO",2017,4874988
"FOPO",2018,4406498
"FOPO",2019,4405564
"FOPO",2020,2690502
"FOPO",2021,2928618
"FOPO",2022,2988342
"FOPO",2023,2836954
"FOPO",2024,3743222
"FOPU",1979,2100320
"FOPU",1980,2103774
"FOPU",1981,1799666
"FOPU",1982,2215060
"FOPU",1983,2115956
"FOPU",1984,2640802
"FOPU",1985,2792576
"FOPU",1986,3591710
"FOPU",1987,2780484
"FOPU",1988,2241064
"FOPU",1989,3481600
"FOPU",1990,2595790
"FOPU",1991,2862052
"FOPU",1992,2805532
"FOPU",1993,2676740
"FOPU",1994,2463690
"FOPU",1995,2281892
"FOPU",1996,2487296
"FOPU",1997,2630362
"FOPU",1998,2607714
"FOPU",1999,2595060
"FOPU",2000,2565882
"FOPU",2001,2590448
"FOPU",2002,2580362
"FOPU",2003,2395594
"FOPU",2004,2323616
"FOPU",2005,2161636
"FOPU",2006,2406362
"FOPU",2007,2294174
"FOPU",2008,2517678
"FOPU",2009,3098702
"FOPU",2010,2963836
"FOPU",2011,2906420
"FOPU",2012,2749716
"FOPU",2013,2670167
"FOPU",2014,2758003
"FOPU",2015,2738621
"FOPU",2016,2463708
"FOPU",2017,2572835
"FOPU",2018,2988215
"FOPU",2019,2668718
"FOPU",2020,2554493
"FOPU",2021,2985049
"FOPU",2022,3012772
"FOPU",2023,2882893
"FOPU",2024,2276435
"FORA",1979,1564378
"FORA",1980,1891674
"FORA",1981,1542366
"FORA",1982,1608810
"FORA",1983,1897100
"FORA",1984,2060618
"FORA",1985,1596794
"FORA",1986,1462088
"FORA",1987,1601498
"FORA",1988,1128264
"FORA",1989,1434828
"FORA",1990,1784604
"FORA",1991,1671070
"FORA",1992,1689872
"FORA",1993,1770774
"FORA",1994,1770560
"FORA",1995,1542554
"FORA",1996,1649660
"FORA",1997,1990898
"FORA",1998,1891114
"FORA",1999,1668994
"FORA",2000,1349866
"FORA",2001,1438040
"FORA",2002,1527390
"FORA",2003,1066766
"FORA",2004,1431944
"FORA",2005,1454360
"FORA",2006,1499582
"FORA",2007,1647888
"FORA",2008,1609182
"FORA",2009,1747594
"FORA",2010,1549778
"FORA",2011,1418312
"FORA",2012,1403506
"FORA",2013,1301484
"FORA",2014,1305918
"FORA",2015,1405228
"FORA",2016,1261748
"FORA",2017,1346212
"FORA",2018,1283340
"FORA",2019,1223988
"FORA",2020,619452
"FORA",2021,1379258
"FORA",2022,1388646
"FORA",2023,1262184
"FORA",2024,1270090
"FOSC",1979,43544
"FOSC",1980,165706
"FOSC",1981,261416
"FOSC",1982,322496
"FOSC",1983,372256
"FOSC",1984,396812
"FOSC",1985,386646
"FOSC",1986,420830
"FOSC",1987,378930
"FOSC",1988,348354
"FOSC",1989,389744
"FOSC",1990,387792
"FOSC",1991,376076
"FOSC",1992,430022
"FOSC",1993,393468
"FOSC",1994,371406
"FOSC",1995,251502
"FOSC",1996,244688
"FOSC",1997,245056
"FOSC",1998,253998
"FOSC",1999,213684
"FOSC",2000,184638
"FOSC",2001,205658
"FOSC",2002,193760
"FOSC",2003,149988
"FOSC",2004,146268
"FOSC",2005,130454
"FOSC",2006,123026
"FOSC",2007,113130
"FOSC",2008,128030
"FOSC",2009,144202
"FOSC",2010,140118
"FOSC",2011,132698
"FOSC",2012,126362
"FOSC",2013,129984
"FOSC",2014,131220
"FOSC",2015,129041
"FOSC",2016,147648
"FOSC",2017,145631
"FOSC",2018,132996
"FOSC",2019,121456
"FOSC",2020,73690
"FOSC",2021,115343
"FOSC",2022,134917
"FOSC",2023,128934
"FOSC",2024,124403
"FOSM",1979,286844
"FOSM",1980,407406
"FOSM",1981,535362
"FOSM",1982,517970
"FOSM",1983,476036
"FOSM",1984,492922
"FOSM",1985,551374
"FOSM",1986,638672
"FOSM",1987,507258
"FOSM",1988,511112
"FOSM",1989,346950
"FOSM",1990,335418
"FOSM",1991,353436
"FOSM",1992,471076
"FOSM",1993,544878
"FOSM",1994,483708
"FOSM",1995,447610
"FOSM",1996,349760
"FOSM",1997,290750
"FOSM",1998,195004
"FOSM",1999,167202
"FOSM",2000,249906
"FOSM",2001,395982
"FOSM",2002,349062
"FOSM",2003,343332
"FOSM",2004,365548
"FOSM",2005,346706
"FOSM",2006,358886
"FOSM",2007,390740
"FOSM",2008,350310
"FOSM",2009,296100
"FOSM",2010,320040
"FOSM",2011,401326
"FOSM",2012,407218
"FOSM",2013,324260
"FOSM",2014,358770
"FOSM",2015,400910
"FOSM",2016,517238
"FOSM",2017,537442
"FOSM",2018,465086
"FOSM",2019,423322
"FOSM",2020,201362
"FOSM",2021,307552
"FOSM",2022,574244
"FOSM",2023,629696
"FOSM",2024,580106
"FOST",1979,332544
"FOST",1980,325898
"FOST",1981,304940
"FOST",1982,334022
"FOST",1983,317398
"FOST",1984,283770
"FOST",1985,338784
"FOST",1986,290830
"FOST",1987,228682
"FOST",1988,264876
"FOST",1989,256500
"FOST",1990,265914
"FOST",1991,286050
"FOST",1992,300108
"FOST",1993,274206
"FOST",1994,250970
"FOST",1995,280698
"FOST",1996,242152
"FOST",1997,412764
"FOST",1998,230040
"FOST",1999,256144
"FOST",2000,193342
"FOST",2001,265330
"FOST",2002,389324
"FOST",2003,283236
"FOST",2004,342140
"FOST",2005,191192
"FOST",2006,302954
"FOST",2007,298220
"FOST",2008,356324
"FOST",2009,465858
"FOST",2010,518746
"FOST",2011,514378
"FOST",2012,975284
"FOST",2013,645444
"FOST",2014,304092
"FOST",2015,433394
"FOST",2016,470030
"FOST",2017,534682
"FOST",2018,452534
"FOST",2019,487060
"FOST",2020,120666
"FOST",2021,228422
"FOST",2022,358582
"FOST",2023,417006
"FOST",2024,398520
"FOSU",1979,824048
"FOSU",1980,814886
"FOSU",1981,910172
"FOSU",1982,966642
"FOSU",1983,1063318
"FOSU",1984,1161038
"FOSU",1985,1130076
"FOSU",1986,1186602
"FOSU",1987,1250022
"FOSU",1988,1339770
"FOSU",1989,1094666
"FOSU",1990,1074036
"FOSU",1991,1328698
"FOSU",1992,1450418
"FOSU",1993,1477644
"FOSU",1994,1496704
"FOSU",1995,1426968
"FOSU",1996,1390568
"FOSU",1997,1425842
"FOSU",1998,1429860
"FOSU",1999,1975398
"FOSU",2000,2071804
"FOSU",2001,6276694
"FOSU",2002,6295050
"FOSU",2003,5728488
"FOSU",2004,5324698
"FOSU",2005,5315294
"FOSU",2006,5285950
"FOSU",2007,5376544
"FOSU",2008,5049312
"FOSU",2009,5319202
"FOSU",2010,5413862
"FOSU",2011,5797188
"FOSU",2012,5713436
"FOSU",2013,5493526
"FOSU",2014,5596382
"FOSU",2015,5694884
"FOSU",2016,6034182
"FOSU",2017,6089578
"FOSU",2018,5866842
"FOSU",2019,6004508
"FOSU",2020,2502130
"FOSU",2021,3586517
"FOSU",2022,4033146
"FOSU",2023,4253217
"FOSU",2024,4049787
"FOTH",1979,2016868
"FOTH",1980,2776114
"FOTH",1981,2550272
"FOTH",1982,2419138
"FOTH",1983,2700202
"FOTH",1984,3267276
"FOTH",1985,3104538
"FOTH",1986,3393478
"FOTH",1987,3552010
"FOTH",1988,3799290
"FOTH",1989,3446234
"FOTH",1990,3966734
"FOTH",1991,3660910
"FOTH",1992,3574656
"FOTH",1993,3868216
"FOTH",1994,4100438
"FOTH",1995,4175768
"FOTH",1996,4037756
"FOTH",1997,4204342
"FOTH",1998,4862170
"FOTH",1999,4648434
"FOTH",2000,4688108
"FOTH",2001,4809468
"FOTH",2002,2157056
"FOTH",2003,1860006
"FOTH",2004,3405396
"FOTH",2005,3531612
"FOTH",2006,3497306
"FOTH",2007,2794542
"FOTH",2008,855100
"FOTH",2009,2722626
"FOTH",2010,2708862
"FOTH",2011,2585618
"FOTH",2012,2877882
"FOTH",2013,2731094
"FOTH",2014,2691706
"FOTH",2015,2780328
"FOTH",2016,2645060
"FOTH",2017,3853919
"FOTH",2018,2454036
"FOTH",2019,2779192
"FOTH",2020,274110
"FOTH",2021,477005
"FOTH",2022,1453615
"FOTH",2023,1932537
"FOTH",2024,2248391
"FOUN",1979,45496
"FOUN",1980,47024
"FOUN",1981,51108
"FOUN",1982,53100
"FOUN",1983,54124
"FOUN",1984,57140
"FOUN",1985,58258
"FOUN",1986,58604
"FOUN",1987,63240
"FOUN",1988,79842
"FOUN",1989,88940
"FOUN",1990,74920
"FOUN",1991,97864
"FOUN",1992,87678
"FOUN",1993,93488
"FOUN",1994,89568
"FOUN",1995,85906
"FOUN",1996,85408
"FOUN",1997,79126
"FOUN",1998,68096
"FOUN",1999,70522
"FOUN",2000,63400
"FOUN",2001,66884
"FOUN",2002,58196
"FOUN",2003,57086
"FOUN",2004,58208
"FOUN",2005,51296
"FOUN",2006,45640
"FOUN",2007,46458
"FOUN",2008,40356
"FOUN",2009,48794
"FOUN",2010,46864
"FOUN",2011,42276
"FOUN",2012,40708
"FOUN",2013,39611
"FOUN",2014,48196
"FOUN",2015,51648
"FOUN",2016,52638
"FOUN",2017,51431
"FOUN",2018,47873
"FOUN",2019,48716
"FOUN",2020,23560
"FOUN",2021,55481
"FOUN",2022,33427
"FOUN",2023,42248
"FOUN",2024,40709
"FOUS",1979,19448
"FOUS",1980,25982
"FOUS",1981,27970
"FOUS",1982,22522
"FOUS",1983,30466
"FOUS",1984,43708
"FOUS",1985,73572
"FOUS",1986,113830
"FOUS",1987,191352
"FOUS",1988,123526
"FOUS",1989,292340
"FOUS",1990,145696
"FOUS",1991,136122
"FOUS",1992,131278
"FOUS",1993,125524
"FOUS",1994,112144
"FOUS",1995,86428
"FOUS",1996,106842
"FOUS",1997,97228
"FOUS",1998,90008
"FOUS",1999,94438
"FOUS",2000,87532
"FOUS",2001,90496
"FOUS",2002,98346
"FOUS",2003,111846
"FOUS",2004,97226
"FOUS",2005,76756
"FOUS",2006,60714
"FOUS",2007,56802
"FOUS",2008,53288
"FOUS",2009,70518
"FOUS",2010,67270
"FOUS",2011,55356
"FOUS",2012,56762
"FOUS",2013,60144
"FOUS",2014,52153
"FOUS",2015,60864
"FOUS",2016,77347
"FOUS",2017,61388
"FOUS",2018,62184
"FOUS",2019,58508
"FOUS",2020,23791
"FOUS",2021,51013
"FOUS",2022,58292
"FOUS",2023,59011
"FOUS",2024,54188
"FOVA",1979,659588
"FOVA",1980,658818
"FOVA",1981,1175618
"FOVA",1982,995590
"FOVA",1983,1124934
"FOVA",1984,1291630
"FOVA",1985,1262080
"FOVA",1986,1251972
"FOVA",1987,1181286
"FOVA",1988,1260488
"FOVA",1989,1165988
"FOVA",1990,1336666
"FOVA",1991,1268656
"FOVA",1992,1107682
"FOVA",1993,1336288
"FOVA",1994,1339290
"FOVA",1995,1368670
"FOVA",1996,1604252
"FOVA",1997,1640684
"FOVA",1998,1808978
"FOVA",1999,1764580
"FOVA",2000,1751912
"FOVA",2001,1850826
"FOVA",2002,1800936
"FOVA",2003,2264404
"FOVA",2004,2953748
"FOVA",2005,3640618
"FOVA",2006,2986174
"FOVA",2007,2977370
"FOVA",2008,3823816
"FOVA",2009,4170234
"FOVA",2010,3398256
"FOVA",2011,3083186
"FOVA",2012,2947228
"FOVA",2013,3109738
"FOVA",2014,3414478
"FOVA",2015,3673182
"FOVA",2016,4529998
"FOVA",2017,4103648
"FOVA",2018,4429916
"FOVA",2019,5959976
"FOVA",2020,3136462
"FOVA",2021,3554298
"FOVA",2022,3930300
"FOVA",2023,4093708
"FOVA",2024,4183618
"FOWA",1979,4969784
"FOWA",1980,4895000
"FOWA",1981,3348930
"FOWA",1982,3326930
"FOWA",1983,2562190
"FOWA",1984,3043820
"FOWA",1985,3675870
"FOWA",1986,2994130
"FOWA",1987,2249726
"FOWA",1988,3249020
"FOWA",1989,3897436
"FOWA",1990,3772564
"FOWA",1991,3366298
"FOWA",1992,3147968
"FOWA",1993,2470568
"FOWA",1994,1981676
"FOWA",1995,2416494
"FOWA",1996,2441392
"FOWA",1997,2581198
"FOWA",1998,2675526
"FOWA",1999,2436586
"FOWA",2000,2542306
"FOWA",2001,2607954
"FOWA",2002,2798458
"FOWA",2003,2563890
"FOWA",2004,2451244
"FOWA",2005,3003282
"FOWA",2006,3067834
"FOWA",2007,3191158
"FOWA",2008,4747538
"FOWA",2009,3312968
"FOWA",2010,3457562
"FOWA",2011,4017014
"FOWA",2012,3580412
"FOWA",2013,4320982
"FOWA",2014,4492066
"FOWA",2015,3272614
"FOWA",2016,5462918
"FOWA",2017,3069146
"FOWA",2018,3086206
"FOWA",2019,4198046
"FOWA",2020,1521590
"FOWA",2021,6246460
"FOWA",2022,3963306
"FOWA",2023,4367376
"FOWA",2024,4808570
"FRDE",1997,5777576
"FRDE",1998,12776426
"FRDE",1999,10359518
"FRDE",2000,8759544
"FRDE",2001,8599256
"FRDE",2002,7479264
"FRDE",2003,6365792
"FRDE",2004,9114144
"FRDE",2005,8557696
"FRDE",2006,7986048
"FRDE",2007,8255168
"FRDE",2008,7868416
"FRDE",2009,7773728
"FRDE",2010,6716568
"FRDE",2011,6929120
"FRDE",2012,8293376
"FRDE",2013,8513184
"FRDE",2014,8814720
"FRDE",2015,9870240
"FRDE",2016,13081504
"FRDE",2017,10522208
"FRDE",2018,9864896
"FRDE",2019,9910720
"FRDE",2020,3032956
"FRDE",2021,6066150
"FRDE",2022,9873938
"FRDE",2023,9896364
"FRDE",2024,9677766
"FRDO",1979,136548
"FRDO",1980,155896
"FRDO",1981,141288
"FRDO",1982,123772
"FRDO",1983,121388
"FRDO",1984,118028
"FRDO",1985,123524
"FRDO",1986,133516
"FRDO",1987,138516
"FRDO",1988,151152
"FRDO",1989,172508
"FRDO",1990,200376
"FRDO",1991,181840
"FRDO",1992,219648
"FRDO",1993,197072
"FRDO",1994,200140
"FRDO",1995,213116
"FRDO",1996,254734
"FRDO",1997,135688
"FRDO",1998,124284
"FRDO",1999,126072
"FRDO",2000,125204
"FRDO",2001,118472
"FRDO",2002,133102
"FRDO",2003,158600
"FRDO",2004,162384
"FRDO",2005,92904
"FRDO",2006,71788
"FRDO",2007,149872
"FRDO",2008,151408
"FRDO",2009,173932
"FRDO",2010,178796
"FRDO",2011,186776
"FRDO",2012,213256
"FRDO",2013,190500
"FRDO",2014,181968
"FRDO",2015,215492
"FRDO",2016,269548
"FRDO",2017,306276
"FRDO",2018,283476
"FRDO",2019,244252
"FRDO",2020,43876
"FRDO",2021,7228
"FRDO",2022,844
"FRDO",2023,51616
"FRDO",2024,103344
"FRHI",1983,37950
"FRHI",1984,47918
"FRHI",1985,59000
"FRHI",1986,60542
"FRHI",1987,73902
"FRHI",1988,54206
"FRHI",1989,72436
"FRHI",1990,79494
"FRHI",1991,59314
"FRHI",1992,90834
"FRHI",1993,81454
"FRHI",1994,64494
"FRHI",1995,92210
"FRHI",1996,109296
"FRHI",1997,121070
"FRHI",1998,184960
"FRHI",1999,155328
"FRHI",2000,194938
"FRHI",2001,218920
"FRHI",2002,213074
"FRHI",2003,224468
"FRHI",2004,199772
"FRHI",2005,191694
"FRHI",2006,170422
"FRHI",2007,207680
"FRHI",2008,199240
"FRHI",2009,203942
"FRHI",2010,216066
"FRHI",2011,200368
"FRHI",2012,225780
"FRHI",2013,234542
"FRHI",2014,230042
"FRHI",2015,235168
"FRHI",2016,250834
"FRHI",2017,261092
"FRHI",2018,274714
"FRHI",2019,229648
"FRHI",2020,141398
"FRHI",2021,113138
"FRHI",2022,111848
"FRHI",2023,131238
"FRHI",2024,128570
"FRLA",1981,8216
"FRLA",1982,13772
"FRLA",1983,18640
"FRLA",1984,18014
"FRLA",1985,20676
"FRLA",1986,32922
"FRLA",1987,44498
"FRLA",1988,36594
"FRLA",1989,23712
"FRLA",1990,25798
"FRLA",1991,25212
"FRLA",1992,24296
"FRLA",1993,24488
"FRLA",1994,23354
"FRLA",1995,32356
"FRLA",1996,29706
"FRLA",1997,31928
"FRLA",1998,32984
"FRLA",1999,50292
"FRLA",2000,40136
"FRLA",2001,63476
"FRLA",2002,48674
"FRLA",2003,42492
"FRLA",2004,41558
"FRLA",2005,16742
"FRLA",2006,9890
"FRLA",2007,12534
"FRLA",2008,18266
"FRLA",2009,30602
"FRLA",2010,20410
"FRLA",2011,24346
"FRLA",2012,52262
"FRLA",2013,39630
"FRLA",2014,52154
"FRLA",2015,56928
"FRLA",2016,53716
"FRLA",2017,68346
"FRLA",2018,64438
"FRLA",2019,50312
"FRLA",2020,16602
"FRLA",2021,25800
"FRLA",2022,84888
"FRLA",2023,71424
"FRLA",2024,79308
"FRSP",1979,3288746
"FRSP",1980,3349940
"FRSP",1981,3386872
"FRSP",1982,3480412
"FRSP",1983,2784880
"FRSP",1984,2802388
"FRSP",1985,2843010
"FRSP",1986,3047408
"FRSP",1987,3956378
"FRSP",1988,4705456
"FRSP",1989,4703606
"FRSP",1990,5091636
"FRSP",1991,5190006
"FRSP",1992,5162444
"FRSP",1993,5366232
"FRSP",1994,5734464
"FRSP",1995,5766096
"FRSP",1996,5111152
"FRSP",1997,4831264
"FRSP",1998,4715968
"FRSP",1999,4934602
"FRSP",2000,5049762
"FRSP",2001,4742806
"FRSP",2002,4977170
"FRSP",2003,4749822
"FRSP",2004,4648516
"FRSP",2005,5518766
"FRSP",2006,5112440
"FRSP",2007,4834006
"FRSP",2008,4887052
"FRSP",2009,5367668
"FRSP",2010,5307832
"FRSP",2011,5254118
"FRSP",2012,5648412
"FRSP",2013,5437291
"FRSP",2014,5305311
"FRSP",2015,5403923
"FRSP",2016,5628702
"FRSP",2017,5442111
"FRSP",2018,5881701
"FRSP",2019,5792123
"FRSP",2020,5472343
"FRSP",2021,4739671
"FRSP",2022,4994623
"FRSP",2023,5639776
"FRSP",2024,5728100
"FRST",2023,950658
"FRST",2024,1550358
"GAAR",1982,566326
"GAAR",1983,607174
"GAAR",1984,1745318
"GAAR",1985,348470
"GAAR",1986,218294
"GAAR",1987,199318
"GAAR",1988,268184
"GAAR",1989,248200
"GAAR",1990,326310
"GAAR",1991,383422
"GAAR",1992,372594
"GAAR",1993,425782
"GAAR",1994,310860
"GAAR",1995,503564
"GAAR",1996,224490
"GAAR",1997,309536
"GAAR",1998,711064
"GAAR",1999,386810
"GAAR",2000,131998
"GAAR",2001,132158
"GAAR",2002,184376
"GAAR",2003,251684
"GAAR",2004,323816
"GAAR",2005,247426
"GAAR",2006,352434
"GAAR",2007,305276
"GAAR",2008,347200
"GAAR",2009,261324
"GAAR",2010,390696
"GAAR",2011,363096
"GAAR",2012,317396
"GAAR",2013,426376
"GAAR",2014,345682
"GAAR",2015,504870
"GAAR",2016,427776
"GAAR",2017,350526
"GAAR",2018,405808
"GAAR",2019,233884
"GAAR",2020,62626
"GAAR",2021,102966
"GAAR",2022,228518
"GAAR",2023,232602
"GAAR",2024,213632
"GARI",1993,1745659
"GARI",1994,2611772
"GARI",1995,2110988
"GARI",1996,2232152
"GARI",1997,2416768
"GARI",1998,2335464
"GARI",1999,2411161
"GARI",2000,2587448
"GARI",2001,2624772
"GARI",2002,2078854
"GARI",2003,1590676
"GARI",2004,1581090
"GARI",2005,1318262
"GARI",2006,1198642
"GARI",2007,1209935
"GARI",2008,1178727
"GARI",2009,1156254
"GARI",2010,1093894
"GARI",2011,1144933
"GARI",2012,1161205
"GARI",2013,1240684
"GARI",2014,1038266
"GARI",2015,897266
"GARI",2016,968985
"GARI",2017,1013370
"GARI",2018,917782
"GARI",2019,1014416
"GARI",2020,882828
"GARI",2021,1415633
"GARI",2022,2305200
"GARI",2023,2602976
"GARI",2024,3631210
"GATE",1979,85410626
"GATE",1980,87807594
"GATE",1981,124053336
"GATE",1982,123427544
"GATE",1983,138190806
"GATE",1984,99506858
"GATE",1985,120420848
"GATE",1986,110534280
"GATE",1987,121707848
"GATE",1988,63948348
"GATE",1989,56716638
"GATE",1990,48788264
"GATE",1991,57235082
"GATE",1992,52579422
"GATE",1993,59712410
"GATE",1994,34950960
"GATE",1995,54913646
"GATE",1996,38596836
"GATE",1997,45067890
"GATE",1998,54325774
"GATE",1999,65411632
"GATE",2000,72617782
"GATE",2001,72737088
"GATE",2002,82802530
"GATE",2003,77356132
"GATE",2004,75419644
"GATE",2005,75581920
"GATE",2006,76624452
"GATE",2007,80556752
"GATE",2008,83342760
"GATE",2009,79502396
"GATE",2010,76202866
"GATE",2011,67207196
"GATE",2012,42070618
"GATE",2013,52972102
"GATE",2014,50280883
"GATE",2015,53287269
"GATE",2016,71122669
"GATE",2017,79031733
"GATE",2018,77169321
"GATE",2019,77074073
"GATE",2020,68850993
"GATE",2021,73723586
"GATE",2022,72493785
"GATE",2023,70998251
"GATE",2024,73096964
"GEGR",1979,141428
"GEGR",1980,144724
"GEGR",1981,165168
"GEGR",1982,175440
"GEGR",1983,331328
"GEGR",1984,261462
"GEGR",1985,305890
"GEGR",1986,254562
"GEGR",1987,407436
"GEGR",1988,260864
"GEGR",1989,427210
"GEGR",1990,488330
"GEGR",1991,480316
"GEGR",1992,340036
"GEGR",1993,232762
"GEGR",1994,204082
"GEGR",1995,618688
"GEGR",1996,451914
"GEGR",1997,477866
"GEGR",1998,384246
"GEGR",1999,365926
"GEGR",2000,385624
"GEGR",2001,303640
"GEGR",2002,261456
"GEGR",2003,229328
"GEGR",2004,308092
"GEGR",2005,247798
"GEGR",2006,446702
"GEGR",2007,256624
"GEGR",2008,295632
"GEGR",2009,308704
"GEGR",2010,373492
"GEGR",2011,316832
"GEGR",2012,323316
"GEGR",2013,250508
"GEGR",2014,302216
"GEGR",2015,286672
"GEGR",2016,327544
"GEGR",2017,311939
"GEGR",2018,239781
"GEGR",2019,348481
"GEGR",2020,73498
"GEGR",2021,243316
"GEGR",2022,646133
"GEGR",2023,297117
"GEGR",2024,382772
"GERO",1979,368484
"GERO",1980,377012
"GERO",1981,443852
"GERO",1982,502780
"GERO",1983,518386
"GERO",1984,526154
"GERO",1985,567254
"GERO",1986,564402
"GERO",1987,558712
"GERO",1988,530994
"GERO",1989,551058
"GERO",1990,558840
"GERO",1991,597896
"GERO",1992,637064
"GERO",1993,671444
"GERO",1994,773706
"GERO",1995,614656
"GERO",1996,632420
"GERO",1997,909286
"GERO",1998,669672
"GERO",1999,685216
"GERO",2000,628244
"GERO",2001,604474
"GERO",2002,600008
"GERO",2003,582332
"GERO",2004,624908
"GERO",2005,599668
"GERO",2006,601748
"GERO",2007,536142
"GERO",2008,532064
"GERO",2009,483376
"GERO",2010,556504
"GERO",2011,681390
"GERO",2012,589546
"GERO",2013,601524
"GERO",2014,586020
"GERO",2015,635808
"GERO",2016,590124
"GERO",2017,548814
"GERO",2018,567158
"GERO",2019,655808
"GERO",2020,262582
"GERO",2021,543296
"GERO",2022,576712
"GERO",2023,681390
"GERO",2024,779784
"GETT",1979,7521714
"GETT",1980,8450496
"GETT",1981,9803742
"GETT",1982,9253688
"GETT",1983,9524862
"GETT",1984,9710726
"GETT",1985,10123026
"GETT",1986,10685106
"GETT",1987,10251028
"GETT",1988,11584630
"GETT",1989,10796998
"GETT",1990,10201260
"GETT",1991,11609462
"GETT",1992,11281172
"GETT",1993,12133520
"GETT",1994,14299688
"GETT",1995,13894116
"GETT",1996,13557366
"GETT",1997,14201534
"GETT",1998,14220626
"GETT",1999,13553420
"GETT",2000,12801674
"GETT",2001,14457998
"GETT",2002,15301376
"GETT",2003,14315696
"GETT",2004,13998612
"GETT",2005,13667640
"GETT",2006,12805022
"GETT",2007,12614998
"GETT",2008,11399378
"GETT",2009,11679352
"GETT",2010,12042652
"GETT",2011,12492472
"GETT",2012,12398624
"GETT",2013,13833378
"GETT",2014,11515482
"GETT",2015,11901222
"GETT",2016,11904056
"GETT",2017,11513024
"GETT",2018,10438938
"GETT",2019,10276938
"GETT",2020,4549696
"GETT",2021,7128254
"GETT",2022,8011493
"GETT",2023,7945886
"GETT",2024,7802164
"GEWA",1979,752294
"GEWA",1980,699522
"GEWA",1981,827086
"GEWA",1982,798806
"GEWA",1983,836848
"GEWA",1984,925038
"GEWA",1985,917690
"GEWA",1986,994748
"GEWA",1987,1067116
"GEWA",1988,921228
"GEWA",1989,916886
"GEWA",1990,939098
"GEWA",1991,928406
"GEWA",1992,962400
"GEWA",1993,947756
"GEWA",1994,782772
"GEWA",1995,946286
"GEWA",1996,490166
"GEWA",1997,601328
"GEWA",1998,628172
"GEWA",1999,779294
"GEWA",2000,863318
"GEWA",2001,866042
"GEWA",2002,843090
"GEWA",2003,491236
"GEWA",2004,461238
"GEWA",2005,367882
"GEWA",2006,1155082
"GEWA",2007,814292
"GEWA",2008,812388
"GEWA",2009,931388
"GEWA",2010,1062938
"GEWA",2011,1082454
"GEWA",2012,1119462
"GEWA",2013,1100446
"GEWA",2014,1094260
"GEWA",2015,1093536
"GEWA",2016,1072758
"GEWA",2017,1027422
"GEWA",2018,938598
"GEWA",2019,1172910
"GEWA",2020,385594
"GEWA",2021,875996
"GEWA",2022,826790
"GEWA",2023,827522
"GEWA",2024,501200
"GICL",1979,127732
"GICL",1980,130936
"GICL",1981,145668
"GICL",1982,151608
"GICL",1983,150868
"GICL",1984,140052
"GICL",1985,142956
"GICL",1986,177860
"GICL",1987,178960
"GICL",1988,179630
"GICL",1989,208898
"GICL",1990,209264
"GICL",1991,212028
"GICL",1992,229148
"GICL",1993,244420
"GICL",1994,238772
"GICL",1995,249168
"GICL",1996,227732
"GICL",1997,246552
"GICL",1998,206376
"GICL",1999,206156
"GICL",2000,184776
"GICL",2001,197788
"GICL",2002,182340
"GICL",2003,191476
"GICL",2004,181396
"GICL",2005,160232
"GICL",2006,162040
"GICL",2007,166760
"GICL",2008,155948
"GICL",2009,172064
"GICL",2010,163266
"GICL",2011,126594
"GICL",2012,143182
"GICL",2013,139122
"GICL",2014,155678
"GICL",2015,182588
"GICL",2016,207600
"GICL",2017,394360
"GICL",2018,395542
"GICL",2019,333072
"GICL",2020,158226
"GICL",2021,227136
"GICL",2022,218040
"GICL",2023,169866
"GICL",2024,219842
"GLAC",1979,81830893
"GLAC",1980,83609408
"GLAC",1981,102255898
"GLAC",1982,97390188
"GLAC",1983,128869453
"GLAC",1984,113586287
"GLAC",1985,30386891
"GLAC",1986,30124459
"GLAC",1987,31763848
"GLAC",1988,35061321
"GLAC",1989,35605558
"GLAC",1990,38744680
"GLAC",1991,40845835
"GLAC",1992,42133562
"GLAC",1993,41099706
"GLAC",1994,41566521
"GLAC",1995,35577534
"GLAC",1996,33310698
"GLAC",1997,33447564
"GLAC",1998,35489036
"GLAC",1999,32702940
"GLAC",2000,33389662
"GLAC",2001,32429268
"GLAC",2002,36654831
"GLAC",2003,40653307
"GLAC",2004,51444070
"GLAC",2005,50252110
"GLAC",2006,51348457
"GLAC",2007,53067333
"GLAC",2008,48749881
"GLAC",2009,55521296
"GLAC",2010,58223479
"GLAC",2011,49803411
"GLAC",2012,57111153
"GLAC",2013,58610100
"GLAC",2014,60391227
"GLAC",2015,59992649
"GLAC",2016,72938058
"GLAC",2017,79656563
"GLAC",2018,71558674
"GLAC",2019,75357018
"GLAC",2020,35427281
"GLAC",2021,68317553
"GLAC",2022,69565552
"GLAC",2023,72506999
"GLAC",2024,77670180
"GLBA",1979,4609291
"GLBA",1980,4208442
"GLBA",1981,3934284
"GLBA",1982,6600370
"GLBA",1983,4747145
"GLBA",1984,5322367
"GLBA",1985,5323433
"GLBA",1986,5724626
"GLBA",1987,5278785
"GLBA",1988,5549811
"GLBA",1989,5465033
"GLBA",1990,6420311
"GLBA",1991,7082368
"GLBA",1992,9992664
"GLBA",1993,7810188
"GLBA",1994,8105897
"GLBA",1995,8864757
"GLBA",1996,10255851
"GLBA",1997,11053991
"GLBA",1998,12242730
"GLBA",1999,13084530
"GLBA",2000,11683995
"GLBA",2001,11384488
"GLBA",2002,11821284
"GLBA",2003,11217651
"GLBA",2004,10172290
"GLBA",2005,10128946
"GLBA",2006,11685418
"GLBA",2007,12808204
"GLBA",2008,11799614
"GLBA",2009,12012359
"GLBA",2010,12291022
"GLBA",2011,12375682
"GLBA",2012,13056038
"GLBA",2013,13944901
"GLBA",2014,14915478
"GLBA",2015,15430258
"GLBA",2016,14898903
"GLBA",2017,15488596
"GLBA",2018,16875846
"GLBA",2019,18690817
"GLBA",2020,603264
"GLBA",2021,3685961
"GLBA",2022,15436565
"GLBA",2023,19399772
"GLBA",2024,20457617
"GLCA",1979,56803452
"GLCA",1980,51485983
"GLCA",1981,56134808
"GLCA",1982,58860357
"GLCA",1983,66005038
"GLCA",1984,108747620
"GLCA",1985,113493073
"GLCA",1986,133490841
"GLCA",1987,138517215
"GLCA",1988,141784647
"GLCA",1989,165153228
"GLCA",1990,157029201
"GLCA",1991,148634505
"GLCA",1992,163881502
"GLCA",1993,141542773
"GLCA",1994,160559624
"GLCA",1995,110449160
"GLCA",1996,112902601
"GLCA",1997,111927214
"GLCA",1998,112470204
"GLCA",1999,126392806
"GLCA",2000,123473947
"GLCA",2001,118693098
"GLCA",2002,95671518
"GLCA",2003,78643241
"GLCA",2004,74717076
"GLCA",2005,76657922
"GLCA",2006,75735956
"GLCA",2007,81352887
"GLCA",2008,82239387
"GLCA",2009,82158502
"GLCA",2010,89528427
"GLCA",2011,78370750
"GLCA",2012,90789614
"GLCA",2013,84504827
"GLCA",2014,94165186
"GLCA",2015,93906314
"GLCA",2016,104292026
"GLCA",2017,108425193
"GLCA",2018,101292704
"GLCA",2019,99644871
"GLCA",2020,60350490
"GLCA",2021,79759180
"GLCA",2022,61046591
"GLCA",2023,96982560
"GLCA",2024,70663689
"GOGA",1979,86263590
"GOGA",1980,125758302
"GOGA",1981,146652788
"GOGA",1982,145900956
"GOGA",1983,131355107
"GOGA",1984,116251084
"GOGA",1985,120528470
"GOGA",1986,133953035
"GOGA",1987,136992120
"GOGA",1988,143656940
"GOGA",1989,120636565
"GOGA",1990,112437861
"GOGA",1991,112943590
"GOGA",1992,115294612
"GOGA",1993,112943590
"GOGA",1994,112943590
"GOGA",1995,112943590
"GOGA",1996,71345742
"GOGA",1997,70355590
"GOGA",1998,70603259
"GOGA",1999,73885932
"GOGA",2000,74777470
"GOGA",2001,70982531
"GOGA",2002,72601740
"GOGA",2003,72114752
"GOGA",2004,69734986
"GOGA",2005,71019361
"GOGA",2006,69394945
"GOGA",2007,73925748
"GOGA",2008,73272442
"GOGA",2009,78936762
"GOGA",2010,76300245
"GOGA",2011,77071530
"GOGA",2012,75608924
"GOGA",2013,74206108
"GOGA",2014,76553195
"GOGA",2015,76853385
"GOGA",2016,81602301
"GOGA",2017,79761313
"GOGA",2018,110912789
"GOGA",2019,108459597
"GOGA",2020,89046820
"GOGA",2021,102465280
"GOGA",2022,113799079
"GOGA",2023,108140205
"GOGA",2024,125151536
"GOIS",2003,15042
"GOIS",2004,67872
"GOIS",2005,69354
"GOIS",2006,258810
"GOIS",2007,414084
"GOIS",2008,1230060
"GOIS",2009,1955040
"GOIS",2010,2455242
"GOIS",2011,2413044
"GOIS",2012,2089494
"GOIS",2013,2133318
"GOIS",2014,4189362
"GOIS",2015,2631678
"GOIS",2016,3137154
"GOIS",2017,3753918
"GOIS",2018,3538788
"GOIS",2019,3545958
"GOIS",2020,617490
"GOIS",2021,1147542
"GOIS",2022,266068
"GOIS",2023,232028
"GOIS",2024,378512
"GOSP",1979,372364
"GOSP",1980,367938
"GOSP",1981,698872
"GOSP",1982,689486
"GOSP",1983,702402
"GOSP",1984,568938
"GOSP",1985,754632
"GOSP",1986,805980
"GOSP",1987,711924
"GOSP",1988,768416
"GOSP",1989,851786
"GOSP",1990,857832
"GOSP",1991,1002820
"GOSP",1992,442342
"GOSP",1993,455008
"GOSP",1994,676348
"GOSP",1995,462340
"GOSP",1996,516834
"GOSP",1997,445600
"GOSP",1998,412716
"GOSP",1999,422316
"GOSP",2000,405548
"GOSP",2001,399142
"GOSP",2002,415760
"GOSP",2003,407054
"GOSP",2004,413914
"GOSP",2005,367762
"GOSP",2006,404416
"GOSP",2007,398702
"GOSP",2008,366828
"GOSP",2009,407832
"GOSP",2010,394930
"GOSP",2011,394788
"GOSP",2012,385590
"GOSP",2013,370600
"GOSP",2014,395264
"GOSP",2015,491324
"GOSP",2016,499222
"GOSP",2017,546816
"GOSP",2018,504524
"GOSP",2019,833918
"GOSP",2020,442386
"GOSP",2021,447830
"GOSP",2022,424080
"GOSP",2023,447184
"GOSP",2024,461768
"GRBA",1979,191308
"GRBA",1980,222352
"GRBA",1981,212930
"GRBA",1982,205656
"GRBA",1983,192720
"GRBA",1984,223730
"GRBA",1985,220110
"GRBA",1986,245196
"GRBA",1987,1393505
"GRBA",1988,2240658
"GRBA",1989,2237005
"GRBA",1990,2192053
"GRBA",1991,1827886
"GRBA",1992,2391445
"GRBA",1993,2779231
"GRBA",1994,1921353
"GRBA",1995,2083428
"GRBA",1996,2516195
"GRBA",1997,2549321
"GRBA",1998,1952673
"GRBA",1999,2405525
"GRBA",2000,2872808
"GRBA",2001,2999773
"GRBA",2002,2577074
"GRBA",2003,2405804
"GRBA",2004,1926096
"GRBA",2005,2098440
"GRBA",2006,2014423
"GRBA",2007,2146933
"GRBA",2008,1842307
"GRBA",2009,2176204
"GRBA",2010,2502907
"GRBA",2011,2524462
"GRBA",2012,2548387
"GRBA",2013,2488525
"GRBA",2014,2760679
"GRBA",2015,2937709
"GRBA",2016,3305858
"GRBA",2017,3344850
"GRBA",2018,3739138
"GRBA",2019,2948189
"GRBA",2020,2572207
"GRBA",2021,3726990
"GRBA",2022,3574230
"GRBA",2023,3462455
"GRBA",2024,3286381
"GRCA",1979,81602406
"GRCA",1980,88465467
"GRCA",1981,92838739
"GRCA",1982,88054383
"GRCA",1983,78936790
"GRCA",1984,84373771
"GRCA",1985,104459676
"GRCA",1986,115480482
"GRCA",1987,111925287
"GRCA",1988,122896141
"GRCA",1989,126377340
"GRCA",1990,121158693
"GRCA",1991,148627758
"GRCA",1992,140383044
"GRCA",1993,153062108
"GRCA",1994,145434251
"GRCA",1995,152270561
"GRCA",1996,150968696
"GRCA",1997,159082676
"GRCA",1998,143328855
"GRCA",1999,154776519
"GRCA",2000,149251420
"GRCA",2001,134366725
"GRCA",2002,130671825
"GRCA",2003,134691987
"GRCA",2004,140819532
"GRCA",2005,149016146
"GRCA",2006,144291177
"GRCA",2007,149428155
"GRCA",2008,150361252
"GRCA",2009,147361528
"GRCA",2010,149992280
"GRCA",2011,147667084
"GRCA",2012,151622696
"GRCA",2013,156558637
"GRCA",2014,162037345
"GRCA",2015,188286171
"GRCA",2016,203632504
"GRCA",2017,212551951
"GRCA",2018,216627631
"GRCA",2019,202512510
"GRCA",2020,96397478
"GRCA",2021,153467701
"GRCA",2022,160127946
"GRCA",2023,160142306
"GRCA",2024,166608981
"GREE",1979,4103816
"GREE",1980,3828456
"GREE",1981,3581588
"GREE",1982,3423712
"GREE",1983,3264800
"GREE",1984,3403284
"GREE",1985,4609170
"GREE",1986,4314429
"GREE",1987,4343640
"GREE",1988,4134758
"GREE",1989,3254093
"GREE",1990,3257201
"GREE",1991,2526144
"GREE",1992,2607963
"GREE",1993,2912278
"GREE",1994,3102943
"GREE",1995,2817520
"GREE",1996,2689908
"GREE",1997,3597285
"GREE",1998,1473690
"GREE",1999,1497047
"GREE",2000,2139387
"GREE",2001,2020838
"GREE",2002,1813908
"GREE",2003,2992473
"GREE",2004,2192395
"GREE",2005,2014144
"GREE",2006,1996898
"GREE",2007,2193457
"GREE",2008,1771999
"GREE",2009,2092038
"GREE",2010,3649764
"GREE",2011,2112541
"GREE",2012,1430549
"GREE",2013,1423825
"GREE",2014,1378113
"GREE",2015,1414942
"GREE",2016,1594087
"GREE",2017,1698387
"GREE",2018,1662642
"GREE",2019,1332680
"GREE",2020,160522
"GREE",2021,168168
"GREE",2022,461414
"GREE",2023,798168
"GREE",2024,2363257
"GRKO",1979,95108
"GRKO",1980,86744
"GRKO",1981,105072
"GRKO",1982,123942
"GRKO",1983,152622
"GRKO",1984,105994
"GRKO",1985,103312
"GRKO",1986,120536
"GRKO",1987,113306
"GRKO",1988,102060
"GRKO",1989,104432
"GRKO",1990,119310
"GRKO",1991,120092
"GRKO",1992,124228
"GRKO",1993,120360
"GRKO",1994,116214
"GRKO",1995,131104
"GRKO",1996,130124
"GRKO",1997,126934
"GRKO",1998,113168
"GRKO",1999,104820
"GRKO",2000,93052
"GRKO",2001,90034
"GRKO",2002,90414
"GRKO",2003,82606
"GRKO",2004,90980
"GRKO",2005,78286
"GRKO",2006,88286
"GRKO",2007,78024
"GRKO",2008,74186
"GRKO",2009,89642
"GRKO",2010,98454
"GRKO",2011,90506
"GRKO",2012,76240
"GRKO",2013,84060
"GRKO",2014,91720
"GRKO",2015,98742
"GRKO",2016,103364
"GRKO",2017,107364
"GRKO",2018,118976
"GRKO",2019,111692
"GRKO",2020,68362
"GRKO",2021,109162
"GRKO",2022,108604
"GRKO",2023,121400
"GRKO",2024,122558
"GRPO",1979,149572
"GRPO",1980,175446
"GRPO",1981,167196
"GRPO",1982,145782
"GRPO",1983,146360
"GRPO",1984,183910
"GRPO",1985,187326
"GRPO",1986,188270
"GRPO",1987,190110
"GRPO",1988,247564
"GRPO",1989,251454
"GRPO",1990,236968
"GRPO",1991,222058
"GRPO",1992,179200
"GRPO",1993,203012
"GRPO",1994,231664
"GRPO",1995,253850
"GRPO",1996,236192
"GRPO",1997,229828
"GRPO",1998,246704
"GRPO",1999,247438
"GRPO",2000,305076
"GRPO",2001,267906
"GRPO",2002,230480
"GRPO",2003,207274
"GRPO",2004,203984
"GRPO",2005,205972
"GRPO",2006,177188
"GRPO",2007,225924
"GRPO",2008,483628
"GRPO",2009,477524
"GRPO",2010,727894
"GRPO",2011,614760
"GRPO",2012,596778
"GRPO",2013,574788
"GRPO",2014,572394
"GRPO",2015,587204
"GRPO",2016,615516
"GRPO",2017,610660
"GRPO",2018,596768
"GRPO",2019,606180
"GRPO",2020,416336
"GRPO",2021,519296
"GRPO",2022,582360
"GRPO",2023,549754
"GRPO",2024,556888
"GRSA",1979,1781879
"GRSA",1980,1632495
"GRSA",1981,1873288
"GRSA",1982,1913348
"GRSA",1983,1612528
"GRSA",1984,1632623
"GRSA",1985,1903699
"GRSA",1986,2044893
"GRSA",1987,2317095
"GRSA",1988,2669104
"GRSA",1989,3094879
"GRSA",1990,2731711
"GRSA",1991,2959278
"GRSA",1992,2862304
"GRSA",1993,4282480
"GRSA",1994,4341298
"GRSA",1995,4502843
"GRSA",1996,4239679
"GRSA",1997,4319625
"GRSA",1998,3929368
"GRSA",1999,4203410
"GRSA",2000,3549175
"GRSA",2001,4179963
"GRSA",2002,3462231
"GRSA",2003,3888623
"GRSA",2004,3972262
"GRSA",2005,4190876
"GRSA",2006,3809085
"GRSA",2007,4233069
"GRSA",2008,4170480
"GRSA",2009,4583300
"GRSA",2010,4509823
"GRSA",2011,4286614
"GRSA",2012,3651794
"GRSA",2013,3300236
"GRSA",2014,4423865
"GRSA",2015,4739728
"GRSA",2016,5619207
"GRSA",2017,5737558
"GRSA",2018,6033533
"GRSA",2019,6668357
"GRSA",2020,4874635
"GRSA",2021,8009770
"GRSA",2022,6932861
"GRSA",2023,7169381
"GRSA",2024,7260602
"GRSM",1979,140957242
"GRSM",1980,146585778
"GRSM",1981,147882625
"GRSM",1982,151896973
"GRSM",1983,147318752
"GRSM",1984,150407361
"GRSM",1985,162014415
"GRSM",1986,170656774
"GRSM",1987,179107633
"GRSM",1988,181313232
"GRSM",1989,173588586
"GRSM",1990,171351959
"GRSM",1991,179379341
"GRSM",1992,185190663
"GRSM",1993,191491741
"GRSM",1994,185731906
"GRSM",1995,194858821
"GRSM",1996,193052038
"GRSM",1997,207760840
"GRSM",1998,205766167
"GRSM",1999,208946848
"GRSM",2000,205800544
"GRSM",2001,189852389
"GRSM",2002,192143066
"GRSM",2003,192962259
"GRSM",2004,188862473
"GRSM",2005,189058404
"GRSM",2006,192123873
"GRSM",2007,194986937
"GRSM",2008,187183956
"GRSM",2009,196898941
"GRSM",2010,195685275
"GRSM",2011,187229213
"GRSM",2012,197501324
"GRSM",2013,189802422
"GRSM",2014,204151064
"GRSM",2015,215156255
"GRSM",2016,225188708
"GRSM",2017,221641078
"GRSM",2018,222845381
"GRSM",2019,240191302
"GRSM",2020,231902722
"GRSM",2021,267199744
"GRSM",2022,251779894
"GRSM",2023,256620797
"GRSM",2024,154063251
"GRTE",1979,48053173
"GRTE",1980,49422658
"GRTE",1981,51272035
"GRTE",1982,55402788
"GRTE",1983,32328641
"GRTE",1984,36041779
"GRTE",1985,34122852
"GRTE",1986,32781350
"GRTE",1987,35778515
"GRTE",1988,32411657
"GRTE",1989,36361169
"GRTE",1990,43900883
"GRTE",1991,42396083
"GRTE",1992,44153212
"GRTE",1993,47178348
"GRTE",1994,49754833
"GRTE",1995,51326137
"GRTE",1996,51607170
"GRTE",1997,49727879
"GRTE",1998,51300953
"GRTE",1999,51319367
"GRTE",2000,48162062
"GRTE",2001,48123879
"GRTE",2002,48983323
"GRTE",2003,47442537
"GRTE",2004,45806040
"GRTE",2005,45250029
"GRTE",2006,47709136
"GRTE",2007,50319708
"GRTE",2008,47975504
"GRTE",2009,48351368
"GRTE",2010,47909946
"GRTE",2011,45638146
"GRTE",2012,46810012
"GRTE",2013,48778360
"GRTE",2014,50899665
"GRTE",2015,57072014
"GRTE",2016,54136942
"GRTE",2017,59447411
"GRTE",2018,52698934
"GRTE",2019,56783952
"GRTE",2020,47950488
"GRTE",2021,63436441
"GRTE",2022,54809214
"GRTE",2023,57932100
"GRTE",2024,59350446
"GUCO",1979,1841908
"GUCO",1980,2209968
"GUCO",1981,2357070
"GUCO",1982,2278406
"GUCO",1983,1868274
"GUCO",1984,1533308
"GUCO",1985,2578040
"GUCO",1986,3184362
"GUCO",1987,3060172
"GUCO",1988,2906744
"GUCO",1989,2920448
"GUCO",1990,6367242
"GUCO",1991,7495616
"GUCO",1992,6976162
"GUCO",1993,6657304
"GUCO",1994,6851596
"GUCO",1995,7683136
"GUCO",1996,8980208
"GUCO",1997,9558120
"GUCO",1998,10592978
"GUCO",1999,10583124
"GUCO",2000,11148628
"GUCO",2001,11026750
"GUCO",2002,11772088
"GUCO",2003,11512992
"GUCO",2004,10915980
"GUCO",2005,10897074
"GUCO",2006,10835204
"GUCO",2007,10118718
"GUCO",2008,11120714
"GUCO",2009,10168536
"GUCO",2010,10067808
"GUCO",2011,8884378
"GUCO",2012,10245728
"GUCO",2013,9649922
"GUCO",2014,9412799
"GUCO",2015,9628111
"GUCO",2016,10351693
"GUCO",2017,10490446
"GUCO",2018,9419186
"GUCO",2019,8861934
"GUCO",2020,7667691
"GUCO",2021,7626022
"GUCO",2022,6829282
"GUCO",2023,4581129
"GUCO",2024,5478411
"GUIS",1979,38005198
"GUIS",1980,31512589
"GUIS",1981,42057128
"GUIS",1982,44513295
"GUIS",1983,49243407
"GUIS",1984,71689222
"GUIS",1985,125575962
"GUIS",1986,97424657
"GUIS",1987,60080024
"GUIS",1988,65192448
"GUIS",1989,39361421
"GUIS",1990,41935402
"GUIS",1991,42474152
"GUIS",1992,46005651
"GUIS",1993,44997968
"GUIS",1994,41580082
"GUIS",1995,37288161
"GUIS",1996,23177109
"GUIS",1997,38108067
"GUIS",1998,35798597
"GUIS",1999,37474921
"GUIS",2000,37379575
"GUIS",2001,36954008
"GUIS",2002,37147145
"GUIS",2003,39976113
"GUIS",2004,36206320
"GUIS",2005,12252785
"GUIS",2006,12804388
"GUIS",2007,13837615
"GUIS",2008,14377020
"GUIS",2009,27840289
"GUIS",2010,29871079
"GUIS",2011,41686106
"GUIS",2012,39845321
"GUIS",2013,37504850
"GUIS",2014,36591980
"GUIS",2015,33631853
"GUIS",2016,38236484
"GUIS",2017,32952273
"GUIS",2018,35315511
"GUIS",2019,47827836
"GUIS",2020,31359029
"GUIS",2021,47683292
"GUIS",2022,47419647
"GUIS",2023,70297306
"GUIS",2024,66006003
"GUMO",1979,1086679
"GUMO",1980,1173516
"GUMO",1981,1429995
"GUMO",1982,1522529
"GUMO",1983,1554416
"GUMO",1984,1616174
"GUMO",1985,1593835
"GUMO",1986,1718324
"GUMO",1987,1619747
"GUMO",1988,1739602
"GUMO",1989,1473252
"GUMO",1990,1445958
"GUMO",1991,1757892
"GUMO",1992,1514401
"GUMO",1993,1573900
"GUMO",1994,1727399
"GUMO",1995,1783512
"GUMO",1996,1633351
"GUMO",1997,1747387
"GUMO",1998,1653838
"GUMO",1999,1678027
"GUMO",2000,1480004
"GUMO",2001,1587610
"GUMO",2002,1501318
"GUMO",2003,1357286
"GUMO",2004,1283693
"GUMO",2005,1217303
"GUMO",2006,1303625
"GUMO",2007,1208208
"GUMO",2008,1255802
"GUMO",2009,1383661
"GUMO",2010,1363754
"GUMO",2011,1069828
"GUMO",2012,1185928
"GUMO",2013,1225289
"GUMO",2014,1330678
"GUMO",2015,1266935
"GUMO",2016,1401950
"GUMO",2017,1637561
"GUMO",2018,1420590
"GUMO",2019,1325426
"GUMO",2020,976785
"GUMO",2021,1672887
"GUMO",2022,1762639
"GUMO",2023,1842202
"GUMO",2024,1799957
"GWCA",1979,225916
"GWCA",1980,273368
"GWCA",1981,253686
"GWCA",1982,315342
"GWCA",1983,364330
"GWCA",1984,377324
"GWCA",1985,630736
"GWCA",1986,683932
"GWCA",1987,554502
"GWCA",1988,154232
"GWCA",1989,277286
"GWCA",1990,226200
"GWCA",1991,157854
"GWCA",1992,257032
"GWCA",1993,159282
"GWCA",1994,172132
"GWCA",1995,169156
"GWCA",1996,161196
"GWCA",1997,185988
"GWCA",1998,204594
"GWCA",1999,173206
"GWCA",2000,241580
"GWCA",2001,190738
"GWCA",2002,195124
"GWCA",2003,188710
"GWCA",2004,178590
"GWCA",2005,209636
"GWCA",2006,170966
"GWCA",2007,167806
"GWCA",2008,185872
"GWCA",2009,178938
"GWCA",2010,161314
"GWCA",2011,141620
"GWCA",2012,139956
"GWCA",2013,152082
"GWCA",2014,191058
"GWCA",2015,173624
"GWCA",2016,213430
"GWCA",2017,213742
"GWCA",2018,204294
"GWCA",2019,227942
"GWCA",2020,122220
"GWCA",2021,118856
"GWCA",2022,136732
"GWCA",2023,171498
"GWCA",2024,179776
"GWMP",1979,16993744
"GWMP",1980,26866742
"GWMP",1981,36334526
"GWMP",1982,40426982
"GWMP",1983,36070580
"GWMP",1984,36340858
"GWMP",1985,38581058
"GWMP",1986,38003052
"GWMP",1987,41246288
"GWMP",1988,43790102
"GWMP",1989,20685252
"GWMP",1990,27474658
"GWMP",1991,24363706
"GWMP",1992,30580832
"GWMP",1993,115373546
"GWMP",1994,110987624
"GWMP",1995,130764892
"GWMP",1996,120883416
"GWMP",1997,122719500
"GWMP",1998,121490730
"GWMP",1999,122989038
"GWMP",2000,109573786
"GWMP",2001,116092786
"GWMP",2002,114757288
"GWMP",2003,116778918
"GWMP",2004,123933168
"GWMP",2005,127305498
"GWMP",2006,123122286
"GWMP",2007,123313098
"GWMP",2008,120386818
"GWMP",2009,116409308
"GWMP",2010,117014090
"GWMP",2011,120227590
"GWMP",2012,132076188
"GWMP",2013,131781739
"GWMP",2014,133078854
"GWMP",2015,132768915
"GWMP",2016,157636153
"GWMP",2017,142979077
"GWMP",2018,138366987
"GWMP",2019,140133403
"GWMP",2020,96073456
"GWMP",2021,113624902
"GWMP",2022,133747826
"GWMP",2023,139136078
"GWMP",2024,138178027
"HAFE",1979,4693504
"HAFE",1980,5897302
"HAFE",1981,6047904
"HAFE",1982,7317984
"HAFE",1983,6781492
"HAFE",1984,7255020
"HAFE",1985,6173144
"HAFE",1986,9077470
"HAFE",1987,9203610
"HAFE",1988,6972300
"HAFE",1989,6241680
"HAFE",1990,5426190
"HAFE",1991,4899190
"HAFE",1992,4493420
"HAFE",1993,4264820
"HAFE",1994,3943220
"HAFE",1995,3862470
"HAFE",1996,3145480
"HAFE",1997,3402460
"HAFE",1998,3710940
"HAFE",1999,3337380
"HAFE",2000,3176990
"HAFE",2001,3251560
"HAFE",2002,2862888
"HAFE",2003,2644790
"HAFE",2004,2607824
"HAFE",2005,2418074
"HAFE",2006,2675002
"HAFE",2007,2499080
"HAFE",2008,2541640
"HAFE",2009,2750444
"HAFE",2010,2688224
"HAFE",2011,2553488
"HAFE",2012,2631038
"HAFE",2013,2557128
"HAFE",2014,2612030
"HAFE",2015,2828938
"HAFE",2016,3356920
"HAFE",2017,3425338
"HAFE",2018,2657354
"HAFE",2019,2995762
"HAFE",2020,2344728
"HAFE",2021,3099012
"HAFE",2022,4070080
"HAFE",2023,4273164
"HAFE",2024,4880498
"HAFO",1995,64046
"HAFO",1996,58972
"HAFO",1997,59310
"HAFO",1998,66344
"HAFO",1999,65354
"HAFO",2000,68048
"HAFO",2001,61558
"HAFO",2002,66824
"HAFO",2003,79600
"HAFO",2004,108996
"HAFO",2005,117720
"HAFO",2006,129370
"HAFO",2007,123890
"HAFO",2008,115814
"HAFO",2009,136312
"HAFO",2010,148972
"HAFO",2011,105504
"HAFO",2012,119682
"HAFO",2013,105042
"HAFO",2014,112410
"HAFO",2015,123480
"HAFO",2016,129910
"HAFO",2017,155604
"HAFO",2018,132376
"HAFO",2019,118840
"HAFO",2020,70564
"HAFO",2021,41178
"HAFO",2022,125614
"HAFO",2023,167220
"HAFO",2024,195524
"HAGR",1979,1628
"HAGR",1980,0
"HAGR",1981,0
"HAGR",1982,0
"HAGR",1983,7954
"HAGR",1984,27484
"HAGR",1985,69816
"HAGR",1986,147978
"HAGR",1987,173050
"HAGR",1988,149596
"HAGR",1989,118186
"HAGR",1990,99540
"HAGR",1991,146174
"HAGR",1992,46884
"HAGR",1993,0
"HAGR",1994,0
"HAGR",1995,0
"HAGR",1996,0
"HAGR",1997,0
"HAGR",1998,119722
"HAGR",1999,159130
"HAGR",2000,150478
"HAGR",2001,82488
"HAGR",2002,48106
"HAGR",2003,48412
"HAGR",2004,49294
"HAGR",2005,58444
"HAGR",2006,23824
"HAGR",2007,330
"HAGR",2008,8166
"HAGR",2009,2444
"HAGR",2010,0
"HAGR",2011,35054
"HAGR",2012,64016
"HAGR",2013,73241
"HAGR",2014,74415
"HAGR",2015,122895
"HAGR",2016,289170
"HAGR",2017,291408
"HAGR",2018,230792
"HAGR",2019,253386
"HAGR",2020,85728
"HAGR",2021,87290
"HAGR",2022,148766
"HAGR",2023,164684
"HAGR",2024,208970
"HALE",1979,4620792
"HALE",1980,3866422
"HALE",1981,4315130
"HALE",1982,5297361
"HALE",1983,5940198
"HALE",1984,6869380
"HALE",1985,8146699
"HALE",1986,8727445
"HALE",1987,9094738
"HALE",1988,8977529
"HALE",1989,9331229
"HALE",1990,8613941
"HALE",1991,8426542
"HALE",1992,8370953
"HALE",1993,9385220
"HALE",1994,10583132
"HALE",1995,11124929
"HALE",1996,11004247
"HALE",1997,11592277
"HALE",1998,10207636
"HALE",1999,13104577
"HALE",2000,11026970
"HALE",2001,9762034
"HALE",2002,10348027
"HALE",2003,9541382
"HALE",2004,9329375
"HALE",2005,9401672
"HALE",2006,10127808
"HALE",2007,9028894
"HALE",2008,8493438
"HALE",2009,7919157
"HALE",2010,8176038
"HALE",2011,7250780
"HALE",2012,8239489
"HALE",2013,5738281
"HALE",2014,7997087
"HALE",2015,8447070
"HALE",2016,8669760
"HALE",2017,7796103
"HALE",2018,7291813
"HALE",2019,6681671
"HALE",2020,2167228
"HALE",2021,5689900
"HALE",2022,8175998
"HALE",2023,6618636
"HALE",2024,6024841
"HAMP",1979,175604
"HAMP",1980,328768
"HAMP",1981,278046
"HAMP",1982,324340
"HAMP",1983,312362
"HAMP",1984,338676
"HAMP",1985,276284
"HAMP",1986,171422
"HAMP",1987,123422
"HAMP",1988,114960
"HAMP",1989,140478
"HAMP",1990,137568
"HAMP",1991,140614
"HAMP",1992,109398
"HAMP",1993,134358
"HAMP",1994,130464
"HAMP",1995,135742
"HAMP",1996,132326
"HAMP",1997,131694
"HAMP",1998,125576
"HAMP",1999,85478
"HAMP",2000,97086
"HAMP",2001,99768
"HAMP",2002,116268
"HAMP",2003,113400
"HAMP",2004,116254
"HAMP",2005,100684
"HAMP",2006,122200
"HAMP",2007,125198
"HAMP",2008,178708
"HAMP",2009,199074
"HAMP",2010,163172
"HAMP",2011,163234
"HAMP",2012,190044
"HAMP",2013,163710
"HAMP",2014,164892
"HAMP",2015,175828
"HAMP",2016,177114
"HAMP",2017,164034
"HAMP",2018,150478
"HAMP",2019,143570
"HAMP",2020,46042
"HAMP",2021,47108
"HAMP",2022,64928
"HAMP",2023,75460
"HAMP",2024,63700
"HATU",2023,34416
"HATU",2024,54390
"HAVO",1979,23125948
"HAVO",1980,23813970
"HAVO",1981,25631944
"HAVO",1982,26709533
"HAVO",1983,29229685
"HAVO",1984,27143144
"HAVO",1985,15018480
"HAVO",1986,10385320
"HAVO",1987,11612415
"HAVO",1988,11919013
"HAVO",1989,12854148
"HAVO",1990,13316681
"HAVO",1991,22820155
"HAVO",1992,21856439
"HAVO",1993,21724550
"HAVO",1994,21213147
"HAVO",1995,21742440
"HAVO",1996,22596100
"HAVO",1997,29340121
"HAVO",1998,24369669
"HAVO",1999,26005812
"HAVO",2000,25512742
"HAVO",2001,24142448
"HAVO",2002,21731892
"HAVO",2003,21850017
"HAVO",2004,23817363
"HAVO",2005,27761244
"HAVO",2006,29657912
"HAVO",2007,28124434
"HAVO",2008,24973305
"HAVO",2009,24359076
"HAVO",2010,23887955
"HAVO",2011,24628958
"HAVO",2012,26459995
"HAVO",2013,27766319
"HAVO",2014,29609241
"HAVO",2015,31615090
"HAVO",2016,32257266
"HAVO",2017,34336342
"HAVO",2018,20568482
"HAVO",2019,24823201
"HAVO",2020,13788550
"HAVO",2021,23787672
"HAVO",2022,29265582
"HAVO",2023,28986942
"HAVO",2024,26437316
"HEHO",1979,858512
"HEHO",1980,889208
"HEHO",1981,1066000
"HEHO",1982,1055736
"HEHO",1983,1008648
"HEHO",1984,944116
"HEHO",1985,869780
"HEHO",1986,934160
"HEHO",1987,913056
"HEHO",1988,1279280
"HEHO",1989,1237724
"HEHO",1990,1271644
"HEHO",1991,1230940
"HEHO",1992,1260868
"HEHO",1993,931472
"HEHO",1994,1037732
"HEHO",1995,1006236
"HEHO",1996,1005428
"HEHO",1997,881344
"HEHO",1998,966128
"HEHO",1999,835800
"HEHO",2000,809660
"HEHO",2001,772960
"HEHO",2002,805648
"HEHO",2003,771856
"HEHO",2004,768580
"HEHO",2005,647256
"HEHO",2006,578320
"HEHO",2007,511592
"HEHO",2008,609024
"HEHO",2009,689944
"HEHO",2010,608448
"HEHO",2011,575396
"HEHO",2012,553648
"HEHO",2013,554076
"HEHO",2014,594744
"HEHO",2015,547016
"HEHO",2016,647928
"HEHO",2017,616876
"HEHO",2018,590748
"HEHO",2019,541152
"HEHO",2020,263480
"HEHO",2021,317772
"HEHO",2022,453618
"HEHO",2023,477312
"HEHO",2024,595272
"HOBE",1979,1077426
"HOBE",1980,841238
"HOBE",1981,1783106
"HOBE",1982,1633826
"HOBE",1983,1174790
"HOBE",1984,1295490
"HOBE",1985,1338310
"HOBE",1986,1243182
"HOBE",1987,1288356
"HOBE",1988,1414938
"HOBE",1989,1899476
"HOBE",1990,1940512
"HOBE",1991,1583668
"HOBE",1992,1909464
"HOBE",1993,1784530
"HOBE",1994,2884212
"HOBE",1995,3194958
"HOBE",1996,2552068
"HOBE",1997,2778696
"HOBE",1998,3015796
"HOBE",1999,3050460
"HOBE",2000,3152974
"HOBE",2001,3059664
"HOBE",2002,3554620
"HOBE",2003,3889540
"HOBE",2004,3201646
"HOBE",2005,2828126
"HOBE",2006,2955476
"HOBE",2007,2914930
"HOBE",2008,2715662
"HOBE",2009,2973952
"HOBE",2010,3042008
"HOBE",2011,2916864
"HOBE",2012,3023764
"HOBE",2013,2973651
"HOBE",2014,3019098
"HOBE",2015,3200271
"HOBE",2016,3596116
"HOBE",2017,3213044
"HOBE",2018,3203352
"HOBE",2019,372720
"HOBE",2020,268122
"HOBE",2021,465120
"HOBE",2022,538400
"HOBE",2023,571234
"HOBE",2024,489920
"HOCU",1979,180514
"HOCU",1980,189250
"HOCU",1981,202060
"HOCU",1982,159534
"HOCU",1983,155430
"HOCU",1984,157074
"HOCU",1985,149650
"HOCU",1986,160838
"HOCU",1987,173224
"HOCU",1988,167498
"HOCU",1989,158602
"HOCU",1990,142918
"HOCU",1991,145664
"HOCU",1992,133586
"HOCU",1993,131326
"HOCU",1994,146928
"HOCU",1995,161280
"HOCU",1996,162212
"HOCU",1997,122522
"HOCU",1998,170802
"HOCU",1999,147944
"HOCU",2000,126350
"HOCU",2001,123726
"HOCU",2002,122082
"HOCU",2003,279638
"HOCU",2004,214442
"HOCU",2005,180944
"HOCU",2006,182022
"HOCU",2007,181936
"HOCU",2008,168776
"HOCU",2009,205080
"HOCU",2010,203500
"HOCU",2011,203010
"HOCU",2012,236772
"HOCU",2013,193244
"HOCU",2014,218590
"HOCU",2015,261520
"HOCU",2016,348350
"HOCU",2017,374482
"HOCU",2018,344010
"HOCU",2019,362030
"HOCU",2020,214260
"HOCU",2021,287086
"HOCU",2022,311102
"HOCU",2023,372686
"HOCU",2024,392106
"HOFR",1979,1416836
"HOFR",1980,1634782
"HOFR",1981,1546670
"HOFR",1982,1266226
"HOFR",1983,1202406
"HOFR",1984,1273794
"HOFR",1985,1316030
"HOFR",1986,1230208
"HOFR",1987,1143020
"HOFR",1988,1101626
"HOFR",1989,1123546
"HOFR",1990,1090390
"HOFR",1991,1047606
"HOFR",1992,1061448
"HOFR",1993,1049334
"HOFR",1994,963704
"HOFR",1995,941322
"HOFR",1996,1095232
"HOFR",1997,1028560
"HOFR",1998,940102
"HOFR",1999,771166
"HOFR",2000,734668
"HOFR",2001,721292
"HOFR",2002,716714
"HOFR",2003,598646
"HOFR",2004,590918
"HOFR",2005,619076
"HOFR",2006,667842
"HOFR",2007,648226
"HOFR",2008,696714
"HOFR",2009,687514
"HOFR",2010,763972
"HOFR",2011,684002
"HOFR",2012,751494
"HOFR",2013,794536
"HOFR",2014,954696
"HOFR",2015,947846
"HOFR",2016,1015500
"HOFR",2017,970142
"HOFR",2018,809508
"HOFR",2019,765112
"HOFR",2020,186092
"HOFR",2021,191986
"HOFR",2022,512730
"HOFR",2023,599340
"HOFR",2024,617020
"HOFU",1979,593062
"HOFU",1980,724554
"HOFU",1981,637484
"HOFU",1982,670966
"HOFU",1983,714838
"HOFU",1984,665798
"HOFU",1985,684484
"HOFU",1986,616116
"HOFU",1987,572700
"HOFU",1988,579050
"HOFU",1989,455858
"HOFU",1990,438348
"HOFU",1991,473646
"HOFU",1992,505642
"HOFU",1993,482362
"HOFU",1994,417228
"HOFU",1995,388838
"HOFU",1996,404014
"HOFU",1997,379914
"HOFU",1998,382592
"HOFU",1999,328728
"HOFU",2000,306076
"HOFU",2001,287356
"HOFU",2002,269026
"HOFU",2003,238054
"HOFU",2004,222880
"HOFU",2005,221706
"HOFU",2006,218450
"HOFU",2007,248254
"HOFU",2008,218838
"HOFU",2009,235818
"HOFU",2010,247104
"HOFU",2011,199246
"HOFU",2012,234462
"HOFU",2013,204852
"HOFU",2014,213482
"HOFU",2015,227304
"HOFU",2016,240138
"HOFU",2017,218748
"HOFU",2018,205992
"HOFU",2019,221190
"HOFU",2020,152666
"HOFU",2021,218656
"HOFU",2022,255127
"HOFU",2023,241652
"HOFU",2024,217374
"HOME",1979,78104
"HOME",1980,69280
"HOME",1981,70686
"HOME",1982,82154
"HOME",1983,98110
"HOME",1984,93836
"HOME",1985,91410
"HOME",1986,167940
"HOME",1987,166126
"HOME",1988,141104
"HOME",1989,151362
"HOME",1990,153882
"HOME",1991,166488
"HOME",1992,177628
"HOME",1993,190682
"HOME",1994,126792
"HOME",1995,178112
"HOME",1996,196166
"HOME",1997,158990
"HOME",1998,209638
"HOME",1999,225446
"HOME",2000,236892
"HOME",2001,281242
"HOME",2002,283016
"HOME",2003,1034664
"HOME",2004,1041158
"HOME",2005,1155858
"HOME",2006,1191842
"HOME",2007,1335774
"HOME",2008,1245796
"HOME",2009,1308584
"HOME",2010,1496664
"HOME",2011,1412854
"HOME",2012,1493646
"HOME",2013,1210597
"HOME",2014,1301635
"HOME",2015,1395215
"HOME",2016,1547625
"HOME",2017,1674924
"HOME",2018,1204090
"HOME",2019,1074431
"HOME",2020,904644
"HOME",2021,1062735
"HOME",2022,1021444
"HOME",2023,1062432
"HOME",2024,993429
"HOSP",1979,13230665
"HOSP",1980,13350283
"HOSP",1981,13554313
"HOSP",1982,12819237
"HOSP",1983,13285030
"HOSP",1984,13538943
"HOSP",1985,13201888
"HOSP",1986,14066752
"HOSP",1987,13197283
"HOSP",1988,13462866
"HOSP",1989,14247263
"HOSP",1990,13057396
"HOSP",1991,13532882
"HOSP",1992,10177940
"HOSP",1993,10127629
"HOSP",1994,10688056
"HOSP",1995,10494401
"HOSP",1996,9997621
"HOSP",1997,9838878
"HOSP",1998,9868758
"HOSP",1999,9276885
"HOSP",2000,9305867
"HOSP",2001,9033570
"HOSP",2002,9715754
"HOSP",2003,10393423
"HOSP",2004,10614983
"HOSP",2005,14557282
"HOSP",2006,14892712
"HOSP",2007,14262533
"HOSP",2008,13251396
"HOSP",2009,13301577
"HOSP",2010,14071523
"HOSP",2011,14796851
"HOSP",2012,14017388
"HOSP",2013,13716888
"HOSP",2014,14305488
"HOSP",2015,14913600
"HOSP",2016,15868916
"HOSP",2017,11891648
"HOSP",2018,11303107
"HOSP",2019,11072306
"HOSP",2020,11541104
"HOSP",2021,17445537
"HOSP",2022,21049969
"HOSP",2023,19415151
"HOSP",2024,20104759
"HOVE",1979,188279
"HOVE",1980,171229
"HOVE",1981,166993
"HOVE",1982,176661
"HOVE",1983,168377
"HOVE",1984,179923
"HOVE",1985,176725
"HOVE",1986,195236
"HOVE",1987,238233
"HOVE",1988,253872
"HOVE",1989,312104
"HOVE",1990,306206
"HOVE",1991,310861
"HOVE",1992,333499
"HOVE",1993,282763
"HOVE",1994,289686
"HOVE",1995,282763
"HOVE",1996,131714
"HOVE",1997,178317
"HOVE",1998,203859
"HOVE",1999,360534
"HOVE",2000,331359
"HOVE",2001,293946
"HOVE",2002,257787
"HOVE",2003,254110
"HOVE",2004,232077
"HOVE",2005,232502
"HOVE",2006,226944
"HOVE",2007,226026
"HOVE",2008,231212
"HOVE",2009,250878
"HOVE",2010,251532
"HOVE",2011,235322
"HOVE",2012,235644
"HOVE",2013,218655
"HOVE",2014,249942
"HOVE",2015,332542
"HOVE",2016,380038
"HOVE",2017,381613
"HOVE",2018,366272
"HOVE",2019,325218
"HOVE",2020,171669
"HOVE",2021,255587
"HOVE",2022,262077
"HOVE",2023,297789
"HOVE",2024,332299
"HSTR",1984,343474
"HSTR",1985,392372
"HSTR",1986,391890
"HSTR",1987,354582
"HSTR",1988,430864
"HSTR",1989,399976
"HSTR",1990,406354
"HSTR",1991,395644
"HSTR",1992,398460
"HSTR",1993,254442
"HSTR",1994,234166
"HSTR",1995,246090
"HSTR",1996,234058
"HSTR",1997,221854
"HSTR",1998,196830
"HSTR",1999,183338
"HSTR",2000,165096
"HSTR",2001,164744
"HSTR",2002,163930
"HSTR",2003,151854
"HSTR",2004,135608
"HSTR",2005,135670
"HSTR",2006,123686
"HSTR",2007,112096
"HSTR",2008,108652
"HSTR",2009,100476
"HSTR",2010,96638
"HSTR",2011,99736
"HSTR",2012,103408
"HSTR",2013,99734
"HSTR",2014,102744
"HSTR",2015,113156
"HSTR",2016,120022
"HSTR",2017,156746
"HSTR",2018,114930
"HSTR",2019,108090
"HSTR",2020,29454
"HSTR",2021,36446
"HSTR",2022,72228
"HSTR",2023,88708
"HSTR",2024,80810
"HUTR",1979,440766
"HUTR",1980,300448
"HUTR",1981,456104
"HUTR",1982,447492
"HUTR",1983,410388
"HUTR",1984,402118
"HUTR",1985,354376
"HUTR",1986,432340
"HUTR",1987,411824
"HUTR",1988,461460
"HUTR",1989,535660
"HUTR",1990,560082
"HUTR",1991,643290
"HUTR",1992,716572
"HUTR",1993,773224
"HUTR",1994,730220
"HUTR",1995,734238
"HUTR",1996,779088
"HUTR",1997,814972
"HUTR",1998,834384
"HUTR",1999,625748
"HUTR",2000,667714
"HUTR",2001,722994
"HUTR",2002,608464
"HUTR",2003,508386
"HUTR",2004,406856
"HUTR",2005,301494
"HUTR",2006,231244
"HUTR",2007,221220
"HUTR",2008,199206
"HUTR",2009,312386
"HUTR",2010,255700
"HUTR",2011,278912
"HUTR",2012,238964
"HUTR",2013,240838
"HUTR",2014,258420
"HUTR",2015,212462
"HUTR",2016,215350
"HUTR",2017,150206
"HUTR",2018,130669
"HUTR",2019,163809
"HUTR",2020,45882
"HUTR",2021,75756
"HUTR",2022,162996
"HUTR",2023,175647
"HUTR",2024,152084
"IATR",2024,118844
"INDE",1979,12769866
"INDE",1980,13028554
"INDE",1981,11189512
"INDE",1982,13061736
"INDE",1983,14549144
"INDE",1984,14473576
"INDE",1985,14316418
"INDE",1986,15284852
"INDE",1987,26007186
"INDE",1988,15785096
"INDE",1989,15640110
"INDE",1990,16522766
"INDE",1991,16307110
"INDE",1992,16753710
"INDE",1993,16884682
"INDE",1994,15784640
"INDE",1995,15354076
"INDE",1996,15667192
"INDE",1997,15923194
"INDE",1998,15120416
"INDE",1999,15386358
"INDE",2000,15891362
"INDE",2001,14105296
"INDE",2002,14674508
"INDE",2003,13534938
"INDE",2004,20469198
"INDE",2005,19794730
"INDE",2006,17792476
"INDE",2007,18695224
"INDE",2008,20546326
"INDE",2009,19956624
"INDE",2010,18814356
"INDE",2011,17883148
"INDE",2012,18121762
"INDE",2013,17848602
"INDE",2014,18333174
"INDE",2015,21720238
"INDE",2016,25540092
"INDE",2017,24082528
"INDE",2018,22959054
"INDE",2019,22771530
"INDE",2020,4536528
"INDE",2021,7494842
"INDE",2022,13485144
"INDE",2023,15284100
"INDE",2024,14101820
"INDU",1979,27950608
"INDU",1980,25604482
"INDU",1981,21033372
"INDU",1982,8826480
"INDU",1983,12023772
"INDU",1984,12257038
"INDU",1985,13713172
"INDU",1986,11091544
"INDU",1987,11948842
"INDU",1988,14169720
"INDU",1989,13417038
"INDU",1990,12565318
"INDU",1991,13380272
"INDU",1992,12849249
"INDU",1993,13263555
"INDU",1994,12207150
"INDU",1995,12358803
"INDU",1996,11069293
"INDU",1997,10738304
"INDU",1998,15202065
"INDU",1999,13471931
"INDU",2000,14207277
"INDU",2001,13603070
"INDU",2002,15359636
"INDU",2003,14807309
"INDU",2004,13969949
"INDU",2005,15930313
"INDU",2006,14374957
"INDU",2007,14610395
"INDU",2008,14136660
"INDU",2009,14882143
"INDU",2010,16160272
"INDU",2011,13905229
"INDU",2012,13906370
"INDU",2013,12571944
"INDU",2014,11441183
"INDU",2015,12189127
"INDU",2016,12547554
"INDU",2017,16000208
"INDU",2018,12983613
"INDU",2019,15791630
"INDU",2020,16997803
"INDU",2021,22923736
"INDU",2022,21292112
"INDU",2023,20969675
"INDU",2024,20293434
"ISRO",1979,3408398
"ISRO",1980,3148446
"ISRO",1981,2985912
"ISRO",1982,2841367
"ISRO",1983,2750909
"ISRO",1984,2463656
"ISRO",1985,2732795
"ISRO",1986,2910162
"ISRO",1987,2811354
"ISRO",1988,2732970
"ISRO",1989,2811248
"ISRO",1990,2934813
"ISRO",1991,2950064
"ISRO",1992,2999475
"ISRO",1993,3104080
"ISRO",1994,3345551
"ISRO",1995,3407822
"ISRO",1996,3588253
"ISRO",1997,3185604
"ISRO",1998,3318020
"ISRO",1999,3320414
"ISRO",2000,3141258
"ISRO",2001,3443441
"ISRO",2002,2973874
"ISRO",2003,2934613
"ISRO",2004,2714863
"ISRO",2005,2788970
"ISRO",2006,2682820
"ISRO",2007,2645185
"ISRO",2008,2393618
"ISRO",2009,2216943
"ISRO",2010,2536804
"ISRO",2011,2523810
"ISRO",2012,2490727
"ISRO",2013,2415909
"ISRO",2014,2343688
"ISRO",2015,2345251
"ISRO",2016,2596624
"ISRO",2017,2660322
"ISRO",2018,2728177
"ISRO",2019,2890632
"ISRO",2020,675092
"ISRO",2021,3067180
"ISRO",2022,3077451
"ISRO",2023,3338906
"ISRO",2024,3371284
"JAGA",1997,24444
"JAGA",1998,155352
"JAGA",1999,144354
"JAGA",2000,141774
"JAGA",2001,126690
"JAGA",2002,101754
"JAGA",2003,107904
"JAGA",2004,83838
"JAGA",2005,92004
"JAGA",2006,119496
"JAGA",2007,115176
"JAGA",2008,163734
"JAGA",2009,102600
"JAGA",2010,149118
"JAGA",2011,188994
"JAGA",2012,218250
"JAGA",2013,126162
"JAGA",2014,107736
"JAGA",2015,147036
"JAGA",2016,272622
"JAGA",2017,321216
"JAGA",2018,245010
"JAGA",2019,247830
"JAGA",2020,88782
"JAGA",2021,125892
"JAGA",2022,193038
"JAGA",2023,219318
"JAGA",2024,238026
"JAZZ",2000,85174
"JAZZ",2001,278444
"JAZZ",2002,232220
"JAZZ",2003,212654
"JAZZ",2004,235884
"JAZZ",2005,201662
"JAZZ",2006,163590
"JAZZ",2007,262386
"JAZZ",2008,357346
"JAZZ",2009,414728
"JAZZ",2010,409682
"JAZZ",2011,650732
"JAZZ",2012,969960
"JAZZ",2013,1113536
"JAZZ",2014,229028
"JAZZ",2015,282376
"JAZZ",2016,260456
"JAZZ",2017,261818
"JAZZ",2018,338678
"JAZZ",2019,247604
"JAZZ",2020,57706
"JAZZ",2021,71554
"JAZZ",2022,169536
"JAZZ",2023,207540
"JAZZ",2024,244616
"JECA",1979,405436
"JECA",1980,440902
"JECA",1981,500924
"JECA",1982,431310
"JECA",1983,445862
"JECA",1984,496238
"JECA",1985,580668
"JECA",1986,630216
"JECA",1987,684700
"JECA",1988,634724
"JECA",1989,662962
"JECA",1990,709328
"JECA",1991,798194
"JECA",1992,800140
"JECA",1993,776688
"JECA",1994,980510
"JECA",1995,665340
"JECA",1996,618760
"JECA",1997,567970
"JECA",1998,565144
"JECA",1999,582180
"JECA",2000,544760
"JECA",2001,526698
"JECA",2002,559176
"JECA",2003,787378
"JECA",2004,684354
"JECA",2005,647258
"JECA",2006,621950
"JECA",2007,642594
"JECA",2008,633304
"JECA",2009,795514
"JECA",2010,670758
"JECA",2011,526460
"JECA",2012,1145222
"JECA",2013,1018019
"JECA",2014,1006986
"JECA",2015,1106416
"JECA",2016,1275428
"JECA",2017,1307712
"JECA",2018,1065458
"JECA",2019,877170
"JECA",2020,288066
"JECA",2021,688861
"JECA",2022,904224
"JECA",2023,947487
"JECA",2024,1117824
"JEFF",1979,7789744
"JEFF",1980,8070716
"JEFF",1981,9659496
"JEFF",1982,17731330
"JEFF",1983,11828826
"JEFF",1984,6842756
"JEFF",1985,8564048
"JEFF",1986,9276830
"JEFF",1987,9801654
"JEFF",1988,10273954
"JEFF",1989,10416930
"JEFF",1990,9896736
"JEFF",1991,10919152
"JEFF",1992,10049128
"JEFF",1993,10596250
"JEFF",1994,10533604
"JEFF",1995,33088436
"JEFF",1996,37566556
"JEFF",1997,35434004
"JEFF",1998,35361382
"JEFF",1999,36076482
"JEFF",2000,35866466
"JEFF",2001,36368572
"JEFF",2002,34204994
"JEFF",2003,27550798
"JEFF",2004,28552604
"JEFF",2005,30112206
"JEFF",2006,26325214
"JEFF",2007,24574984
"JEFF",2008,20229124
"JEFF",2009,24233834
"JEFF",2010,25022000
"JEFF",2011,23154266
"JEFF",2012,25541122
"JEFF",2013,24385028
"JEFF",2014,18577442
"JEFF",2015,16986558
"JEFF",2016,12718554
"JEFF",2017,13981884
"JEFF",2018,20161828
"JEFF",2019,20553084
"JEFF",2020,4218206
"JEFF",2021,11450812
"JEFF",2022,16157458
"JEFF",2023,15506150
"JEFF",2024,16403532
"JEFM",1979,5432214
"JEFM",1980,2839576
"JEFM",1981,5881352
"JEFM",1982,3812398
"JEFM",1983,4738412
"JEFM",1984,10216394
"JEFM",1985,6784426
"JEFM",1986,9687720
"JEFM",1987,5455868
"JEFM",1988,3988600
"JEFM",1989,2771434
"JEFM",1990,2382308
"JEFM",1991,1966332
"JEFM",1992,2544560
"JEFM",1993,2142290
"JEFM",1994,1594310
"JEFM",1995,1764160
"JEFM",1996,2246592
"JEFM",1997,2860230
"JEFM",1998,6418654
"JEFM",1999,6656516
"JEFM",2000,5928980
"JEFM",2001,6677276
"JEFM",2002,6200800
"JEFM",2003,4926880
"JEFM",2004,6601120
"JEFM",2005,6938176
"JEFM",2006,6657760
"JEFM",2007,6981760
"JEFM",2008,7089792
"JEFM",2009,7013600
"JEFM",2010,6917568
"JEFM",2011,5837088
"JEFM",2012,7839392
"JEFM",2013,7828384
"JEFM",2014,8125824
"JEFM",2015,9307328
"JEFM",2016,10243040
"JEFM",2017,10099712
"JEFM",2018,9596576
"JEFM",2019,9290688
"JEFM",2020,2557880
"JEFM",2021,5501770
"JEFM",2022,8925448
"JEFM",2023,8954756
"JEFM",2024,8745958
"JELA",1979,789280
"JELA",1980,1080508
"JELA",1981,1526622
"JELA",1982,1577526
"JELA",1983,2346562
"JELA",1984,3724778
"JELA",1985,3266560
"JELA",1986,4570024
"JELA",1987,6357154
"JELA",1988,6169544
"JELA",1989,6363066
"JELA",1990,6576802
"JELA",1991,6081714
"JELA",1992,6521112
"JELA",1993,6292320
"JELA",1994,5971218
"JELA",1995,6366304
"JELA",1996,5698800
"JELA",1997,5727936
"JELA",1998,5667960
"JELA",1999,5848344
"JELA",2000,5861256
"JELA",2001,6376730
"JELA",2002,4715582
"JELA",2003,4492772
"JELA",2004,4288270
"JELA",2005,2426954
"JELA",2006,1628766
"JELA",2007,2105180
"JELA",2008,2301554
"JELA",2009,2311660
"JELA",2010,2554202
"JELA",2011,2892296
"JELA",2012,2951300
"JELA",2013,2879322
"JELA",2014,3103896
"JELA",2015,2952420
"JELA",2016,3104042
"JELA",2017,3237904
"JELA",2018,4004098
"JELA",2019,4247482
"JELA",2020,1711434
"JELA",2021,2133538
"JELA",2022,2280280
"JELA",2023,1853674
"JELA",2024,1517602
"JICA",1988,68572
"JICA",1989,103566
"JICA",1990,104470
"JICA",1991,102840
"JICA",1992,105404
"JICA",1993,86218
"JICA",1994,85222
"JICA",1995,96788
"JICA",1996,119306
"JICA",1997,133650
"JICA",1998,148894
"JICA",1999,147300
"JICA",2000,156316
"JICA",2001,179154
"JICA",2002,158120
"JICA",2003,188356
"JICA",2004,213886
"JICA",2005,376116
"JICA",2006,388414
"JICA",2007,389480
"JICA",2008,384468
"JICA",2009,318654
"JICA",2010,301388
"JICA",2011,297238
"JICA",2012,310464
"JICA",2013,303902
"JICA",2014,271398
"JICA",2015,293748
"JICA",2016,283234
"JICA",2017,262106
"JICA",2018,228868
"JICA",2019,219388
"JICA",2020,63870
"JICA",2021,119116
"JICA",2022,156676
"JICA",2023,180106
"JICA",2024,146098
"JODA",1979,294028
"JODA",1980,317336
"JODA",1981,345464
"JODA",1982,327029
"JODA",1983,337506
"JODA",1984,313180
"JODA",1985,310477
"JODA",1986,320881
"JODA",1987,361706
"JODA",1988,388296
"JODA",1989,409002
"JODA",1990,390394
"JODA",1991,475602
"JODA",1992,498186
"JODA",1993,579890
"JODA",1994,512378
"JODA",1995,569298
"JODA",1996,537340
"JODA",1997,499046
"JODA",1998,441574
"JODA",1999,438510
"JODA",2000,443904
"JODA",2001,435120
"JODA",2002,503852
"JODA",2003,477016
"JODA",2004,517764
"JODA",2005,549404
"JODA",2006,526590
"JODA",2007,548396
"JODA",2008,496012
"JODA",2009,574620
"JODA",2010,585828
"JODA",2011,641218
"JODA",2012,641866
"JODA",2013,676998
"JODA",2014,794226
"JODA",2015,849764
"JODA",2016,909526
"JODA",2017,928732
"JODA",2018,885814
"JODA",2019,853280
"JODA",2020,384474
"JODA",2021,642400
"JODA",2022,715520
"JODA",2023,731998
"JODA",2024,531174
"JODR",1979,7110849
"JODR",1980,7024986
"JODR",1981,8326517
"JODR",1982,8481497
"JODR",1983,7506415
"JODR",1984,7093077
"JODR",1985,6729288
"JODR",1986,7041237
"JODR",1987,7544182
"JODR",1988,5988831
"JODR",1989,7537651
"JODR",1990,8336728
"JODR",1991,8742347
"JODR",1992,9427294
"JODR",1993,8164830
"JODR",1994,8611632
"JODR",1995,8708836
"JODR",1996,8795174
"JODR",1997,8703530
"JODR",1998,8434792
"JODR",1999,8501212
"JODR",2000,7290378
"JODR",2001,7356368
"JODR",2002,6615294
"JODR",2003,7224300
"JODR",2004,6505070
"JODR",2005,7162446
"JODR",2006,5697320
"JODR",2007,7252520
"JODR",2008,5798220
"JODR",2009,5811722
"JODR",2010,6360540
"JODR",2011,6120260
"JODR",2012,5609714
"JODR",2013,5653090
"JODR",2014,5842716
"JODR",2015,6721352
"JODR",2016,6350880
"JODR",2017,6434114
"JODR",2018,6824190
"JODR",2019,6306896
"JODR",2020,6284442
"JODR",2021,7996180
"JODR",2022,7431324
"JODR",2023,7267092
"JODR",2024,7656648
"JOFI",1979,51484
"JOFI",1980,46128
"JOFI",1981,47348
"JOFI",1982,44876
"JOFI",1983,48694
"JOFI",1984,50410
"JOFI",1985,46506
"JOFI",1986,49682
"JOFI",1987,43038
"JOFI",1988,46486
"JOFI",1989,43912
"JOFI",1990,49174
"JOFI",1991,40634
"JOFI",1992,34040
"JOFI",1993,38996
"JOFI",1994,35446
"JOFI",1995,27754
"JOFI",1996,47156
"JOFI",1997,40528
"JOFI",1998,32776
"JOFI",1999,69146
"JOFI",2000,36790
"JOFI",2001,36738
"JOFI",2002,28254
"JOFI",2003,27992
"JOFI",2004,33222
"JOFI",2005,22850
"JOFI",2006,19472
"JOFI",2007,26692
"JOFI",2008,30272
"JOFI",2009,49004
"JOFI",2010,52400
"JOFI",2011,55406
"JOFI",2012,67932
"JOFI",2013,51820
"JOFI",2014,78816
"JOFI",2015,55456
"JOFI",2016,76402
"JOFI",2017,91196
"JOFI",2018,72228
"JOFI",2019,74516
"JOFI",2020,1354
"JOFI",2021,0
"JOFI",2022,300
"JOFI",2023,24546
"JOFI",2024,54538
"JOFK",1979,16522220
"JOFK",1980,16892524
"JOFK",1981,20652180
"JOFK",1982,21805028
"JOFK",1983,20422888
"JOFK",1984,19827524
"JOFK",1985,19230704
"JOFK",1986,21657216
"JOFK",1987,22553644
"JOFK",1988,22988504
"JOFK",1989,21170992
"JOFK",1990,21801436
"JOFK",1991,19931492
"JOFK",1992,18524772
"JOFK",1993,20457508
"JOFK",1994,12400936
"JOFL",1979,146406
"JOFL",1980,111788
"JOFL",1981,123676
"JOFL",1982,150276
"JOFL",1983,130708
"JOFL",1984,208548
"JOFL",1985,200390
"JOFL",1986,205756
"JOFL",1987,277258
"JOFL",1988,523946
"JOFL",1989,1462912
"JOFL",1990,927826
"JOFL",1991,963384
"JOFL",1992,867016
"JOFL",1993,648312
"JOFL",1994,624514
"JOFL",1995,669262
"JOFL",1996,707110
"JOFL",1997,638050
"JOFL",1998,661688
"JOFL",1999,606066
"JOFL",2000,696758
"JOFL",2001,687586
"JOFL",2002,791276
"JOFL",2003,661820
"JOFL",2004,691778
"JOFL",2005,690798
"JOFL",2006,714512
"JOFL",2007,745164
"JOFL",2008,811176
"JOFL",2009,770236
"JOFL",2010,723718
"JOFL",2011,737380
"JOFL",2012,824684
"JOFL",2013,820580
"JOFL",2014,916946
"JOFL",2015,1012985
"JOFL",2016,954823
"JOFL",2017,1026647
"JOFL",2018,917814
"JOFL",2019,1087223
"JOFL",2020,640927
"JOFL",2021,912202
"JOFL",2022,913623
"JOFL",2023,959376
"JOFL",2024,391024
"JOMU",1979,160530
"JOMU",1980,168576
"JOMU",1981,158332
"JOMU",1982,193588
"JOMU",1983,166292
"JOMU",1984,191262
"JOMU",1985,183036
"JOMU",1986,209138
"JOMU",1987,192748
"JOMU",1988,195410
"JOMU",1989,194012
"JOMU",1990,136672
"JOMU",1991,128344
"JOMU",1992,117880
"JOMU",1993,160346
"JOMU",1994,168824
"JOMU",1995,152570
"JOMU",1996,158224
"JOMU",1997,173224
"JOMU",1998,166330
"JOMU",1999,170476
"JOMU",2000,176520
"JOMU",2001,137406
"JOMU",2002,155940
"JOMU",2003,143344
"JOMU",2004,153244
"JOMU",2005,152584
"JOMU",2006,159446
"JOMU",2007,163892
"JOMU",2008,153014
"JOMU",2009,182598
"JOMU",2010,183614
"JOMU",2011,165210
"JOMU",2012,195932
"JOMU",2013,192575
"JOMU",2014,210440
"JOMU",2015,215378
"JOMU",2016,247524
"JOMU",2017,235128
"JOMU",2018,235797
"JOMU",2019,203778
"JOMU",2020,168083
"JOMU",2021,184572
"JOMU",2022,194388
"JOMU",2023,254416
"JOMU",2024,229042
"JOTR",1979,19138710
"JOTR",1980,21828644
"JOTR",1981,18575361
"JOTR",1982,19155290
"JOTR",1983,20726063
"JOTR",1984,21340722
"JOTR",1985,19247535
"JOTR",1986,22439772
"JOTR",1987,24667511
"JOTR",1988,26635981
"JOTR",1989,29763058
"JOTR",1990,31189645
"JOTR",1991,35031237
"JOTR",1992,36455389
"JOTR",1993,22425535
"JOTR",1994,21094803
"JOTR",1995,20960385
"JOTR",1996,20208116
"JOTR",1997,20558342
"JOTR",1998,22678748
"JOTR",1999,22046571
"JOTR",2000,21110661
"JOTR",2001,21529612
"JOTR",2002,22411456
"JOTR",2003,23714173
"JOTR",2004,21322664
"JOTR",2005,23584252
"JOTR",2006,21813700
"JOTR",2007,22668702
"JOTR",2008,22403015
"JOTR",2009,23090221
"JOTR",2010,25091346
"JOTR",2011,24537634
"JOTR",2012,25220934
"JOTR",2013,25444032
"JOTR",2014,28970796
"JOTR",2015,34950065
"JOTR",2016,39851623
"JOTR",2017,43643187
"JOTR",2018,42317773
"JOTR",2019,42088403
"JOTR",2020,33054042
"JOTR",2021,41960592
"JOTR",2022,44037323
"JOTR",2023,45995268
"JOTR",2024,42738172
"KAHO",1988,37386
"KAHO",1989,51940
"KAHO",1990,70730
"KAHO",1991,399368
"KAHO",1992,404016
"KAHO",1993,417146
"KAHO",1994,421644
"KAHO",1995,436776
"KAHO",1996,436854
"KAHO",1997,383104
"KAHO",1998,446040
"KAHO",1999,363204
"KAHO",2000,315338
"KAHO",2001,388500
"KAHO",2002,501064
"KAHO",2003,582338
"KAHO",2004,679514
"KAHO",2005,597634
"KAHO",2006,874652
"KAHO",2007,927364
"KAHO",2008,738318
"KAHO",2009,800324
"KAHO",2010,866900
"KAHO",2011,1068832
"KAHO",2012,994874
"KAHO",2013,1021562
"KAHO",2014,998398
"KAHO",2015,1108164
"KAHO",2016,1209524
"KAHO",2017,1285932
"KAHO",2018,1408652
"KAHO",2019,1519030
"KAHO",2020,861758
"KAHO",2021,1706342
"KAHO",2022,1851204
"KAHO",2023,1854354
"KAHO",2024,2221550
"KALA",1996,1121652
"KALA",1997,1367316
"KALA",1998,1502424
"KALA",1999,1042290
"KALA",2000,1565802
"KALA",2001,1134108
"KALA",2002,1094850
"KALA",2003,1043496
"KALA",2004,1112346
"KALA",2005,877896
"KALA",2006,843102
"KALA",2007,1097856
"KALA",2008,1096812
"KALA",2009,551772
"KALA",2010,502542
"KALA",2011,1041138
"KALA",2012,1059750
"KALA",2013,1820016
"KALA",2014,1209780
"KALA",2015,1222038
"KALA",2016,1287486
"KALA",2017,599616
"KALA",2018,521028
"KALA",2019,471618
"KALA",2020,107926
"KALA",2021,153786
"KALA",2022,244464
"KALA",2023,298700
"KALA",2024,204398
"KATM",1979,527512
"KATM",1980,507263
"KATM",1981,522934
"KATM",1982,430327
"KATM",1983,949871
"KATM",1984,1831006
"KATM",1985,851080
"KATM",1986,1043274
"KATM",1987,1053791
"KATM",1988,933683
"KATM",1989,1374965
"KATM",1990,1270737
"KATM",1991,1196382
"KATM",1992,1284989
"KATM",1993,1520079
"KATM",1994,2666633
"KATM",1995,0
"KATM",1997,919742
"KATM",1998,1111861
"KATM",1999,1703615
"KATM",2000,1968914
"KATM",2001,1878131
"KATM",2002,1804413
"KATM",2003,742613
"KATM",2004,1300779
"KATM",2005,972435
"KATM",2006,1085799
"KATM",2007,1161574
"KATM",2008,138678
"KATM",2009,717463
"KATM",2010,774419
"KATM",2011,823020
"KATM",2012,945837
"KATM",2013,764719
"KATM",2014,743706
"KATM",2015,557906
"KATM",2016,557906
"KATM",2017,557906
"KATM",2018,557906
"KATM",2019,698956
"KATM",2020,1260992
"KATM",2021,1027518
"KATM",2022,1504358
"KATM",2023,1548067
"KATM",2024,1455060
"KAWW",2020,404594
"KAWW",2021,428288
"KAWW",2022,521070
"KAWW",2023,444168
"KAWW",2024,384447
"KEFJ",1982,148370
"KEFJ",1983,200052
"KEFJ",1984,187060
"KEFJ",1985,329562
"KEFJ",1986,415682
"KEFJ",1987,458465
"KEFJ",1988,306484
"KEFJ",1989,390773
"KEFJ",1990,381157
"KEFJ",1991,1524260
"KEFJ",1992,837022
"KEFJ",1993,1249414
"KEFJ",1994,1297912
"KEFJ",1995,1254562
"KEFJ",1996,2047186
"KEFJ",1997,2373634
"KEFJ",1998,2201580
"KEFJ",1999,2468712
"KEFJ",2000,2193754
"KEFJ",2001,2259110
"KEFJ",2002,2121976
"KEFJ",2003,2008872
"KEFJ",2004,1987130
"KEFJ",2005,2213772
"KEFJ",2006,2178360
"KEFJ",2007,2400166
"KEFJ",2008,2339902
"KEFJ",2009,1820084
"KEFJ",2010,2254962
"KEFJ",2011,2546188
"KEFJ",2012,2346242
"KEFJ",2013,2369888
"KEFJ",2014,2233046
"KEFJ",2015,2471504
"KEFJ",2016,3018030
"KEFJ",2017,2546186
"KEFJ",2018,2855830
"KEFJ",2019,3069510
"KEFJ",2020,910476
"KEFJ",2021,3686720
"KEFJ",2022,3520786
"KEFJ",2023,3253772
"KEFJ",2024,3522238
"KEMO",1979,18071430
"KEMO",1980,18475730
"KEMO",1981,18907570
"KEMO",1982,18221302
"KEMO",1983,10005088
"KEMO",1984,9690488
"KEMO",1985,8031722
"KEMO",1986,8378270
"KEMO",1987,8964604
"KEMO",1988,8614698
"KEMO",1989,9228722
"KEMO",1990,9111202
"KEMO",1991,27454484
"KEMO",1992,29372466
"KEMO",1993,29330296
"KEMO",1994,29551972
"KEMO",1995,30089904
"KEMO",1996,30172640
"KEMO",1997,29465928
"KEMO",1998,29761292
"KEMO",1999,30355442
"KEMO",2000,30578024
"KEMO",2001,30516218
"KEMO",2002,30656930
"KEMO",2003,31147490
"KEMO",2004,30210846
"KEMO",2005,29313954
"KEMO",2006,66466764
"KEMO",2007,66564910
"KEMO",2008,66836206
"KEMO",2009,66681070
"KEMO",2010,67252566
"KEMO",2011,68190130
"KEMO",2012,68978192
"KEMO",2013,68921169
"KEMO",2014,69688466
"KEMO",2015,69893229
"KEMO",2016,70668340
"KEMO",2017,71725544
"KEMO",2018,71589944
"KEMO",2019,72434920
"KEMO",2020,71221432
"KEMO",2021,68714886
"KEMO",2022,67042035
"KEMO",2023,89376599
"KEMO",2024,89103029
"KEWE",2016,92896
"KEWE",2017,108800
"KEWE",2018,122827
"KEWE",2019,119000
"KEWE",2020,9208
"KEWE",2021,66566
"KEWE",2022,90208
"KEWE",2023,148572
"KEWE",2024,156412
"KICA",1979,56852556
"KICA",1980,57787774
"KICA",1981,54406468
"KICA",1982,58737763
"KICA",1983,53625737
"KICA",1984,63579028
"KICA",1985,59422449
"KICA",1986,69886500
"KICA",1987,73677957
"KICA",1988,68503414
"KICA",1989,71118498
"KICA",1990,73397713
"KICA",1991,74017945
"KICA",1992,42273412
"KICA",1993,43178791
"KICA",1994,49785915
"KICA",1995,59769775
"KICA",1996,32777265
"KICA",1997,32255047
"KICA",1998,36408462
"KICA",1999,38507354
"KICA",2000,35930295
"KICA",2001,36665169
"KICA",2002,36554210
"KICA",2003,37516348
"KICA",2004,34777020
"KICA",2005,40141144
"KICA",2006,37731660
"KICA",2007,39018183
"KICA",2008,38061943
"KICA",2009,41115704
"KICA",2010,40787461
"KICA",2011,38807385
"KICA",2012,40126305
"KICA",2013,39179696
"KICA",2014,34792019
"KICA",2015,32172283
"KICA",2016,42493178
"KICA",2017,48497983
"KICA",2018,48082538
"KICA",2019,44168816
"KICA",2020,28164558
"KICA",2021,38013070
"KICA",2022,44710653
"KICA",2023,45434089
"KICA",2024,48752433
"KIMO",1979,1298674
"KIMO",1980,1346442
"KIMO",1981,1362586
"KIMO",1982,1299842
"KIMO",1983,1285278
"KIMO",1984,1430312
"KIMO",1985,1339682
"KIMO",1986,1364136
"KIMO",1987,1357902
"KIMO",1988,1466928
"KIMO",1989,1399226
"KIMO",1990,1403424
"KIMO",1991,1425610
"KIMO",1992,1449314
"KIMO",1993,1445740
"KIMO",1994,1443418
"KIMO",1995,1415240
"KIMO",1996,1398788
"KIMO",1997,1506066
"KIMO",1998,1601120
"KIMO",1999,1609208
"KIMO",2000,1617458
"KIMO",2001,1784114
"KIMO",2002,1614562
"KIMO",2003,1686328
"KIMO",2004,1632412
"KIMO",2005,1717758
"KIMO",2006,1570896
"KIMO",2007,1652112
"KIMO",2008,1642296
"KIMO",2009,1778340
"KIMO",2010,1786580
"KIMO",2011,1730082
"KIMO",2012,1674482
"KIMO",2013,1504549
"KIMO",2014,1603925
"KIMO",2015,1585228
"KIMO",2016,1685253
"KIMO",2017,1960710
"KIMO",2018,1748040
"KIMO",2019,1566901
"KIMO",2020,1218269
"KIMO",2021,1323422
"KIMO",2022,1214920
"KIMO",2023,1166737
"KIMO",2024,985443
"KLGO",1982,533319
"KLGO",1983,442014
"KLGO",1984,477342
"KLGO",1985,492315
"KLGO",1986,571597
"KLGO",1987,611784
"KLGO",1988,604053
"KLGO",1989,544908
"KLGO",1990,646416
"KLGO",1991,626636
"KLGO",1992,829008
"KLGO",1993,4059937
"KLGO",1994,3966400
"KLGO",1995,4470562
"KLGO",1996,4948548
"KLGO",1997,6556646
"KLGO",1998,6939387
"KLGO",1999,6851218
"KLGO",2000,7355269
"KLGO",2001,7431093
"KLGO",2002,7800287
"KLGO",2003,8641982
"KLGO",2004,9225341
"KLGO",2005,9514165
"KLGO",2006,9238183
"KLGO",2007,9627379
"KLGO",2008,9764715
"KLGO",2009,9476496
"KLGO",2010,8125582
"KLGO",2011,8010534
"KLGO",2012,8632883
"KLGO",2013,9379120
"KLGO",2014,10571060
"KLGO",2015,9290640
"KLGO",2016,9205649
"KLGO",2017,9244271
"KLGO",2018,10406281
"KLGO",2019,11444832
"KLGO",2020,11202
"KLGO",2021,439114
"KLGO",2022,1497866
"KLGO",2023,12810144
"KLGO",2024,13762478
"KLSE",1979,112786
"KLSE",1980,145328
"KLSE",1981,168566
"KLSE",1982,159248
"KLSE",1983,157652
"KLSE",1984,188490
"KLSE",1985,179540
"KLSE",1986,166684
"KLSE",1987,148858
"KLSE",1988,193970
"KLSE",1989,201546
"KLSE",1990,269598
"KLSE",1991,324488
"KLSE",1992,346262
"KLSE",1993,367330
"KLSE",1994,360670
"KLSE",1995,426136
"KLSE",1996,390750
"KLSE",1997,409214
"KLSE",1998,378328
"KLSE",1999,406048
"KLSE",2000,436382
"KLSE",2001,266106
"KLSE",2002,231642
"KLSE",2003,224344
"KLSE",2004,233750
"KLSE",2005,247742
"KLSE",2006,292094
"KLSE",2007,302344
"KLSE",2008,321144
"KLSE",2009,298208
"KLSE",2010,362286
"KLSE",2011,356944
"KLSE",2012,331088
"KLSE",2013,340680
"KLSE",2014,341118
"KLSE",2015,332044
"KLSE",2016,381892
"KLSE",2017,466176
"KLSE",2018,454554
"KLSE",2019,603894
"KLSE",2020,71514
"KLSE",2021,197874
"KLSE",2022,332326
"KLSE",2023,395942
"KLSE",2024,449084
"KNRI",1981,23632
"KNRI",1982,26584
"KNRI",1983,43880
"KNRI",1984,46690
"KNRI",1985,72640
"KNRI",1986,73318
"KNRI",1987,97556
"KNRI",1988,98454
"KNRI",1989,104018
"KNRI",1990,73094
"KNRI",1991,76498
"KNRI",1992,97068
"KNRI",1993,90638
"KNRI",1994,85916
"KNRI",1995,94126
"KNRI",1996,85452
"KNRI",1997,136594
"KNRI",1998,124750
"KNRI",1999,172458
"KNRI",2000,175586
"KNRI",2001,197932
"KNRI",2002,169536
"KNRI",2003,193692
"KNRI",2004,210594
"KNRI",2005,161980
"KNRI",2006,127694
"KNRI",2007,118232
"KNRI",2008,127654
"KNRI",2009,155148
"KNRI",2010,114160
"KNRI",2011,84128
"KNRI",2012,85324
"KNRI",2013,75110
"KNRI",2014,54370
"KNRI",2015,57777
"KNRI",2016,67223
"KNRI",2017,56669
"KNRI",2018,57704
"KNRI",2019,52265
"KNRI",2020,26348
"KNRI",2021,56372
"KNRI",2022,46466
"KNRI",2023,41600
"KNRI",2024,54745
"KOVA",1982,322760
"KOVA",1983,115680
"KOVA",1984,159870
"KOVA",1985,154350
"KOVA",1986,105540
"KOVA",1987,103900
"KOVA",1988,151740
"KOVA",1989,125740
"KOVA",1990,136978
"KOVA",1991,140736
"KOVA",1992,151916
"KOVA",1993,154800
"KOVA",1994,143190
"KOVA",1995,151638
"KOVA",1996,152660
"KOVA",1997,153170
"KOVA",1998,174300
"KOVA",1999,185958
"KOVA",2000,124124
"KOVA",2001,160778
"KOVA",2002,164264
"KOVA",2003,120744
"KOVA",2004,127732
"KOVA",2005,128352
"KOVA",2006,62146
"KOVA",2007,32624
"KOVA",2008,38622
"KOVA",2009,41310
"KOVA",2010,31086
"KOVA",2011,183474
"KOVA",2012,513200
"KOVA",2013,285990
"KOVA",2014,0
"KOVA",2015,0
"KOVA",2016,300600
"KOVA",2017,300600
"KOVA",2018,302348
"KOVA",2019,316910
"KOVA",2020,781696
"KOVA",2021,784140
"KOVA",2022,1009146
"KOVA",2023,996980
"KOVA",2024,957530
"KOWA",1996,2590924
"KOWA",1997,3856700
"KOWA",1998,10009650
"KOWA",1999,9749072
"KOWA",2000,8824154
"KOWA",2001,8886436
"KOWA",2002,8025616
"KOWA",2003,7607304
"KOWA",2004,10832384
"KOWA",2005,9643392
"KOWA",2006,9746272
"KOWA",2007,10300992
"KOWA",2008,10964928
"KOWA",2009,9351136
"KOWA",2010,9218144
"KOWA",2011,9220288
"KOWA",2012,9801376
"KOWA",2013,9627840
"KOWA",2014,11301856
"KOWA",2015,12233504
"KOWA",2016,12252896
"KOWA",2017,12467840
"KOWA",2018,12322560
"KOWA",2019,11524896
"KOWA",2020,4091140
"KOWA",2021,8960252
"KOWA",2022,12030026
"KOWA",2023,12397364
"KOWA",2024,13032912
"LABE",1979,904563
"LABE",1980,875631
"LABE",1981,972368
"LABE",1982,881538
"LABE",1983,823749
"LABE",1984,861342
"LABE",1985,666710
"LABE",1986,931848
"LABE",1987,902331
"LABE",1988,935559
"LABE",1989,1009351
"LABE",1990,919183
"LABE",1991,791390
"LABE",1992,1363086
"LABE",1993,1423291
"LABE",1994,951433
"LABE",1995,1090073
"LABE",1996,860464
"LABE",1997,880866
"LABE",1998,882770
"LABE",1999,1048542
"LABE",2000,955649
"LABE",2001,899823
"LABE",2002,962698
"LABE",2003,976933
"LABE",2004,903413
"LABE",2005,1097527
"LABE",2006,1057394
"LABE",2007,1033810
"LABE",2008,1120576
"LABE",2009,1183688
"LABE",2010,1185198
"LABE",2011,1163180
"LABE",2012,1505414
"LABE",2013,1070764
"LABE",2014,1290649
"LABE",2015,1048103
"LABE",2016,1201631
"LABE",2017,1336553
"LABE",2018,1212634
"LABE",2019,1073794
"LABE",2020,900015
"LABE",2021,895599
"LABE",2022,1127894
"LABE",2023,1231247
"LABE",2024,1111074
"LACH",1990,0
"LACH",1991,1286134
"LACH",1992,1384004
"LACH",1993,1341032
"LACH",1994,962492
"LACH",1995,1237314
"LACH",1996,1047484
"LACH",1997,1203484
"LACH",1998,1333134
"LACH",1999,1484492
"LACH",2000,1446326
"LACH",2001,1175706
"LACH",2002,1105970
"LACH",2003,1097834
"LACH",2004,1253496
"LACH",2005,875796
"LACH",2006,906674
"LACH",2007,924464
"LACH",2008,597434
"LACH",2009,977686
"LACH",2010,884870
"LACH",2011,919204
"LACH",2012,725122
"LACH",2013,859428
"LACH",2014,956684
"LACH",2015,846766
"LACH",2016,1170910
"LACH",2017,1113756
"LACH",2018,1080986
"LACH",2019,1166714
"LACH",2020,922246
"LACH",2021,1252275
"LACH",2022,1350129
"LACH",2023,1334161
"LACH",2024,820034
"LACL",1982,112722
"LACL",1983,122546
"LACL",1984,133188
"LACL",1985,197110
"LACL",1986,234046
"LACL",1987,193894
"LACL",1988,207878
"LACL",1989,456604
"LACL",1990,107792
"LACL",1991,78464
"LACL",1992,168342
"LACL",1993,169004
"LACL",1994,180776
"LACL",1995,181340
"LACL",1996,192742
"LACL",1997,201502
"LACL",1998,206378
"LACL",1999,169528
"LACL",2000,131372
"LACL",2001,133930
"LACL",2002,134050
"LACL",2003,117650
"LACL",2004,121436
"LACL",2005,122608
"LACL",2006,108510
"LACL",2007,101236
"LACL",2008,148728
"LACL",2009,211032
"LACL",2010,296440
"LACL",2011,119774
"LACL",2012,218736
"LACL",2013,187296
"LACL",2014,196604
"LACL",2015,206544
"LACL",2016,424968
"LACL",2017,467638
"LACL",2018,417982
"LACL",2019,134498
"LACL",2020,169896
"LACL",2021,479436
"LACL",2022,470638
"LACL",2023,413140
"LACL",2024,643996
"LAKE",1979,145553984
"LAKE",1980,139914786
"LAKE",1981,127288431
"LAKE",1982,149804980
"LAKE",1983,148151214
"LAKE",1984,146672869
"LAKE",1985,161949111
"LAKE",1986,176446213
"LAKE",1987,177469662
"LAKE",1988,185600152
"LAKE",1989,189529083
"LAKE",1990,191683764
"LAKE",1991,187377313
"LAKE",1992,193645087
"LAKE",1993,196563934
"LAKE",1994,201971028
"LAKE",1995,196075419
"LAKE",1996,178866542
"LAKE",1997,168165000
"LAKE",1998,170025778
"LAKE",1999,181589647
"LAKE",2000,172886333
"LAKE",2001,163825305
"LAKE",2002,150274578
"LAKE",2003,153525273
"LAKE",2004,149146303
"LAKE",2005,146399675
"LAKE",2006,150246463
"LAKE",2007,146043561
"LAKE",2008,151322332
"LAKE",2009,148490209
"LAKE",2010,138337075
"LAKE",2011,127279877
"LAKE",2012,120656961
"LAKE",2013,118261962
"LAKE",2014,126156411
"LAKE",2015,130360232
"LAKE",2016,127486632
"LAKE",2017,141681383
"LAKE",2018,135906000
"LAKE",2019,141466726
"LAKE",2020,136317168
"LAKE",2021,128379755
"LAKE",2022,100577158
"LAKE",2023,101084512
"LAKE",2024,110150946
"LAMR",1979,14959160
"LAMR",1980,14242076
"LAMR",1981,12657088
"LAMR",1982,18194584
"LAMR",1983,17294610
"LAMR",1984,18662756
"LAMR",1985,15390604
"LAMR",1986,12971910
"LAMR",1987,12374662
"LAMR",1988,11908864
"LAMR",1989,12676470
"LAMR",1990,13281520
"LAMR",1991,12845856
"LAMR",1992,12931204
"LAMR",1993,14654220
"LAMR",1994,15278675
"LAMR",1995,15524122
"LAMR",1996,17595542
"LAMR",1997,17302059
"LAMR",1998,13809215
"LAMR",1999,14548404
"LAMR",2000,13365814
"LAMR",2001,10396427
"LAMR",2002,7759470
"LAMR",2003,8101074
"LAMR",2004,6393504
"LAMR",2005,8891930
"LAMR",2006,8285421
"LAMR",2007,7921695
"LAMR",2008,6801570
"LAMR",2009,8313088
"LAMR",2010,6587195
"LAMR",2011,5482690
"LAMR",2012,3943530
"LAMR",2013,4230389
"LAMR",2014,5242553
"LAMR",2015,6441670
"LAMR",2016,7995959
"LAMR",2017,10621838
"LAMR",2018,8805170
"LAMR",2019,10802124
"LAMR",2020,12666303
"LAMR",2021,10142587
"LAMR",2022,10053095
"LAMR",2023,10665078
"LAMR",2024,17189907
"LARO",1979,9593501
"LARO",1980,10623546
"LARO",1981,11829750
"LARO",1982,10982840
"LARO",1983,10031455
"LARO",1984,8257085
"LARO",1985,6590592
"LARO",1986,8784428
"LARO",1987,11265356
"LARO",1988,14361083
"LARO",1989,12599209
"LARO",1990,16177493
"LARO",1991,18147354
"LARO",1992,12327687
"LARO",1993,13179074
"LARO",1994,15357325
"LARO",1995,14476952
"LARO",1996,11816125
"LARO",1997,14911068
"LARO",1998,15704237
"LARO",1999,14675493
"LARO",2000,14774715
"LARO",2001,12253295
"LARO",2002,13913953
"LARO",2003,14001793
"LARO",2004,13208773
"LARO",2005,11593461
"LARO",2006,11427644
"LARO",2007,12931330
"LARO",2008,11779189
"LARO",2009,13084741
"LARO",2010,13424624
"LARO",2011,14673726
"LARO",2012,15586088
"LARO",2013,12735168
"LARO",2014,11276929
"LARO",2015,10802494
"LARO",2016,11491550
"LARO",2017,11314862
"LARO",2018,10754597
"LARO",2019,10750009
"LARO",2020,10439437
"LARO",2021,14137223
"LARO",2022,11453627
"LARO",2023,11194534
"LARO",2024,10840853
"LAVO",1979,10929485
"LAVO",1980,11019532
"LAVO",1981,11689606
"LAVO",1982,12630374
"LAVO",1983,11133198
"LAVO",1984,12440620
"LAVO",1985,11965451
"LAVO",1986,12258562
"LAVO",1987,12287005
"LAVO",1988,13959933
"LAVO",1989,13082638
"LAVO",1990,13197210
"LAVO",1991,12209593
"LAVO",1992,12698028
"LAVO",1993,10651392
"LAVO",1994,9717175
"LAVO",1995,8865153
"LAVO",1996,9111064
"LAVO",1997,9613659
"LAVO",1998,7864384
"LAVO",1999,8691569
"LAVO",2000,8795199
"LAVO",2001,9522065
"LAVO",2002,9340723
"LAVO",2003,9393761
"LAVO",2004,8884854
"LAVO",2005,8436433
"LAVO",2006,8636682
"LAVO",2007,8913188
"LAVO",2008,8785705
"LAVO",2009,9548338
"LAVO",2010,9805667
"LAVO",2011,8884482
"LAVO",2012,9560741
"LAVO",2013,10722337
"LAVO",2014,10824340
"LAVO",2015,12484806
"LAVO",2016,12745683
"LAVO",2017,12266340
"LAVO",2018,12087357
"LAVO",2019,12329532
"LAVO",2020,13345397
"LAVO",2021,8439839
"LAVO",2022,10878831
"LAVO",2023,9278325
"LAVO",2024,8429080
"LEWI",1979,327090
"LEWI",1980,418256
"LEWI",1981,542394
"LEWI",1982,635416
"LEWI",1983,645272
"LEWI",1984,643668
"LEWI",1985,715004
"LEWI",1986,768072
"LEWI",1987,745040
"LEWI",1988,971462
"LEWI",1989,1016618
"LEWI",1990,1193580
"LEWI",1991,1243120
"LEWI",1992,1129578
"LEWI",1993,919148
"LEWI",1994,849284
"LEWI",1995,859060
"LEWI",1996,793594
"LEWI",1997,868866
"LEWI",1998,1021846
"LEWI",1999,1117338
"LEWI",2000,1134164
"LEWI",2001,1192330
"LEWI",2002,1228230
"LEWI",2003,1356120
"LEWI",2004,1323426
"LEWI",2005,1474044
"LEWI",2006,1247186
"LEWI",2007,1292548
"LEWI",2008,1198010
"LEWI",2009,1170630
"LEWI",2010,1130936
"LEWI",2011,984582
"LEWI",2012,1041902
"LEWI",2013,1116464
"LEWI",2014,1239070
"LEWI",2015,1356809
"LEWI",2016,1410507
"LEWI",2017,1479948
"LEWI",2018,1432435
"LEWI",2019,1344712
"LEWI",2020,793547
"LEWI",2021,1362854
"LEWI",2022,1371929
"LEWI",2023,1406301
"LEWI",2024,1332407
"LIBI",1979,820604
"LIBI",1980,738184
"LIBI",1981,1020830
"LIBI",1982,829980
"LIBI",1983,894680
"LIBI",1984,1001906
"LIBI",1985,1056346
"LIBI",1986,1110914
"LIBI",1987,1070720
"LIBI",1988,914908
"LIBI",1989,910662
"LIBI",1990,934090
"LIBI",1991,1181694
"LIBI",1992,1323444
"LIBI",1993,1357068
"LIBI",1994,1609558
"LIBI",1995,1649590
"LIBI",1996,1465534
"LIBI",1997,1443184
"LIBI",1998,1477284
"LIBI",1999,1587486
"LIBI",2000,1330434
"LIBI",2001,1347782
"LIBI",2002,1715564
"LIBI",2003,1701616
"LIBI",2004,1397822
"LIBI",2005,1323780
"LIBI",2006,1202174
"LIBI",2007,1170816
"LIBI",2008,1136654
"LIBI",2009,1219262
"LIBI",2010,1292492
"LIBI",2011,1256776
"LIBI",2012,1394584
"LIBI",2013,1118810
"LIBI",2014,1133043
"LIBI",2015,1279586
"LIBI",2016,1337911
"LIBI",2017,1192251
"LIBI",2018,1097463
"LIBI",2019,971597
"LIBI",2020,392569
"LIBI",2021,851000
"LIBI",2022,678343
"LIBI",2023,915543
"LIBI",2024,450233
"LIBO",1979,1027866
"LIBO",1980,969246
"LIBO",1981,999824
"LIBO",1982,920384
"LIBO",1983,962028
"LIBO",1984,968640
"LIBO",1985,972702
"LIBO",1986,945010
"LIBO",1987,974808
"LIBO",1988,882018
"LIBO",1989,936518
"LIBO",1990,932322
"LIBO",1991,926380
"LIBO",1992,938350
"LIBO",1993,788734
"LIBO",1994,855754
"LIBO",1995,613254
"LIBO",1996,593720
"LIBO",1997,712732
"LIBO",1998,672420
"LIBO",1999,662184
"LIBO",2000,692432
"LIBO",2001,658460
"LIBO",2002,578506
"LIBO",2003,577226
"LIBO",2004,587712
"LIBO",2005,664436
"LIBO",2006,563870
"LIBO",2007,584326
"LIBO",2008,663072
"LIBO",2009,812030
"LIBO",2010,574268
"LIBO",2011,498584
"LIBO",2012,605386
"LIBO",2013,569340
"LIBO",2014,461926
"LIBO",2015,512573
"LIBO",2016,571438
"LIBO",2017,648320
"LIBO",2018,606660
"LIBO",2019,627334
"LIBO",2020,508238
"LIBO",2021,523797
"LIBO",2022,487530
"LIBO",2023,585940
"LIBO",2024,589890
"LIHO",1979,1612944
"LIHO",1980,1633736
"LIHO",1981,1610744
"LIHO",1982,1730780
"LIHO",1983,1792312
"LIHO",1984,1724784
"LIHO",1985,1725388
"LIHO",1986,1763100
"LIHO",1987,1857226
"LIHO",1988,2150388
"LIHO",1989,1944436
"LIHO",1990,1514138
"LIHO",1991,2104260
"LIHO",1992,2321442
"LIHO",1993,1933462
"LIHO",1994,1953626
"LIHO",1995,1841316
"LIHO",1996,1757112
"LIHO",1997,1823708
"LIHO",1998,1686850
"LIHO",1999,1613136
"LIHO",2000,1544402
"LIHO",2001,1635318
"LIHO",2002,1616234
"LIHO",2003,1586990
"LIHO",2004,1518840
"LIHO",2005,1721014
"LIHO",2006,1623740
"LIHO",2007,1522216
"LIHO",2008,1435758
"LIHO",2009,2355812
"LIHO",2010,1502970
"LIHO",2011,1269178
"LIHO",2012,1269412
"LIHO",2013,945216
"LIHO",2014,973390
"LIHO",2015,1021028
"LIHO",2016,1035470
"LIHO",2017,996452
"LIHO",2018,842568
"LIHO",2019,753238
"LIHO",2020,98756
"LIHO",2021,319826
"LIHO",2022,547896
"LIHO",2023,602058
"LIHO",2024,588168
"LINC",1979,7822134
"LINC",1980,7717676
"LINC",1981,8598360
"LINC",1982,9335360
"LINC",1983,10123146
"LINC",1984,11890408
"LINC",1985,11431742
"LINC",1986,11917534
"LINC",1987,12924880
"LINC",1988,8361814
"LINC",1989,4387830
"LINC",1990,3795256
"LINC",1991,3423836
"LINC",1992,3712982
"LINC",1993,3775610
"LINC",1994,3600288
"LINC",1995,3874890
"LINC",1996,3572890
"LINC",1997,4673898
"LINC",1998,13106742
"LINC",1999,12298444
"LINC",2000,12027442
"LINC",2001,11905076
"LINC",2002,10657120
"LINC",2003,9817792
"LINC",2004,11965952
"LINC",2005,10916416
"LINC",2006,11431040
"LINC",2007,12642496
"LINC",2008,14036576
"LINC",2009,16801712
"LINC",2010,18126944
"LINC",2011,17913664
"LINC",2012,18574080
"LINC",2013,19639552
"LINC",2014,21417216
"LINC",2015,23825312
"LINC",2016,23747808
"LINC",2017,23868352
"LINC",2018,23414048
"LINC",2019,23424544
"LINC",2020,8940224
"LINC",2021,17376992
"LINC",2022,23476192
"LINC",2023,24297440
"LINC",2024,25438048
"LIRI",2003,792454
"LIRI",2004,766256
"LIRI",2005,869938
"LIRI",2006,893800
"LIRI",2007,1223686
"LIRI",2008,916750
"LIRI",2009,839586
"LIRI",2010,888522
"LIRI",2011,1020576
"LIRI",2012,898350
"LIRI",2013,798116
"LIRI",2014,946796
"LIRI",2015,1038278
"LIRI",2016,3387750
"LIRI",2017,2663240
"LIRI",2018,3416234
"LIRI",2019,4475410
"LIRI",2020,5656618
"LIRI",2021,6161406
"LIRI",2022,4729812
"LIRI",2023,4886728
"LIRI",2024,5200076
"LONG",1979,53214
"LONG",1980,56460
"LONG",1981,58624
"LONG",1982,53000
"LONG",1983,55704
"LONG",1984,47584
"LONG",1985,57564
"LONG",1986,53238
"LONG",1987,38046
"LONG",1988,51596
"LONG",1989,51344
"LONG",1990,60168
"LONG",1991,61052
"LONG",1992,63796
"LONG",1993,61516
"LONG",1994,49644
"LONG",1995,81212
"LONG",1996,65658
"LONG",1997,89640
"LONG",1998,97714
"LONG",1999,0
"LONG",2000,0
"LONG",2001,0
"LONG",2002,101598
"LONG",2003,216650
"LONG",2004,151904
"LONG",2005,183306
"LONG",2006,215546
"LONG",2007,246236
"LONG",2008,299138
"LONG",2009,195328
"LONG",2010,228422
"LONG",2011,232984
"LONG",2012,261170
"LONG",2013,202770
"LONG",2014,231858
"LONG",2015,253920
"LONG",2016,248490
"LONG",2017,258034
"LONG",2018,302636
"LONG",2019,275058
"LONG",2020,150072
"LONG",2021,179474
"LONG",2022,302788
"LONG",2023,336878
"LONG",2024,257486
"LOWE",1979,596586
"LOWE",1980,1177038
"LOWE",1981,1423408
"LOWE",1982,1829490
"LOWE",1983,2116748
"LOWE",1984,2871906
"LOWE",1985,3369322
"LOWE",1986,3894568
"LOWE",1987,3514806
"LOWE",1988,3341334
"LOWE",1989,3496776
"LOWE",1990,3441278
"LOWE",1991,3397974
"LOWE",1992,3547832
"LOWE",1993,2946190
"LOWE",1994,2046806
"LOWE",1995,2337654
"LOWE",1996,2507946
"LOWE",1997,2495014
"LOWE",1998,2710548
"LOWE",1999,2755834
"LOWE",2000,3037632
"LOWE",2001,3707890
"LOWE",2002,3793392
"LOWE",2003,3605572
"LOWE",2004,3498656
"LOWE",2005,3692126
"LOWE",2006,3220322
"LOWE",2007,2660586
"LOWE",2008,2900244
"LOWE",2009,2865706
"LOWE",2010,2743116
"LOWE",2011,2674082
"LOWE",2012,2745886
"LOWE",2013,2650627
"LOWE",2014,2620956
"LOWE",2015,2700066
"LOWE",2016,2743104
"LOWE",2017,2832296
"LOWE",2018,2561146
"LOWE",2019,2446622
"LOWE",2020,282554
"LOWE",2021,235122
"LOWE",2022,1050295
"LOWE",2023,1324796
"LOWE",2024,1360544
"LYBA",1984,3243284
"LYBA",1985,3367462
"LYBA",1986,3534286
"LYBA",1987,3634584
"LYBA",1988,3687890
"LYBA",1989,1522640
"LYBA",1990,1845006
"LYBA",1991,1981958
"LYBA",1992,2029976
"LYBA",1993,1876830
"LYBA",1994,1851288
"LYBA",1995,1875816
"LYBA",1996,1467374
"LYBA",1997,1763210
"LYBA",1998,1703218
"LYBA",1999,1613058
"LYBA",2000,1464286
"LYBA",2001,1588518
"LYBA",2002,1260266
"LYBA",2003,1422712
"LYBA",2004,1446750
"LYBA",2005,1364150
"LYBA",2006,1412046
"LYBA",2007,1359892
"LYBA",2008,1233492
"LYBA",2009,1000108
"LYBA",2010,692078
"LYBA",2011,717178
"LYBA",2012,1113188
"LYBA",2013,884938
"LYBA",2014,762504
"LYBA",2015,698646
"LYBA",2016,780706
"LYBA",2017,832210
"LYBA",2018,783676
"LYBA",2019,732740
"LYBA",2020,633686
"LYBA",2021,698626
"LYBA",2022,726980
"LYBA",2023,781034
"LYBA",2024,724074
"LYJO",1979,1390884
"LYJO",1980,1456968
"LYJO",1981,1673366
"LYJO",1982,1606568
"LYJO",1983,1669834
"LYJO",1984,1578724
"LYJO",1985,1610978
"LYJO",1986,1690284
"LYJO",1987,1813954
"LYJO",1988,1681970
"LYJO",1989,1599078
"LYJO",1990,1610186
"LYJO",1991,1587462
"LYJO",1992,1559088
"LYJO",1993,1509654
"LYJO",1994,1490268
"LYJO",1995,1335882
"LYJO",1996,1184456
"LYJO",1997,1140060
"LYJO",1998,1088208
"LYJO",1999,1079770
"LYJO",2000,973494
"LYJO",2001,910624
"LYJO",2002,849246
"LYJO",2003,762492
"LYJO",2004,724638
"LYJO",2005,670838
"LYJO",2006,699070
"LYJO",2007,716068
"LYJO",2008,607738
"LYJO",2009,542528
"LYJO",2010,618578
"LYJO",2011,551484
"LYJO",2012,612476
"LYJO",2013,454478
"LYJO",2014,499632
"LYJO",2015,669050
"LYJO",2016,751538
"LYJO",2017,774178
"LYJO",2018,646016
"LYJO",2019,603458
"LYJO",2020,367554
"LYJO",2021,931354
"LYJO",2022,708330
"LYJO",2023,976394
"LYJO",2024,951210
"MABI",1998,135912
"MABI",1999,269784
"MABI",2000,277734
"MABI",2001,158100
"MABI",2002,191640
"MABI",2003,198222
"MABI",2004,175230
"MABI",2005,171960
"MABI",2006,134904
"MABI",2007,193074
"MABI",2008,222726
"MABI",2009,186774
"MABI",2010,187254
"MABI",2011,174294
"MABI",2012,194418
"MABI",2013,204672
"MABI",2014,234516
"MABI",2015,210018
"MABI",2016,334296
"MABI",2017,279138
"MABI",2018,383316
"MABI",2019,275874
"MABI",2020,141228
"MABI",2021,287982
"MABI",2022,383736
"MABI",2023,430794
"MABI",2024,490278
"MACA",1979,9435260
"MACA",1980,10446533
"MACA",1981,10306914
"MACA",1982,11431809
"MACA",1983,10115102
"MACA",1984,10112337
"MACA",1985,10382784
"MACA",1986,10652326
"MACA",1987,10605491
"MACA",1988,11373054
"MACA",1989,11013633
"MACA",1990,11681423
"MACA",1991,13093750
"MACA",1992,13185652
"MACA",1993,17805620
"MACA",1994,15087202
"MACA",1995,14670154
"MACA",1996,14280208
"MACA",1997,14936418
"MACA",1998,15542014
"MACA",1999,13105516
"MACA",2000,13218246
"MACA",2001,13894748
"MACA",2002,14035500
"MACA",2003,13602872
"MACA",2004,13831580
"MACA",2005,13581328
"MACA",2006,9219788
"MACA",2007,8042786
"MACA",2008,7385252
"MACA",2009,8228204
"MACA",2010,8051670
"MACA",2011,7715568
"MACA",2012,8112890
"MACA",2013,7765302
"MACA",2014,8271209
"MACA",2015,8748667
"MACA",2016,8918114
"MACA",2017,8791912
"MACA",2018,9910824
"MACA",2019,10408048
"MACA",2020,5609742
"MACA",2021,10243641
"MACA",2022,12077684
"MACA",2023,12271203
"MACA",2024,13770127
"MALU",1983,582806
"MALU",1984,1102876
"MALU",1985,1319718
"MALU",1986,2039036
"MALU",1987,2547718
"MALU",1988,2859920
"MALU",1989,3542756
"MALU",1990,4720286
"MALU",1991,10047880
"MALU",1992,11383530
"MALU",1993,4687970
"MALU",1994,3606134
"MALU",1995,2194508
"MALU",1996,3874590
"MALU",1997,2780400
"MALU",1998,2000608
"MALU",1999,2678312
"MALU",2000,3686850
"MALU",2001,3522536
"MALU",2002,3780250
"MALU",2003,3866692
"MALU",2004,3379214
"MALU",2005,3249608
"MALU",2006,4111884
"MALU",2007,3363220
"MALU",2008,3413568
"MALU",2009,3276318
"MALU",2010,3325350
"MALU",2011,3390808
"MALU",2012,3590536
"MALU",2013,3578844
"MALU",2014,4031510
"MALU",2015,3567838
"MALU",2016,2338580
"MALU",2017,3004036
"MALU",2018,3246602
"MALU",2019,3836448
"MALU",2020,995146
"MALU",2021,142606
"MALU",2022,1222230
"MALU",2023,2431586
"MALU",2024,6153202
"MAMC",1997,49278
"MAMC",1998,46482
"MAMC",1999,39462
"MAMC",2000,34176
"MAMC",2001,34614
"MAMC",2002,15324
"MAMC",2003,14802
"MAMC",2004,37974
"MAMC",2005,51420
"MAMC",2006,101148
"MAMC",2007,103944
"MAMC",2008,105810
"MAMC",2009,130866
"MAMC",2010,117120
"MAMC",2011,108852
"MAMC",2012,39876
"MAMC",2013,34116
"MAMC",2014,55770
"MAMC",2015,49494
"MAMC",2016,42894
"MAMC",2017,1662
"MAMC",2018,654
"MAMC",2019,22728
"MAMC",2020,3468
"MAMC",2021,0
"MAMC",2022,11970
"MAMC",2023,21222
"MAMC",2024,20028
"MANA",1979,2724556
"MANA",1980,2792698
"MANA",1981,2773298
"MANA",1982,2340174
"MANA",1983,2522608
"MANA",1984,2460852
"MANA",1985,2536196
"MANA",1986,2779444
"MANA",1987,2334542
"MANA",1988,2726988
"MANA",1989,2686150
"MANA",1990,2801010
"MANA",1991,3170254
"MANA",1992,3037724
"MANA",1993,2153270
"MANA",1994,3212498
"MANA",1995,2367438
"MANA",1996,2538934
"MANA",1997,3591520
"MANA",1998,3405612
"MANA",1999,2854814
"MANA",2000,2423152
"MANA",2001,2880526
"MANA",2002,2728146
"MANA",2003,2660966
"MANA",2004,2528590
"MANA",2005,2505804
"MANA",2006,2363106
"MANA",2007,2048368
"MANA",2008,2083598
"MANA",2009,2025472
"MANA",2010,2144844
"MANA",2011,2310220
"MANA",2012,2102360
"MANA",2013,1887234
"MANA",2014,1800622
"MANA",2015,1758284
"MANA",2016,1873054
"MANA",2017,2120652
"MANA",2018,1898144
"MANA",2019,1787624
"MANA",2020,1954250
"MANA",2021,1809246
"MANA",2022,1865670
"MANA",2023,1978294
"MANA",2024,1898008
"MANZ",2000,152040
"MANZ",2001,187336
"MANZ",2002,211292
"MANZ",2003,247668
"MANZ",2004,301796
"MANZ",2005,390858
"MANZ",2006,440992
"MANZ",2007,406714
"MANZ",2008,392340
"MANZ",2009,445944
"MANZ",2010,382956
"MANZ",2011,397930
"MANZ",2012,364152
"MANZ",2013,387554
"MANZ",2014,388164
"MANZ",2015,476634
"MANZ",2016,526530
"MANZ",2017,572302
"MANZ",2018,520406
"MANZ",2019,486898
"MANZ",2020,326444
"MANZ",2021,585566
"MANZ",2022,584214
"MANZ",2023,527084
"MANZ",2024,469270
"MAPR",2016,446545
"MAPR",2017,389822
"MAPR",2018,334486
"MAPR",2019,387960
"MAPR",2020,37880
"MAPR",2021,81992
"MAPR",2022,138988
"MAPR",2023,300860
"MAPR",2024,367244
"MAVA",1982,37516
"MAVA",1983,24950
"MAVA",1984,19834
"MAVA",1985,19704
"MAVA",1986,17070
"MAVA",1987,44454
"MAVA",1988,50302
"MAVA",1989,48660
"MAVA",1990,47618
"MAVA",1991,63484
"MAVA",1992,59722
"MAVA",1993,60836
"MAVA",1994,60908
"MAVA",1995,82476
"MAVA",1996,75172
"MAVA",1997,95066
"MAVA",1998,84268
"MAVA",1999,84990
"MAVA",2000,60178
"MAVA",2001,66252
"MAVA",2002,67154
"MAVA",2003,60712
"MAVA",2004,58044
"MAVA",2005,45372
"MAVA",2006,105644
"MAVA",2007,83660
"MAVA",2008,90000
"MAVA",2009,98422
"MAVA",2010,89458
"MAVA",2011,81506
"MAVA",2012,93026
"MAVA",2013,67864
"MAVA",2014,80396
"MAVA",2015,76881
"MAVA",2016,91043
"MAVA",2017,90539
"MAVA",2018,76747
"MAVA",2019,84790
"MAVA",2020,47720
"MAVA",2021,46294
"MAVA",2022,62734
"MAVA",2023,66708
"MAVA",2024,85906
"MAWA",1985,4346
"MAWA",1986,9436
"MAWA",1987,13380
"MAWA",1988,16342
"MAWA",1989,17100
"MAWA",1990,18098
"MAWA",1991,15920
"MAWA",1992,19644
"MAWA",1993,28196
"MAWA",1994,31098
"MAWA",1995,28502
"MAWA",1996,26198
"MAWA",1997,25490
"MAWA",1998,28222
"MAWA",1999,28942
"MAWA",2000,28550
"MAWA",2001,30446
"MAWA",2002,36974
"MAWA",2003,34558
"MAWA",2004,32742
"MAWA",2005,23914
"MAWA",2006,23414
"MAWA",2007,24082
"MAWA",2008,22108
"MAWA",2009,49272
"MAWA",2010,61660
"MAWA",2011,53904
"MAWA",2012,41378
"MAWA",2013,35068
"MAWA",2014,45222
"MAWA",2015,37940
"MAWA",2016,47942
"MAWA",2017,53690
"MAWA",2018,54802
"MAWA",2019,48012
"MAWA",2020,9242
"MAWA",2021,12840
"MAWA",2022,24074
"MAWA",2023,31908
"MAWA",2024,31550
"MEMY",2021,3898
"MEMY",2022,46866
"MEMY",2023,219124
"MEMY",2024,217362
"MEVE",1979,13465888
"MEVE",1980,15163046
"MEVE",1981,16873722
"MEVE",1982,16589256
"MEVE",1983,16595798
"MEVE",1984,14998030
"MEVE",1985,17017666
"MEVE",1986,16806038
"MEVE",1987,19574612
"MEVE",1988,20544764
"MEVE",1989,12967898
"MEVE",1990,13034290
"MEVE",1991,13967813
"MEVE",1992,14470499
"MEVE",1993,13415597
"MEVE",1994,13461207
"MEVE",1995,13182232
"MEVE",1996,11925906
"MEVE",1997,12296699
"MEVE",1998,11185107
"MEVE",1999,11980963
"MEVE",2000,8222284
"MEVE",2001,9582804
"MEVE",2002,7339332
"MEVE",2003,8050268
"MEVE",2004,8507962
"MEVE",2005,8708506
"MEVE",2006,9647010
"MEVE",2007,9324485
"MEVE",2008,9825860
"MEVE",2009,9673463
"MEVE",2010,9862262
"MEVE",2011,9053650
"MEVE",2012,7883309
"MEVE",2013,7179276
"MEVE",2014,8279499
"MEVE",2015,9098736
"MEVE",2016,9739622
"MEVE",2017,9448370
"MEVE",2018,9336187
"MEVE",2019,9314408
"MEVE",2020,4442865
"MEVE",2021,8640112
"MEVE",2022,8276485
"MEVE",2023,8296953
"MEVE",2024,7569026
"MIIN",2017,51870
"MIIN",2018,61586
"MIIN",2019,74288
"MIIN",2020,31828
"MIIN",2021,80918
"MIIN",2022,75066
"MIIN",2023,99640
"MIIN",2024,118964
"MIMA",1979,2790904
"MIMA",1980,2937996
"MIMA",1981,3059226
"MIMA",1982,3030128
"MIMA",1983,2945036
"MIMA",1984,2799018
"MIMA",1985,2615118
"MIMA",1986,3647442
"MIMA",1987,2836656
"MIMA",1988,3005976
"MIMA",1989,2749794
"MIMA",1990,2571470
"MIMA",1991,2309246
"MIMA",1992,3275898
"MIMA",1993,2860874
"MIMA",1994,3186486
"MIMA",1995,3235902
"MIMA",1996,2867824
"MIMA",1997,4144514
"MIMA",1998,4826270
"MIMA",1999,4349428
"MIMA",2000,5020980
"MIMA",2001,5364898
"MIMA",2002,5896588
"MIMA",2003,5881414
"MIMA",2004,5360748
"MIMA",2005,5135162
"MIMA",2006,5420206
"MIMA",2007,5536266
"MIMA",2008,5337890
"MIMA",2009,5480124
"MIMA",2010,5368736
"MIMA",2011,5014168
"MIMA",2012,5006036
"MIMA",2013,4739474
"MIMA",2014,5282738
"MIMA",2015,4821650
"MIMA",2016,5247066
"MIMA",2017,5119606
"MIMA",2018,5074012
"MIMA",2019,5086630
"MIMA",2020,5419860
"MIMA",2021,4916004
"MIMA",2022,4801712
"MIMA",2023,5006666
"MIMA",2024,4396576
"MIMI",2004,17070
"MIMI",2005,27806
"MIMI",2006,57330
"MIMI",2007,87248
"MIMI",2008,108084
"MIMI",2009,128110
"MIMI",2010,153750
"MIMI",2011,238298
"MIMI",2012,298954
"MIMI",2013,277548
"MIMI",2014,235020
"MIMI",2015,323910
"MIMI",2016,424220
"MIMI",2017,448300
"MIMI",2018,436872
"MIMI",2019,446620
"MIMI",2020,394762
"MIMI",2021,494356
"MIMI",2022,388348
"MIMI",2023,408758
"MIMI",2024,413010
"MISP",2023,57924
"MISP",2024,52774
"MISS",2011,795184
"MISS",2012,853864
"MISS",2013,800888
"MISS",2014,685096
"MISS",2015,1021080
"MISS",2016,1460318
"MISS",2017,2330836
"MISS",2018,2321676
"MISS",2019,2025048
"MISS",2020,1156110
"MISS",2021,1257624
"MISS",2022,1616184
"MISS",2023,1497256
"MISS",2024,1343704
"MLKM",2011,4471072
"MLKM",2012,11215008
"MLKM",2013,9616960
"MLKM",2014,9597408
"MLKM",2015,10591200
"MLKM",2016,10914624
"MLKM",2017,10953280
"MLKM",2018,10702304
"MLKM",2019,11002688
"MLKM",2020,3251008
"MLKM",2021,6097408
"MLKM",2022,9965696
"MLKM",2023,10024960
"MLKM",2024,9754784
"MNRR",2004,243886
"MNRR",2005,249922
"MNRR",2006,451948
"MNRR",2007,405294
"MNRR",2008,420808
"MNRR",2009,484314
"MNRR",2010,441542
"MNRR",2011,536458
"MNRR",2012,439968
"MNRR",2013,443624
"MNRR",2014,289820
"MNRR",2015,580016
"MNRR",2016,592840
"MNRR",2017,479264
"MNRR",2018,514628
"MNRR",2019,517120
"MNRR",2020,446408
"MNRR",2021,563256
"MNRR",2022,532648
"MNRR",2023,464756
"MNRR",2024,614084
"MOCA",1979,1522032
"MOCA",1980,1651852
"MOCA",1981,1881602
"MOCA",1982,1805890
"MOCA",1983,1912790
"MOCA",1984,2102176
"MOCA",1985,2168762
"MOCA",1986,2551526
"MOCA",1987,2933998
"MOCA",1988,3180702
"MOCA",1989,3308338
"MOCA",1990,3381072
"MOCA",1991,3485540
"MOCA",1992,3593940
"MOCA",1993,3786020
"MOCA",1994,3695804
"MOCA",1995,3707580
"MOCA",1996,4118488
"MOCA",1997,3789304
"MOCA",1998,3416268
"MOCA",1999,3295012
"MOCA",2000,3157580
"MOCA",2001,2843436
"MOCA",2002,2575638
"MOCA",2003,2549152
"MOCA",2004,2578864
"MOCA",2005,2490248
"MOCA",2006,2392104
"MOCA",2007,2420774
"MOCA",2008,2416076
"MOCA",2009,2406916
"MOCA",2010,2315272
"MOCA",2011,2295892
"MOCA",2012,1822276
"MOCA",2013,1557418
"MOCA",2014,1629124
"MOCA",2015,1667590
"MOCA",2016,1569729
"MOCA",2017,1592696
"MOCA",2018,1560604
"MOCA",2019,1505016
"MOCA",2020,968112
"MOCA",2021,1672588
"MOCA",2022,1456056
"MOCA",2023,1468956
"MOCA",2024,1519868
"MOCR",1979,143888
"MOCR",1980,135830
"MOCR",1981,146442
"MOCR",1982,163126
"MOCR",1983,128482
"MOCR",1984,107230
"MOCR",1985,142704
"MOCR",1986,149128
"MOCR",1987,133338
"MOCR",1988,159306
"MOCR",1989,153042
"MOCR",1990,167854
"MOCR",1991,222924
"MOCR",1992,211560
"MOCR",1993,199042
"MOCR",1994,236596
"MOCR",1995,195678
"MOCR",1996,191624
"MOCR",1997,153200
"MOCR",1998,169686
"MOCR",1999,265120
"MOCR",2000,293948
"MOCR",2001,295438
"MOCR",2002,288270
"MOCR",2003,221824
"MOCR",2004,197200
"MOCR",2005,157316
"MOCR",2006,144226
"MOCR",2007,178878
"MOCR",2008,152010
"MOCR",2009,242086
"MOCR",2010,177102
"MOCR",2011,198456
"MOCR",2012,296292
"MOCR",2013,272204
"MOCR",2014,302864
"MOCR",2015,309874
"MOCR",2016,280510
"MOCR",2017,293974
"MOCR",2018,190416
"MOCR",2019,260228
"MOCR",2020,192994
"MOCR",2021,198312
"MOCR",2022,179252
"MOCR",2023,188718
"MOCR",2024,224510
"MOJA",1997,5525847
"MOJA",1998,5474846
"MOJA",1999,5666763
"MOJA",2000,6344151
"MOJA",2001,7008747
"MOJA",2002,6998088
"MOJA",2003,8772541
"MOJA",2004,7781628
"MOJA",2005,8961705
"MOJA",2006,7568368
"MOJA",2007,8251120
"MOJA",2008,8700549
"MOJA",2009,7462984
"MOJA",2010,8459652
"MOJA",2011,7546856
"MOJA",2012,7640740
"MOJA",2013,7721342
"MOJA",2014,7784695
"MOJA",2015,8283804
"MOJA",2016,8278850
"MOJA",2017,10069095
"MOJA",2018,11061927
"MOJA",2019,11787962
"MOJA",2020,8548959
"MOJA",2021,12263578
"MOJA",2022,10917382
"MOJA",2023,16580613
"MOJA",2024,6070707
"MONO",1991,0
"MONO",1992,23904
"MONO",1993,20632
"MONO",1994,29154
"MONO",1995,52914
"MONO",1996,28284
"MONO",1997,29510
"MONO",1998,38910
"MONO",1999,74178
"MONO",2000,90996
"MONO",2001,90482
"MONO",2002,77966
"MONO",2003,72838
"MONO",2004,90732
"MONO",2005,89932
"MONO",2006,92902
"MONO",2007,110632
"MONO",2008,156384
"MONO",2009,172770
"MONO",2010,166570
"MONO",2011,183380
"MONO",2012,236244
"MONO",2013,188238
"MONO",2014,280936
"MONO",2015,322982
"MONO",2016,437732
"MONO",2017,569100
"MONO",2018,424504
"MONO",2019,899716
"MONO",2020,953434
"MONO",2021,860596
"MONO",2022,812952
"MONO",2023,841020
"MONO",2024,723868
"MORA",1979,48322746
"MORA",1980,39691126
"MORA",1981,38244221
"MORA",1982,32427221
"MORA",1983,32847864
"MORA",1984,36695016
"MORA",1985,37213373
"MORA",1986,40955860
"MORA",1987,37265612
"MORA",1988,39005177
"MORA",1989,42176631
"MORA",1990,41992968
"MORA",1991,51402401
"MORA",1992,47310500
"MORA",1993,43762205
"MORA",1994,45957412
"MORA",1995,42327744
"MORA",1996,39420645
"MORA",1997,37799524
"MORA",1998,37081137
"MORA",1999,34001128
"MORA",2000,36105627
"MORA",2001,35193289
"MORA",2002,35399926
"MORA",2003,34469148
"MORA",2004,33643759
"MORA",2005,32632272
"MORA",2006,31418270
"MORA",2007,29157261
"MORA",2008,31847295
"MORA",2009,32576235
"MORA",2010,33804084
"MORA",2011,30168206
"MORA",2012,30473283
"MORA",2013,33730653
"MORA",2014,35612337
"MORA",2015,33716363
"MORA",2016,37331443
"MORA",2017,39598929
"MORA",2018,41960824
"MORA",2019,43836735
"MORA",2020,34759401
"MORA",2021,48058113
"MORA",2022,47153264
"MORA",2023,49343366
"MORA",2024,46474366
"MORR",1979,1878778
"MORR",1980,1992382
"MORR",1981,1737420
"MORR",1982,1705598
"MORR",1983,2104614
"MORR",1984,2086020
"MORR",1985,2370798
"MORR",1986,2187348
"MORR",1987,2415394
"MORR",1988,1956112
"MORR",1989,2542358
"MORR",1990,2704314
"MORR",1991,3819502
"MORR",1992,5229292
"MORR",1993,4722398
"MORR",1994,4588720
"MORR",1995,4496724
"MORR",1996,3789254
"MORR",1997,4199082
"MORR",1998,4159084
"MORR",1999,4558388
"MORR",2000,3473544
"MORR",2001,3604258
"MORR",2002,2572658
"MORR",2003,2553674
"MORR",2004,2418834
"MORR",2005,1832400
"MORR",2006,2179050
"MORR",2007,2306030
"MORR",2008,2109452
"MORR",2009,2306190
"MORR",2010,2228260
"MORR",2011,1781330
"MORR",2012,2308036
"MORR",2013,2375050
"MORR",2014,2110548
"MORR",2015,1565926
"MORR",2016,1975602
"MORR",2017,2062496
"MORR",2018,2182980
"MORR",2019,2126048
"MORR",2020,1936100
"MORR",2021,2441842
"MORR",2022,1778596
"MORR",2023,1806972
"MORR",2024,1626464
"MORU",1979,6830002
"MORU",1980,7033134
"MORU",1981,8635304
"MORU",1982,7954460
"MORU",1983,8681300
"MORU",1984,8097198
"MORU",1985,9056210
"MORU",1986,8560662
"MORU",1987,8255600
"MORU",1988,8464834
"MORU",1989,8759136
"MORU",1990,9052842
"MORU",1991,11972686
"MORU",1992,10668454
"MORU",1993,10741588
"MORU",1994,11367528
"MORU",1995,10327758
"MORU",1996,10603016
"MORU",1997,9752290
"MORU",1998,11180262
"MORU",1999,10962216
"MORU",2000,10401520
"MORU",2001,10598810
"MORU",2002,12045026
"MORU",2003,12356532
"MORU",2004,11352378
"MORU",2005,11362348
"MORU",2006,11081740
"MORU",2007,10336254
"MORU",2008,9963968
"MORU",2009,12536882
"MORU",2010,12956024
"MORU",2011,11560740
"MORU",2012,12152808
"MORU",2013,12014658
"MORU",2014,11936804
"MORU",2015,13547655
"MORU",2016,13520855
"MORU",2017,13569290
"MORU",2018,12838850
"MORU",2019,10902979
"MORU",2020,11498570
"MORU",2021,14038555
"MORU",2022,13560840
"MORU",2023,13491026
"MORU",2024,10281939
"MUWO",1979,5755124
"MUWO",1980,6149014
"MUWO",1981,5928772
"MUWO",1982,5484556
"MUWO",1983,5474788
"MUWO",1984,5721964
"MUWO",1985,6454112
"MUWO",1986,6558696
"MUWO",1987,7625254
"MUWO",1988,7487734
"MUWO",1989,7395020
"MUWO",1990,6931286
"MUWO",1991,7113642
"MUWO",1992,7600436
"MUWO",1993,7107726
"MUWO",1994,6588672
"MUWO",1995,6072066
"MUWO",1996,6607630
"MUWO",1997,7241544
"MUWO",1998,4014522
"MUWO",1999,4120844
"MUWO",2000,4125814
"MUWO",2001,3609730
"MUWO",2002,3303950
"MUWO",2003,3356488
"MUWO",2004,3631862
"MUWO",2005,3620540
"MUWO",2006,3461084
"MUWO",2007,3784272
"MUWO",2008,3911466
"MUWO",2009,3638918
"MUWO",2010,3893108
"MUWO",2011,4186016
"MUWO",2012,4536896
"MUWO",2013,4451946
"MUWO",2014,4896502
"MUWO",2015,5132238
"MUWO",2016,5240488
"MUWO",2017,4955754
"MUWO",2018,4469706
"MUWO",2019,3789136
"MUWO",2020,1512870
"MUWO",2021,3068930
"MUWO",2022,3726384
"MUWO",2023,3778048
"MUWO",2024,3697778
"NABR",1979,1211900
"NABR",1980,921136
"NABR",1981,912496
"NABR",1982,711738
"NABR",1983,711307
"NABR",1984,757555
"NABR",1985,779762
"NABR",1986,911880
"NABR",1987,975460
"NABR",1988,1195169
"NABR",1989,1259192
"NABR",1990,1233623
"NABR",1991,1487635
"NABR",1992,1851081
"NABR",1993,1984782
"NABR",1994,1825200
"NABR",1995,1926366
"NABR",1996,1807364
"NABR",1997,1855183
"NABR",1998,1660933
"NABR",1999,1720172
"NABR",2000,1523072
"NABR",2001,1351569
"NABR",2002,1343819
"NABR",2003,1346078
"NABR",2004,1303409
"NABR",2005,1579974
"NABR",2006,1205951
"NABR",2007,1224568
"NABR",2008,1249514
"NABR",2009,1266942
"NABR",2010,1282599
"NABR",2011,1267959
"NABR",2012,1253479
"NABR",2013,1163115
"NABR",2014,1252023
"NABR",2015,1340749
"NABR",2016,1398997
"NABR",2017,1475783
"NABR",2018,1421061
"NABR",2019,1221889
"NABR",2020,688589
"NABR",2021,1062714
"NABR",2022,1045974
"NABR",2023,1159453
"NABR",2024,1345032
"NACA",1979,29445880
"NACA",1980,34155446
"NACA",1981,44119830
"NACA",1982,36411248
"NACA",1983,34080452
"NACA",1984,38625628
"NACA",1985,45152130
"NACA",1986,36352098
"NACA",1987,44028480
"NACA",1988,42917054
"NACA",1989,41641048
"NACA",1990,39116000
"NACA",1991,38319926
"NACA",1992,41282832
"NACA",1993,46445958
"NACA",1994,25310982
"NACA",1995,23644718
"NACA",1996,94807096
"NATC",1992,170474
"NATC",1993,289228
"NATC",1994,215328
"NATC",1995,192590
"NATC",1996,259820
"NATC",1997,233104
"NATC",1998,926198
"NATC",1999,2107922
"NATC",2000,1910268
"NATC",2001,1643860
"NATC",2002,1535034
"NATC",2003,1647462
"NATC",2004,1422084
"NATC",2005,1338860
"NATC",2006,1485756
"NATC",2007,1183562
"NATC",2008,1285828
"NATC",2009,1214240
"NATC",2010,1155650
"NATC",2011,1181404
"NATC",2012,1043832
"NATC",2013,1120314
"NATC",2014,1256490
"NATC",2015,1303736
"NATC",2016,1351382
"NATC",2017,1418322
"NATC",2018,1486306
"NATC",2019,1187956
"NATC",2020,352484
"NATC",2021,356876
"NATC",2022,456548
"NATC",2023,467708
"NATC",2024,183682
"NATR",1979,95142311
"NATR",1980,106398929
"NATR",1981,111983158
"NATR",1982,110963550
"NATR",1983,128411159
"NATR",1984,135439613
"NATR",1985,129768036
"NATR",1986,144185561
"NATR",1987,100006162
"NATR",1988,117431650
"NATR",1989,109052074
"NATR",1990,82906764
"NATR",1991,86658856
"NATR",1992,86393732
"NATR",1993,86160243
"NATR",1994,82749264
"NATR",1995,88534469
"NATR",1996,89106957
"NATR",1997,89667210
"NATR",1998,93321207
"NATR",1999,97983217
"NATR",2000,92065710
"NATR",2001,85993243
"NATR",2002,87576111
"NATR",2003,84528568
"NATR",2004,86281756
"NATR",2005,87900969
"NATR",2006,90597247
"NATR",2007,87356244
"NATR",2008,90678928
"NATR",2009,97554171
"NATR",2010,91966611
"NATR",2011,93241855
"NATR",2012,85735721
"NATR",2013,95484653
"NATR",2014,97175008
"NATR",2015,86657760
"NATR",2016,86078082
"NATR",2017,98699594
"NATR",2018,99904216
"NATR",2019,99973950
"NATR",2020,94759257
"NATR",2021,99435942
"NATR",2022,99989590
"NATR",2023,105975994
"NATR",2024,111806999
"NAVA",1979,656749
"NAVA",1980,652967
"NAVA",1981,740538
"NAVA",1982,672783
"NAVA",1983,755950
"NAVA",1984,628410
"NAVA",1985,760625
"NAVA",1986,668208
"NAVA",1987,807416
"NAVA",1988,933613
"NAVA",1989,897128
"NAVA",1990,812269
"NAVA",1991,874161
"NAVA",1992,1237449
"NAVA",1993,1095585
"NAVA",1994,1085500
"NAVA",1995,1120956
"NAVA",1996,950128
"NAVA",1997,990779
"NAVA",1998,744837
"NAVA",1999,658399
"NAVA",2000,566066
"NAVA",2001,504403
"NAVA",2002,448921
"NAVA",2003,608716
"NAVA",2004,659603
"NAVA",2005,553478
"NAVA",2006,538510
"NAVA",2007,534245
"NAVA",2008,547280
"NAVA",2009,565880
"NAVA",2010,631334
"NAVA",2011,584048
"NAVA",2012,444646
"NAVA",2013,437954
"NAVA",2014,485703
"NAVA",2015,531945
"NAVA",2016,522321
"NAVA",2017,564094
"NAVA",2018,504110
"NAVA",2019,427536
"NAVA",2020,29605
"NAVA",2021,123643
"NAVA",2022,344492
"NAVA",2023,375346
"NAVA",2024,453656
"NAVC",1979,845648
"NAVC",1980,727814
"NAVC",1981,106980
"NCPC",1997,5422010
"NCPC",1998,4144896
"NCPC",1999,4935024
"NCPC",2000,12096396
"NCPC",2001,7895912
"NCPC",2002,5900266
"NCPC",2003,4297190
"NCPC",2004,6813848
"NCPC",2005,10886750
"NCPC",2006,23958750
"NCPC",2007,17966192
"NCPC",2008,28323066
"NCPC",2009,24948404
"NCPC",2010,4483220
"NCPC",2011,3919434
"NCPC",2012,2835200
"NCPC",2013,5518860
"NCPC",2014,6638474
"NCPC",2015,6064302
"NCPC",2016,6028770
"NCPC",2017,6413186
"NCPC",2018,5940118
"NCPC",2019,5780070
"NCPC",2020,5267660
"NCPC",2021,2941298
"NCPC",2022,3653724
"NCPC",2023,3910952
"NCPC",2024,3776036
"NCPE",1997,87079798
"NCPE",1998,80770390
"NCPE",1999,71846864
"NCPE",2000,76159996
"NCPE",2001,77949572
"NCPE",2002,83326364
"NCPE",2003,85813510
"NCPE",2004,88082578
"NCPE",2005,81502458
"NCPE",2006,83490948
"NCPE",2007,82272840
"NCPE",2008,82334042
"NCPE",2009,81275614
"NCPE",2010,76463924
"NCPE",2011,76632556
"NCPE",2012,57839848
"NCPE",2013,74762934
"NCPE",2014,109366164
"NCPE",2015,127151560
"NCPE",2016,114075541
"NCPE",2017,114726163
"NCPE",2018,115746963
"NCPE",2019,113275268
"NCPE",2020,107939274
"NCPE",2021,113811208
"NCPE",2022,114358540
"NCPE",2023,114231075
"NCPE",2024,115455781
"NEBE",1998,74400
"NEBE",1999,740768
"NEBE",2000,818000
"NEBE",2001,910030
"NEBE",2002,1039016
"NEBE",2003,1001902
"NEBE",2004,1034418
"NEBE",2005,1002486
"NEBE",2006,1034100
"NEBE",2007,984306
"NEBE",2008,848332
"NEBE",2009,847106
"NEBE",2010,836580
"NEBE",2011,824570
"NEBE",2012,812128
"NEBE",2013,831824
"NEBE",2014,822058
"NEBE",2015,506706
"NEBE",2016,439674
"NEBE",2017,509872
"NEBE",2018,569102
"NEBE",2019,435898
"NEBE",2020,49466
"NEBE",2021,25018
"NEBE",2022,31468
"NEBE",2023,39254
"NEBE",2024,41526
"NEPE",1979,1062468
"NEPE",1980,1067680
"NEPE",1981,1116922
"NEPE",1982,1204274
"NEPE",1983,1347348
"NEPE",1984,1399494
"NEPE",1985,1459068
"NEPE",1986,1306048
"NEPE",1987,1679646
"NEPE",1988,1336414
"NEPE",1989,1562608
"NEPE",1990,1285262
"NEPE",1991,1433500
"NEPE",1992,1600194
"NEPE",1993,1412694
"NEPE",1994,1346694
"NEPE",1995,1190510
"NEPE",1996,1206416
"NEPE",1997,1178782
"NEPE",1998,1145206
"NEPE",1999,882258
"NEPE",2000,541186
"NEPE",2001,626522
"NEPE",2002,927434
"NEPE",2003,913036
"NEPE",2004,833476
"NEPE",2005,703638
"NEPE",2006,814728
"NEPE",2007,1326206
"NEPE",2008,1136056
"NEPE",2009,807474
"NEPE",2010,908676
"NEPE",2011,1372034
"NEPE",2012,1153576
"NEPE",2013,1503995
"NEPE",2014,1024968
"NEPE",2015,1020371
"NEPE",2016,1070933
"NEPE",2017,929505
"NEPE",2018,1026973
"NEPE",2019,863932
"NEPE",2020,1083338
"NEPE",2021,1182769
"NEPE",2022,1245579
"NEPE",2023,1345243
"NEPE",2024,1244471
"NERI",1984,1949662
"NERI",1985,2049642
"NERI",1986,2408493
"NERI",1987,2629919
"NERI",1988,2103807
"NERI",1989,2364400
"NERI",1990,2219317
"NERI",1991,3414989
"NERI",1992,4425232
"NERI",1993,5411566
"NERI",1994,6179450
"NERI",1995,7550498
"NERI",1996,8055248
"NERI",1997,8066567
"NERI",1998,8083147
"NERI",1999,8038846
"NERI",2000,8131463
"NERI",2001,8308289
"NERI",2002,8383860
"NERI",2003,7101823
"NERI",2004,7201379
"NERI",2005,6778189
"NERI",2006,7171318
"NERI",2007,7445629
"NERI",2008,7470410
"NERI",2009,7321916
"NERI",2010,7470452
"NERI",2011,6868461
"NERI",2012,7250954
"NERI",2013,7110338
"NERI",2014,6900245
"NERI",2015,7549176
"NERI",2016,7549785
"NERI",2017,7467941
"NERI",2018,7595521
"NERI",2019,7655730
"NERI",2020,7634095
"NERI",2021,12090364
"NERI",2022,11642112
"NERI",2023,12439581
"NERI",2024,13094935
"NICO",1998,5128
"NICO",1999,75600
"NICO",2000,86764
"NICO",2001,137004
"NICO",2002,126656
"NICO",2003,205240
"NICO",2004,227212
"NICO",2005,112260
"NICO",2006,85764
"NICO",2007,10028
"NICO",2008,9736
"NICO",2009,11912
"NICO",2010,13792
"NICO",2011,10724
"NICO",2012,14020
"NICO",2013,12964
"NICO",2014,13496
"NICO",2015,13224
"NICO",2016,14208
"NICO",2017,11664
"NICO",2018,10952
"NICO",2019,14160
"NICO",2020,1048
"NICO",2021,18516
"NICO",2022,21228
"NICO",2023,29968
"NICO",2024,28258
"NIOB",2004,953994
"NIOB",2005,1034436
"NIOB",2006,1050438
"NIOB",2007,1405572
"NIOB",2008,1208748
"NIOB",2009,1192596
"NIOB",2010,1219266
"NIOB",2011,1145526
"NIOB",2012,1148106
"NIOB",2013,1261404
"NIOB",2014,927066
"NIOB",2015,1183320
"NIOB",2016,1293734
"NIOB",2017,1419942
"NIOB",2018,1074774
"NIOB",2019,1051972
"NIOB",2020,1804884
"NIOB",2021,1592564
"NIOB",2022,1398048
"NIOB",2023,1318576
"NIOB",2024,1295440
"NISI",1985,80578
"NISI",1986,187600
"NISI",1987,178680
"NISI",1988,169936
"NISI",1989,201734
"NISI",1990,205784
"NISI",1991,138604
"NISI",1992,124600
"NISI",1993,139842
"NISI",1994,162704
"NISI",1995,142740
"NISI",1996,169162
"NISI",1997,152892
"NISI",1998,143292
"NISI",1999,125552
"NISI",2000,128218
"NISI",2001,131376
"NISI",2002,129602
"NISI",2003,142552
"NISI",2004,155792
"NISI",2005,129304
"NISI",2006,152032
"NISI",2007,151176
"NISI",2008,257868
"NISI",2009,228106
"NISI",2010,286862
"NISI",2011,315446
"NISI",2012,328690
"NISI",2013,313312
"NISI",2014,295590
"NISI",2015,361004
"NISI",2016,531006
"NISI",2017,508964
"NISI",2018,429976
"NISI",2019,437820
"NISI",2020,429382
"NISI",2021,418394
"NISI",2022,486366
"NISI",2023,531934
"NISI",2024,456086
"NOAT",1982,567550
"NOAT",1983,229730
"NOAT",1984,363120
"NOAT",1985,321340
"NOAT",1986,250810
"NOAT",1987,253840
"NOAT",1988,330664
"NOAT",1989,295290
"NOAT",1990,328564
"NOAT",1991,339936
"NOAT",1992,340344
"NOAT",1993,418760
"NOAT",1994,417530
"NOAT",1995,360986
"NOAT",1996,370855
"NOAT",1997,371236
"NOAT",1998,123600
"NOAT",1999,135858
"NOAT",2000,95828
"NOAT",2001,166158
"NOAT",2002,171434
"NOAT",2003,189090
"NOAT",2004,280436
"NOAT",2005,317360
"NOAT",2006,105618
"NOAT",2007,66180
"NOAT",2008,80346
"NOAT",2009,81004
"NOAT",2010,73228
"NOAT",2011,335496
"NOAT",2012,1044200
"NOAT",2013,497302
"NOAT",2014,0
"NOAT",2015,0
"NOAT",2016,639300
"NOAT",2017,639300
"NOAT",2018,673348
"NOAT",2019,717494
"NOAT",2020,948632
"NOAT",2021,992104
"NOAT",2022,1312152
"NOAT",2023,1336042
"NOAT",2024,1272840
"NOCA",1979,5970423
"NOCA",1980,6313526
"NOCA",1981,8048716
"NOCA",1982,8771844
"NOCA",1983,10422153
"NOCA",1984,12731353
"NOCA",1985,12372358
"NOCA",1986,13107197
"NOCA",1987,12803389
"NOCA",1988,11802270
"NOCA",1989,8144006
"NOCA",1990,9203009
"NOCA",1991,801990
"NOCA",1992,752256
"NOCA",1993,765530
"NOCA",1994,780562
"NOCA",1995,1374176
"NOCA",1996,877506
"NOCA",1997,861276
"NOCA",1998,964726
"NOCA",1999,752576
"NOCA",2000,903142
"NOCA",2001,852644
"NOCA",2002,811370
"NOCA",2003,824040
"NOCA",2004,696446
"NOCA",2005,728636
"NOCA",2006,745378
"NOCA",2007,746406
"NOCA",2008,717196
"NOCA",2009,793228
"NOCA",2010,965182
"NOCA",2011,866698
"NOCA",2012,1045250
"NOCA",2013,1019194
"NOCA",2014,1089618
"NOCA",2015,1138536
"NOCA",2016,1290256
"NOCA",2017,1327218
"NOCA",2018,1346728
"NOCA",2019,1476800
"NOCA",2020,1218822
"NOCA",2021,739474
"NOCA",2022,1234790
"NOCA",2023,1182640
"NOCA",2024,671412
"NPSA",2002,11624
"NPSA",2003,0
"NPSA",2006,7428
"NPSA",2007,40644
"NPSA",2008,22090
"NPSA",2009,19460
"NPSA",2010,18040
"NPSA",2011,52294
"NPSA",2012,62640
"NPSA",2013,107514
"NPSA",2014,83712
"NPSA",2015,83356
"NPSA",2016,173350
"NPSA",2017,416804
"NPSA",2018,171756
"NPSA",2019,360032
"NPSA",2020,28918
"NPSA",2021,50970
"NPSA",2022,11316
"NPSA",2023,72816
"NPSA",2024,135408
"OBRI",1987,57616
"OBRI",1988,153038
"OBRI",1989,239318
"OBRI",1990,2413144
"OBRI",1991,976110
"OBRI",1992,2011783
"OBRI",1993,2379477
"OBRI",1994,2585958
"OBRI",1995,2698744
"OBRI",1996,2499516
"OBRI",1997,3193280
"OBRI",1998,2762638
"OBRI",1999,2678768
"OBRI",2000,2600230
"OBRI",2001,2122641
"OBRI",2002,2552637
"OBRI",2003,2151754
"OBRI",2004,2486629
"OBRI",2005,1839435
"OBRI",2006,1940763
"OBRI",2007,1915991
"OBRI",2008,2010592
"OBRI",2009,2219756
"OBRI",2010,1877180
"OBRI",2011,2202518
"OBRI",2012,2222261
"OBRI",2013,2080560
"OBRI",2014,2274385
"OBRI",2015,2308978
"OBRI",2016,2539737
"OBRI",2017,2309224
"OBRI",2018,2360844
"OBRI",2019,2381895
"OBRI",2020,2633685
"OBRI",2021,2710867
"OBRI",2022,3284602
"OBRI",2023,3008530
"OBRI",2024,2834589
"OCMU",1979,244714
"OCMU",1980,266788
"OCMU",1981,253164
"OCMU",1982,242712
"OCMU",1983,333044
"OCMU",1984,543036
"OCMU",1985,992984
"OCMU",1986,1074272
"OCMU",1987,820300
"OCMU",1988,591690
"OCMU",1989,639694
"OCMU",1990,613534
"OCMU",1991,639162
"OCMU",1992,625090
"OCMU",1993,576186
"OCMU",1994,555736
"OCMU",1995,572726
"OCMU",1996,649096
"OCMU",1997,630150
"OCMU",1998,601274
"OCMU",1999,594024
"OCMU",2000,638534
"OCMU",2001,592832
"OCMU",2002,547414
"OCMU",2003,871702
"OCMU",2004,692634
"OCMU",2005,651410
"OCMU",2006,701200
"OCMU",2007,571902
"OCMU",2008,513160
"OCMU",2009,554102
"OCMU",2010,547070
"OCMU",2011,613616
"OCMU",2012,600128
"OCMU",2013,579006
"OCMU",2014,613994
"OCMU",2015,776940
"OCMU",2016,811300
"OCMU",2017,784534
"OCMU",2018,665042
"OCMU",2019,734624
"OCMU",2020,306520
"OCMU",2021,644096
"OCMU",2022,776214
"OCMU",2023,904638
"OCMU",2024,709526
"OKCI",2000,1675268
"OKCI",2001,1931896
"OKCI",2002,1715908
"OKCI",2003,1204072
"OLYM",1979,29052857
"OLYM",1980,29754658
"OLYM",1981,33021259
"OLYM",1982,30089647
"OLYM",1983,29883103
"OLYM",1984,32557517
"OLYM",1985,33146905
"OLYM",1986,35269085
"OLYM",1987,33530831
"OLYM",1988,38420144
"OLYM",1989,37922841
"OLYM",1990,37907066
"OLYM",1991,37357636
"OLYM",1992,43809495
"OLYM",1993,42640746
"OLYM",1994,49564967
"OLYM",1995,52411661
"OLYM",1996,49636404
"OLYM",1997,52184183
"OLYM",1998,49423741
"OLYM",1999,45592271
"OLYM",2000,46223659
"OLYM",2001,45349197
"OLYM",2002,49535103
"OLYM",2003,45546428
"OLYM",2004,42236867
"OLYM",2005,43427519
"OLYM",2006,39274753
"OLYM",2007,38098128
"OLYM",2008,37796953
"OLYM",2009,41189938
"OLYM",2010,36432304
"OLYM",2011,37903906
"OLYM",2012,35448661
"OLYM",2013,36891543
"OLYM",2014,40096548
"OLYM",2015,40967258
"OLYM",2016,43317868
"OLYM",2017,45914126
"OLYM",2018,44554492
"OLYM",2019,43344599
"OLYM",2020,35177226
"OLYM",2021,42089803
"OLYM",2022,36864027
"OLYM",2023,40773554
"OLYM",2024,44343001
"ORCA",1979,1140212
"ORCA",1980,1137690
"ORCA",1981,1200230
"ORCA",1982,998988
"ORCA",1983,1014744
"ORCA",1984,1044332
"ORCA",1985,845136
"ORCA",1986,926040
"ORCA",1987,920390
"ORCA",1988,984664
"ORCA",1989,834918
"ORCA",1990,802534
"ORCA",1991,822844
"ORCA",1992,931120
"ORCA",1993,937100
"ORCA",1994,943044
"ORCA",1995,1023000
"ORCA",1996,979190
"ORCA",1997,839736
"ORCA",1998,904470
"ORCA",1999,916160
"ORCA",2000,874788
"ORCA",2001,809728
"ORCA",2002,806572
"ORCA",2003,986416
"ORCA",2004,884950
"ORCA",2005,904866
"ORCA",2006,864840
"ORCA",2007,825670
"ORCA",2008,802652
"ORCA",2009,926024
"ORCA",2010,916846
"ORCA",2011,827116
"ORCA",2012,833802
"ORCA",2013,773350
"ORCA",2014,759161
"ORCA",2015,590842
"ORCA",2016,904686
"ORCA",2017,753762
"ORCA",2018,732448
"ORCA",2019,523160
"ORCA",2020,185432
"ORCA",2021,289581
"ORCA",2022,607366
"ORCA",2023,275622
"ORCA",2024,771027
"ORPI",1979,2498453
"ORPI",1980,2608686
"ORPI",1981,2778266
"ORPI",1982,2742773
"ORPI",1983,3200687
"ORPI",1984,2801287
"ORPI",1985,2772494
"ORPI",1986,3157777
"ORPI",1987,3305896
"ORPI",1988,3175190
"ORPI",1989,2982953
"ORPI",1990,3088930
"ORPI",1991,3073689
"ORPI",1992,3277633
"ORPI",1993,3076821
"ORPI",1994,3215843
"ORPI",1995,3511374
"ORPI",1996,3378784
"ORPI",1997,2342011
"ORPI",1998,3007073
"ORPI",1999,6595283
"ORPI",2000,5944820
"ORPI",2001,6449001
"ORPI",2002,6253802
"ORPI",2003,5729704
"ORPI",2004,5582168
"ORPI",2005,5674303
"ORPI",2006,6277520
"ORPI",2007,5876325
"ORPI",2008,5705264
"ORPI",2009,5143155
"ORPI",2010,4978686
"ORPI",2011,3556066
"ORPI",2012,3690818
"ORPI",2013,4019930
"ORPI",2014,4340465
"ORPI",2015,4847188
"ORPI",2016,5090746
"ORPI",2017,5594678
"ORPI",2018,5721440
"ORPI",2019,6051195
"ORPI",2020,4558361
"ORPI",2021,3432388
"ORPI",2022,3225418
"ORPI",2023,3156347
"ORPI",2024,3639862
"OZAR",1979,15573490
"OZAR",1980,15419687
"OZAR",1981,15084912
"OZAR",1982,16614182
"OZAR",1983,15784541
"OZAR",1984,14792794
"OZAR",1985,14339392
"OZAR",1986,13662114
"OZAR",1987,12432139
"OZAR",1988,13701878
"OZAR",1989,14392730
"OZAR",1990,14181172
"OZAR",1991,14669874
"OZAR",1992,12487618
"OZAR",1993,10912562
"OZAR",1994,11612434
"OZAR",1995,12239180
"OZAR",1996,11858988
"OZAR",1997,13019182
"OZAR",1998,12010402
"OZAR",1999,12529770
"OZAR",2000,12526082
"OZAR",2001,11401642
"OZAR",2002,9792704
"OZAR",2003,10120216
"OZAR",2004,9488666
"OZAR",2005,12612032
"OZAR",2006,11561022
"OZAR",2007,12233694
"OZAR",2008,9392718
"OZAR",2009,10268678
"OZAR",2010,11507672
"OZAR",2011,11080720
"OZAR",2012,11335645
"OZAR",2013,9462792
"OZAR",2014,9851666
"OZAR",2015,9555772
"OZAR",2016,9163106
"OZAR",2017,8068204
"OZAR",2018,9652029
"OZAR",2019,9423897
"OZAR",2020,10812175
"OZAR",2021,11279793
"OZAR",2022,9942954
"OZAR",2023,10508364
"OZAR",2024,10231441
"PAAL",2003,354
"PAAL",2004,169050
"PAAL",2005,179482
"PAAL",2006,192700
"PAAL",2007,130056
"PAAL",2008,270156
"PAAL",2009,249594
"PAAL",2010,161188
"PAAL",2011,148508
"PAAL",2012,220242
"PAAL",2013,195130
"PAAL",2014,249092
"PAAL",2015,287196
"PAAL",2016,351330
"PAAL",2017,506158
"PAAL",2018,456680
"PAAL",2019,764848
"PAAL",2020,537584
"PAAL",2021,606176
"PAAL",2022,844626
"PAAL",2023,742702
"PAAL",2024,826558
"PAAV",1986,828514
"PAAV",1987,122896
"PAAV",1988,659896
"PAAV",1989,642936
"PAAV",1990,570054
"PAAV",1991,613468
"PAAV",1992,596012
"PAAV",1993,602432
"PAAV",1994,653886
"PAAV",1995,564656
"PAAV",1996,564614
"PAAV",1997,597674
"PAAV",1998,706430
"PAAV",1999,718760
"PAAV",2000,740734
"PAAV",2001,601058
"PAAV",2002,459048
"PAAV",2003,437146
"PAAV",2004,555952
"PAAV",2005,564294
"PAAV",2006,509862
"PAAV",2007,603574
"PAAV",2008,637830
"PAAV",2009,683282
"PAAV",2010,696998
"PAAV",2011,628124
"PAAV",2012,753398
"PAAV",2013,685828
"PAAV",2014,143734
"PAAV",2015,0
"PAAV",2016,0
"PAAV",2017,289184
"PAAV",2018,318180
"PAAV",2019,332592
"PAAV",2020,42288
"PAAV",2021,0
"PAAV",2022,151428
"PAAV",2023,367368
"PAAV",2024,377294
"PAGR",2016,1054184
"PAGR",2017,2184506
"PAGR",2018,1112426
"PAGR",2019,1658968
"PAGR",2020,1698840
"PAGR",2021,2013720
"PAGR",2022,1391466
"PAGR",2023,1855846
"PAGR",2024,1150360
"PAIS",1979,11913463
"PAIS",1980,11648920
"PAIS",1981,10286309
"PAIS",1982,11564199
"PAIS",1983,10024437
"PAIS",1984,9365753
"PAIS",1985,10017278
"PAIS",1986,11002330
"PAIS",1987,9383855
"PAIS",1988,9599535
"PAIS",1989,9135704
"PAIS",1990,9451454
"PAIS",1991,15211435
"PAIS",1992,14159025
"PAIS",1993,12899367
"PAIS",1994,14936009
"PAIS",1995,12409838
"PAIS",1996,13420510
"PAIS",1997,11130069
"PAIS",1998,11722388
"PAIS",1999,10265312
"PAIS",2000,11623888
"PAIS",2001,10239081
"PAIS",2002,8777070
"PAIS",2003,9286179
"PAIS",2004,10236797
"PAIS",2005,10474001
"PAIS",2006,11095163
"PAIS",2007,10330192
"PAIS",2008,9884477
"PAIS",2009,10442393
"PAIS",2010,9994194
"PAIS",2011,8866012
"PAIS",2012,9163539
"PAIS",2013,8413241
"PAIS",2014,9474669
"PAIS",2015,9230704
"PAIS",2016,10252458
"PAIS",2017,10598927
"PAIS",2018,10084454
"PAIS",2019,9634602
"PAIS",2020,9565623
"PAIS",2021,10230908
"PAIS",2022,9028023
"PAIS",2023,8966376
"PAIS",2024,8001867
"PECO",1979,232304
"PECO",1980,188240
"PECO",1981,193478
"PECO",1982,181810
"PECO",1983,172702
"PECO",1984,160808
"PECO",1985,198368
"PECO",1986,195762
"PECO",1987,215830
"PECO",1988,208612
"PECO",1989,189852
"PECO",1990,197612
"PECO",1991,200280
"PECO",1992,206264
"PECO",1993,186618
"PECO",1994,176466
"PECO",1995,184384
"PECO",1996,179842
"PECO",1997,149506
"PECO",1998,138858
"PECO",1999,179120
"PECO",2000,184552
"PECO",2001,165534
"PECO",2002,549616
"PECO",2003,878766
"PECO",2004,173046
"PECO",2005,179300
"PECO",2006,154188
"PECO",2007,151972
"PECO",2008,144422
"PECO",2009,152756
"PECO",2010,499208
"PECO",2011,186982
"PECO",2012,194148
"PECO",2013,146110
"PECO",2014,174524
"PECO",2015,136886
"PECO",2016,180438
"PECO",2017,184730
"PECO",2018,175418
"PECO",2019,199634
"PECO",2020,160518
"PECO",2021,268454
"PECO",2022,226224
"PECO",2023,230952
"PECO",2024,212800
"PEFO",1979,3557870
"PEFO",1980,3669226
"PEFO",1981,3969214
"PEFO",1982,3579386
"PEFO",1983,3805986
"PEFO",1984,3830202
"PEFO",1985,3909196
"PEFO",1986,4041542
"PEFO",1987,4124960
"PEFO",1988,4468342
"PEFO",1989,4422878
"PEFO",1990,4232578
"PEFO",1991,4563106
"PEFO",1992,4883074
"PEFO",1993,6207782
"PEFO",1994,6001280
"PEFO",1995,5954042
"PEFO",1996,5268334
"PEFO",1997,4976914
"PEFO",1998,4969140
"PEFO",1999,4555218
"PEFO",2000,4109034
"PEFO",2001,3997526
"PEFO",2002,3905292
"PEFO",2003,4023338
"PEFO",2004,4136842
"PEFO",2005,4223912
"PEFO",2006,4095568
"PEFO",2007,3997722
"PEFO",2008,3904118
"PEFO",2009,4510686
"PEFO",2010,4751060
"PEFO",2011,4422988
"PEFO",2012,4663790
"PEFO",2013,4527316
"PEFO",2014,5872754
"PEFO",2015,5631782
"PEFO",2016,4428266
"PEFO",2017,4724478
"PEFO",2018,4743212
"PEFO",2019,4692856
"PEFO",2020,2653832
"PEFO",2021,4087462
"PEFO",2022,3574728
"PEFO",2023,3744288
"PEFO",2024,4007302
"PERI",1979,364980
"PERI",1980,335190
"PERI",1981,372110
"PERI",1982,372786
"PERI",1983,403140
"PERI",1984,439954
"PERI",1985,419884
"PERI",1986,464220
"PERI",1987,349356
"PERI",1988,382582
"PERI",1989,370322
"PERI",1990,389296
"PERI",1991,364774
"PERI",1992,406040
"PERI",1993,318752
"PERI",1994,321308
"PERI",1995,378572
"PERI",1996,545034
"PERI",1997,432096
"PERI",1998,480000
"PERI",1999,572460
"PERI",2000,458970
"PERI",2001,465498
"PERI",2002,490892
"PERI",2003,424068
"PERI",2004,368692
"PERI",2005,393338
"PERI",2006,397058
"PERI",2007,413038
"PERI",2008,410784
"PERI",2009,412476
"PERI",2010,690768
"PERI",2011,685404
"PERI",2012,791438
"PERI",2013,571502
"PERI",2014,628118
"PERI",2015,687466
"PERI",2016,716946
"PERI",2017,726974
"PERI",2018,611814
"PERI",2019,616520
"PERI",2020,482724
"PERI",2021,497134
"PERI",2022,491962
"PERI",2023,1029376
"PERI",2024,615730
"PERL",1981,5257878
"PERL",1982,6891366
"PERL",1983,6919716
"PERL",1984,8260896
"PERL",1985,8021952
"PERL",1986,8615310
"PERL",1987,9135810
"PERL",1988,8774370
"PERL",1989,8667834
"PERL",1990,8643490
"PERL",1991,8981490
"PERL",1992,9280962
"PERL",1993,8760894
"PERL",1994,8774346
"PERL",1995,8287086
"PERL",1996,8542830
"PERL",1997,8474904
"PERL",1998,8198994
"PERL",1999,8461308
"PERL",2000,8716224
"PERL",2001,8663736
"PERL",2002,9045360
"PERL",2003,8905176
"PERL",2004,9446598
"PERL",2005,9387648
"PERL",2006,9303342
"PERL",2007,9386316
"PERL",2008,8480856
"PERL",2009,7693968
"PERL",2010,8267544
"PERL",2011,13559168
"PERL",2012,14009792
"PERL",2013,14288192
"PERL",2014,12966512
"PERL",2015,12593248
"PERL",2016,14552160
"PERL",2017,15579960
"PERL",2018,14233144
"PERL",2019,13732280
"PERL",2020,3324336
"PERL",2021,9482952
"PERL",2022,12364656
"PERL",2023,13541752
"PERL",2024,12710384
"PETE",1979,2540042
"PETE",1980,2401368
"PETE",1981,2358416
"PETE",1982,2417242
"PETE",1983,2846414
"PETE",1984,2774724
"PETE",1985,2680188
"PETE",1986,2627540
"PETE",1987,2424994
"PETE",1988,2577298
"PETE",1989,1866806
"PETE",1990,1272704
"PETE",1991,1626238
"PETE",1992,1673972
"PETE",1993,1528920
"PETE",1994,1360302
"PETE",1995,1366476
"PETE",1996,1335956
"PETE",1997,1379256
"PETE",1998,1474768
"PETE",1999,1500548
"PETE",2000,1596098
"PETE",2001,1581124
"PETE",2002,1617400
"PETE",2003,1639624
"PETE",2004,1582654
"PETE",2005,1551926
"PETE",2006,1587460
"PETE",2007,1585396
"PETE",2008,1633804
"PETE",2009,1562358
"PETE",2010,1675816
"PETE",2011,1847584
"PETE",2012,1707050
"PETE",2013,1654211
"PETE",2014,1714205
"PETE",2015,1851575
"PETE",2016,1662583
"PETE",2017,1775258
"PETE",2018,1739276
"PETE",2019,1871731
"PETE",2020,1560416
"PETE",2021,1749589
"PETE",2022,1717930
"PETE",2023,1747971
"PETE",2024,1837089
"PETR",1992,274336
"PETR",1993,268772
"PETR",1994,343972
"PETR",1995,355184
"PETR",1996,388364
"PETR",1997,373036
"PETR",1998,312516
"PETR",1999,292968
"PETR",2000,246936
"PETR",2001,245580
"PETR",2002,239328
"PETR",2003,236236
"PETR",2004,584986
"PETR",2005,615734
"PETR",2006,730954
"PETR",2007,677204
"PETR",2008,699712
"PETR",2009,712120
"PETR",2010,633862
"PETR",2011,686564
"PETR",2012,716664
"PETR",2013,690448
"PETR",2014,695152
"PETR",2015,706946
"PETR",2016,745066
"PETR",2017,850820
"PETR",2018,1611672
"PETR",2019,1763746
"PETR",2020,2138954
"PETR",2021,2185262
"PETR",2022,2036358
"PETR",2023,1887164
"PETR",2024,2127204
"PEVI",1979,489030
"PEVI",1980,549536
"PEVI",1981,344072
"PEVI",1982,485434
"PEVI",1983,503342
"PEVI",1984,445186
"PEVI",1985,497966
"PEVI",1986,499026
"PEVI",1987,502526
"PEVI",1988,492360
"PEVI",1989,575622
"PEVI",1990,613760
"PEVI",1991,688674
"PEVI",1992,587982
"PEVI",1993,703906
"PEVI",1994,698294
"PEVI",1995,742158
"PEVI",1996,824880
"PEVI",1997,734792
"PEVI",1998,775950
"PEVI",1999,761878
"PEVI",2000,701684
"PEVI",2001,748374
"PEVI",2002,896232
"PEVI",2003,726690
"PEVI",2004,675584
"PEVI",2005,678406
"PEVI",2006,475506
"PEVI",2007,509646
"PEVI",2008,670656
"PEVI",2009,676298
"PEVI",2010,360130
"PEVI",2011,362188
"PEVI",2012,569452
"PEVI",2013,662700
"PEVI",2014,473032
"PEVI",2015,618910
"PEVI",2016,558420
"PEVI",2017,309596
"PEVI",2018,582800
"PEVI",2019,481006
"PEVI",2020,154128
"PEVI",2021,259758
"PEVI",2022,397288
"PEVI",2023,427722
"PEVI",2024,387094
"PINN",1979,1768235
"PINN",1980,1878866
"PINN",1981,1763717
"PINN",1982,1895090
"PINN",1983,1936941
"PINN",1984,1842154
"PINN",1985,2076628
"PINN",1986,2166149
"PINN",1987,2223036
"PINN",1988,2319471
"PINN",1989,2390491
"PINN",1990,2283173
"PINN",1991,1633405
"PINN",1992,1601961
"PINN",1993,1818631
"PINN",1994,1607947
"PINN",1995,1655529
"PINN",1996,1533035
"PINN",1997,1595538
"PINN",1998,877454
"PINN",1999,1528658
"PINN",2000,1506198
"PINN",2001,1649126
"PINN",2002,1506688
"PINN",2003,1514506
"PINN",2004,1459158
"PINN",2005,1590046
"PINN",2006,2102905
"PINN",2007,2301506
"PINN",2008,2476681
"PINN",2009,2013856
"PINN",2010,2743888
"PINN",2011,3596456
"PINN",2012,2077538
"PINN",2013,2210556
"PINN",2014,1810418
"PINN",2015,1891100
"PINN",2016,1973896
"PINN",2017,2139174
"PINN",2018,2034484
"PINN",2019,1623520
"PINN",2020,2733136
"PINN",2021,4725578
"PINN",2022,3987852
"PINN",2023,4597552
"PINN",2024,5275778
"PIPE",1979,460786
"PIPE",1980,545432
"PIPE",1981,652788
"PIPE",1982,943666
"PIPE",1983,936852
"PIPE",1984,903450
"PIPE",1985,918440
"PIPE",1986,972962
"PIPE",1987,819384
"PIPE",1988,736344
"PIPE",1989,764400
"PIPE",1990,746364
"PIPE",1991,842942
"PIPE",1992,868536
"PIPE",1993,751052
"PIPE",1994,814626
"PIPE",1995,728058
"PIPE",1996,673108
"PIPE",1997,615358
"PIPE",1998,642506
"PIPE",1999,648246
"PIPE",2000,646750
"PIPE",2001,619598
"PIPE",2002,590074
"PIPE",2003,576018
"PIPE",2004,572400
"PIPE",2005,488734
"PIPE",2006,468046
"PIPE",2007,506946
"PIPE",2008,560954
"PIPE",2009,486756
"PIPE",2010,546746
"PIPE",2011,433330
"PIPE",2012,532212
"PIPE",2013,453322
"PIPE",2014,435064
"PIPE",2015,495234
"PIPE",2016,472418
"PIPE",2017,535408
"PIPE",2018,512860
"PIPE",2019,542554
"PIPE",2020,267608
"PIPE",2021,576420
"PIPE",2022,546258
"PIPE",2023,582316
"PIPE",2024,581228
"PIRO",1979,2716825
"PIRO",1980,3136074
"PIRO",1981,3319347
"PIRO",1982,3559737
"PIRO",1983,4383312
"PIRO",1984,4011435
"PIRO",1985,3924726
"PIRO",1986,3996341
"PIRO",1987,4643686
"PIRO",1988,5369536
"PIRO",1989,5415467
"PIRO",1990,5384960
"PIRO",1991,8397658
"PIRO",1992,5502076
"PIRO",1993,5812977
"PIRO",1994,5550645
"PIRO",1995,5741979
"PIRO",1996,5058747
"PIRO",1997,5200414
"PIRO",1998,5723179
"PIRO",1999,5610065
"PIRO",2000,5410725
"PIRO",2001,5391709
"PIRO",2002,5557577
"PIRO",2003,4875624
"PIRO",2004,4864626
"PIRO",2005,5832838
"PIRO",2006,5209381
"PIRO",2007,5626209
"PIRO",2008,5074488
"PIRO",2009,5581521
"PIRO",2010,6108240
"PIRO",2011,6925183
"PIRO",2012,7245600
"PIRO",2013,7047260
"PIRO",2014,6654754
"PIRO",2015,8806784
"PIRO",2016,9453458
"PIRO",2017,9675559
"PIRO",2018,9992535
"PIRO",2019,10322999
"PIRO",2020,14140290
"PIRO",2021,15691029
"PIRO",2022,16281994
"PIRO",2023,16081021
"PIRO",2024,16448716
"PISC",1979,768172
"PISC",1980,912538
"PISC",1981,663478
"PISC",1982,675062
"PISC",1983,412592
"PISC",1984,348468
"PISC",1985,351648
"PISC",1986,458550
"PISC",1987,674302
"PISC",1988,336942
"PISC",1989,1086636
"PISC",1990,1620048
"PISC",1991,986778
"PISC",1992,1266218
"PISC",1993,794082
"PISC",1994,781294
"PISC",1995,835292
"PISC",1996,1130734
"PISC",1997,1390326
"PISC",1998,1332740
"PISC",1999,1375828
"PISC",2000,1163034
"PISC",2001,1444716
"PISC",2002,1312420
"PISC",2003,1067268
"PISC",2004,1095408
"PISC",2005,1011420
"PISC",2006,1136030
"PISC",2007,1057002
"PISC",2008,1876654
"PISC",2009,1340834
"PISC",2010,1435778
"PISC",2011,1616144
"PISC",2012,708694
"PISC",2013,929232
"PISC",2014,628008
"PISC",2015,856284
"PISC",2016,699940
"PISC",2017,877626
"PISC",2018,813068
"PISC",2019,1914790
"PISC",2020,905530
"PISC",2021,1591438
"PISC",2022,1383406
"PISC",2023,1614522
"PISC",2024,1897396
"PISP",1979,102890
"PISP",1980,105864
"PISP",1981,123674
"PISP",1982,124270
"PISP",1983,116380
"PISP",1984,118938
"PISP",1985,123948
"PISP",1986,137650
"PISP",1987,147464
"PISP",1988,167178
"PISP",1989,173856
"PISP",1990,191522
"PISP",1991,227096
"PISP",1992,230916
"PISP",1993,223490
"PISP",1994,196610
"PISP",1995,190814
"PISP",1996,190952
"PISP",1997,271896
"PISP",1998,257344
"PISP",1999,264340
"PISP",2000,213372
"PISP",2001,208532
"PISP",2002,221560
"PISP",2003,227972
"PISP",2004,232884
"PISP",2005,221424
"PISP",2006,206300
"PISP",2007,188904
"PISP",2008,192280
"PISP",2009,200340
"PISP",2010,242416
"PISP",2011,232048
"PISP",2012,221376
"PISP",2013,207080
"PISP",2014,228544
"PISP",2015,221084
"PISP",2016,189448
"PISP",2017,147933
"PISP",2018,128503
"PISP",2019,140018
"PISP",2020,55723
"PISP",2021,122738
"PISP",2022,117613
"PISP",2023,122688
"PISP",2024,125258
"POCH",2010,5904
"POCH",2011,3270
"POCH",2012,3198
"POCH",2013,3576
"POCH",2014,4716
"POCH",2015,5778
"POCH",2016,11652
"POCH",2017,6516
"POCH",2018,3918
"POCH",2019,4980
"POCH",2020,420
"POCH",2021,3408
"POCH",2022,6774
"POCH",2023,4584
"POCH",2024,5580
"PORE",1979,15473990
"PORE",1980,15488610
"PORE",1981,14652400
"PORE",1982,14150362
"PORE",1983,14785828
"PORE",1984,19190274
"PORE",1985,21445898
"PORE",1986,22148942
"PORE",1987,22701404
"PORE",1988,24056020
"PORE",1989,22977416
"PORE",1990,25899648
"PORE",1991,26479126
"PORE",1992,29467068
"PORE",1993,33021540
"PORE",1994,26643052
"PORE",1995,24093754
"PORE",1996,25170530
"PORE",1997,30339164
"PORE",1998,30033720
"PORE",1999,27835800
"PORE",2000,28029920
"PORE",2001,27553818
"PORE",2002,28775962
"PORE",2003,26979514
"PORE",2004,23660442
"PORE",2005,23746692
"PORE",2006,24786658
"PORE",2007,26601914
"PORE",2008,27188894
"PORE",2009,26532410
"PORE",2010,25320822
"PORE",2011,26095162
"PORE",2012,29090766
"PORE",2013,31941110
"PORE",2014,30083284
"PORE",2015,31265938
"PORE",2016,30080814
"PORE",2017,30156824
"PORE",2018,29771194
"PORE",2019,27516126
"PORE",2020,24279214
"PORE",2021,31539794
"PORE",2022,27379966
"PORE",2023,25896290
"PORE",2024,27110172
"PRPA",1997,8694266
"PRPA",1998,5973160
"PRPA",1999,6287970
"PRPA",2000,5674016
"PRPA",2001,7148722
"PRPA",2002,4161616
"PRPA",2003,3445356
"PRPA",2004,6745300
"PRPA",2005,5936730
"PRPA",2006,5315796
"PRPA",2007,5261158
"PRPA",2008,5931184
"PRPA",2009,7615214
"PRPA",2010,2662818
"PRPA",2011,3766470
"PRPA",2012,2665278
"PRPA",2013,3357940
"PRPA",2014,3543974
"PRPA",2015,4412846
"PRPA",2016,4661180
"PRPA",2017,7774160
"PRPA",2018,5106488
"PRPA",2019,3214274
"PRPA",2020,1980156
"PRPA",2021,2085234
"PRPA",2022,3622656
"PRPA",2023,4363344
"PRPA",2024,4455332
"PRWI",1979,6483257
"PRWI",1980,6339396
"PRWI",1981,6309991
"PRWI",1982,5999475
"PRWI",1983,5908174
"PRWI",1984,5754764
"PRWI",1985,6449274
"PRWI",1986,6330514
"PRWI",1987,6018163
"PRWI",1988,7208356
"PRWI",1989,6334632
"PRWI",1990,6105674
"PRWI",1991,5969779
"PRWI",1992,5828559
"PRWI",1993,5965282
"PRWI",1994,5464604
"PRWI",1995,5407287
"PRWI",1996,4872812
"PRWI",1997,4585262
"PRWI",1998,4598491
"PRWI",1999,4864574
"PRWI",2000,4841495
"PRWI",2001,5314992
"PRWI",2002,6039942
"PRWI",2003,5072211
"PRWI",2004,5425692
"PRWI",2005,5665431
"PRWI",2006,5146959
"PRWI",2007,5717618
"PRWI",2008,6249913
"PRWI",2009,6404482
"PRWI",2010,6222350
"PRWI",2011,6130179
"PRWI",2012,5745174
"PRWI",2013,5669637
"PRWI",2014,5778140
"PRWI",2015,6627053
"PRWI",2016,7633424
"PRWI",2017,7826135
"PRWI",2018,7527116
"PRWI",2019,7399426
"PRWI",2020,5253224
"PRWI",2021,5785748
"PRWI",2022,7501539
"PRWI",2023,6495042
"PRWI",2024,8193014
"PUHE",1979,65216
"PUHE",1980,64824
"PUHE",1981,74670
"PUHE",1982,101120
"PUHE",1983,122160
"PUHE",1984,134862
"PUHE",1985,144048
"PUHE",1986,169276
"PUHE",1987,164840
"PUHE",1988,159752
"PUHE",1989,179266
"PUHE",1990,190192
"PUHE",1991,211544
"PUHE",1992,180820
"PUHE",1993,163276
"PUHE",1994,167328
"PUHE",1995,377786
"PUHE",1996,471680
"PUHE",1997,475426
"PUHE",1998,504596
"PUHE",1999,493088
"PUHE",2000,475216
"PUHE",2001,458644
"PUHE",2002,517792
"PUHE",2003,643852
"PUHE",2004,638222
"PUHE",2005,687636
"PUHE",2006,746612
"PUHE",2007,638764
"PUHE",2008,541176
"PUHE",2009,577180
"PUHE",2010,609078
"PUHE",2011,710272
"PUHE",2012,728234
"PUHE",2013,850170
"PUHE",2014,730925
"PUHE",2015,844106
"PUHE",2016,712118
"PUHE",2017,752803
"PUHE",2018,764012
"PUHE",2019,718760
"PUHE",2020,356841
"PUHE",2021,517049
"PUHE",2022,637209
"PUHE",2023,622041
"PUHE",2024,630054
"PUHO",1979,1638582
"PUHO",1980,1489196
"PUHO",1981,1342528
"PUHO",1982,1384916
"PUHO",1983,1392098
"PUHO",1984,1533160
"PUHO",1985,1580286
"PUHO",1986,1730156
"PUHO",1987,1662852
"PUHO",1988,1570564
"PUHO",1989,1657970
"PUHO",1990,1572056
"PUHO",1991,1608478
"PUHO",1992,1738448
"PUHO",1993,1704184
"PUHO",1994,1821132
"PUHO",1995,1749834
"PUHO",1996,1767312
"PUHO",1997,1912092
"PUHO",1998,1968840
"PUHO",1999,1743240
"PUHO",2000,1678072
"PUHO",2001,1608284
"PUHO",2002,1508500
"PUHO",2003,2387844
"PUHO",2004,3276884
"PUHO",2005,1904948
"PUHO",2006,1940580
"PUHO",2007,1959140
"PUHO",2008,1658668
"PUHO",2009,1590660
"PUHO",2010,1678360
"PUHO",2011,1704896
"PUHO",2012,1769412
"PUHO",2013,1453128
"PUHO",2014,1607232
"PUHO",2015,1749144
"PUHO",2016,1684108
"PUHO",2017,2022940
"PUHO",2018,1851896
"PUHO",2019,1657640
"PUHO",2020,523380
"PUHO",2021,1003676
"PUHO",2022,1245764
"PUHO",2023,1366008
"PUHO",2024,1817072
"PULL",2023,87652
"PULL",2024,95880
"RABR",1979,485332
"RABR",1980,569084
"RABR",1981,572778
"RABR",1982,2127448
"RABR",1983,807756
"RABR",1984,889858
"RABR",1985,885190
"RABR",1986,1417986
"RABR",1987,1053546
"RABR",1988,1191532
"RABR",1989,1190632
"RABR",1990,1277100
"RABR",1991,1291734
"RABR",1992,1280790
"RABR",1993,1056276
"RABR",1994,1493262
"RABR",1995,1730760
"RABR",1996,1627816
"RABR",1997,898960
"RABR",1998,979582
"RABR",1999,1172756
"RABR",2000,988074
"RABR",2001,948754
"RABR",2002,838688
"RABR",2003,494330
"RABR",2004,368382
"RABR",2005,406032
"RABR",2006,438216
"RABR",2007,408042
"RABR",2008,477840
"RABR",2009,567304
"RABR",2010,522512
"RABR",2011,461562
"RABR",2012,376072
"RABR",2013,273870
"RABR",2014,314552
"RABR",2015,386350
"RABR",2016,431852
"RABR",2017,542094
"RABR",2018,554522
"RABR",2019,575542
"RABR",2020,17866
"RABR",2021,16450
"RABR",2022,324
"RABR",2023,660
"RABR",2024,69952
"REDW",1979,1900753
"REDW",1980,2055351
"REDW",1981,2330658
"REDW",1982,2075479
"REDW",1983,2142385
"REDW",1984,2075267
"REDW",1985,2379492
"REDW",1986,2495304
"REDW",1987,2925371
"REDW",1988,3114776
"REDW",1989,2805950
"REDW",1990,3853011
"REDW",1991,6183613
"REDW",1992,6565519
"REDW",1993,6652551
"REDW",1994,7455223
"REDW",1995,12415097
"REDW",1996,8041519
"REDW",1997,7843346
"REDW",1998,6395586
"REDW",1999,6337951
"REDW",2000,5976027
"REDW",2001,5043005
"REDW",2002,5318075
"REDW",2003,5407996
"REDW",2004,4280940
"REDW",2005,4097862
"REDW",2006,4041815
"REDW",2007,4049208
"REDW",2008,4150309
"REDW",2009,4636571
"REDW",2010,4088814
"REDW",2011,3645244
"REDW",2012,3305372
"REDW",2013,3965931
"REDW",2014,4272834
"REDW",2015,5179576
"REDW",2016,5242581
"REDW",2017,4377947
"REDW",2018,4757221
"REDW",2019,4553339
"REDW",2020,2850944
"REDW",2021,4527510
"REDW",2022,4958075
"REDW",2023,4444708
"REDW",2024,6273194
"REER",2022,63122
"REER",2023,78470
"REER",2024,77096
"RICH",1979,1000488
"RICH",1980,964556
"RICH",1981,1041056
"RICH",1982,1081964
"RICH",1983,1122440
"RICH",1984,1092300
"RICH",1985,1097942
"RICH",1986,1111540
"RICH",1987,1215424
"RICH",1988,1261464
"RICH",1989,1404986
"RICH",1990,1612742
"RICH",1991,1794514
"RICH",1992,1761382
"RICH",1993,1010858
"RICH",1994,935860
"RICH",1995,910124
"RICH",1996,915008
"RICH",1997,966634
"RICH",1998,940292
"RICH",1999,946008
"RICH",2000,1013160
"RICH",2001,1258930
"RICH",2002,1241878
"RICH",2003,1232488
"RICH",2004,1172248
"RICH",2005,1168176
"RICH",2006,1314576
"RICH",2007,1287928
"RICH",2008,1193758
"RICH",2009,1298612
"RICH",2010,1272318
"RICH",2011,1322950
"RICH",2012,1378718
"RICH",2013,1255464
"RICH",2014,1403413
"RICH",2015,1439595
"RICH",2016,1600080
"RICH",2017,1675253
"RICH",2018,1548191
"RICH",2019,1478654
"RICH",2020,1321416
"RICH",2021,1157811
"RICH",2022,1282061
"RICH",2023,1268498
"RICH",2024,1149689
"RIGR",1985,258732
"RIGR",1986,295980
"RIGR",1987,245038
"RIGR",1988,297552
"RIGR",1989,238242
"RIGR",1990,201850
"RIGR",1991,237748
"RIGR",1992,314442
"RIGR",1993,148770
"RIGR",1994,256188
"RIGR",1995,180588
"RIGR",1996,186518
"RIGR",1997,156074
"RIGR",1998,163292
"RIGR",1999,247548
"RIGR",2000,175244
"RIGR",2001,245626
"RIGR",2002,119474
"RIGR",2003,135946
"RIGR",2004,186258
"RIGR",2005,105954
"RIGR",2006,43060
"RIGR",2007,381810
"RIGR",2008,276946
"RIGR",2009,200852
"RIGR",2010,264798
"RIGR",2011,213868
"RIGR",2012,173654
"RIGR",2013,110448
"RIGR",2014,48236
"RIGR",2015,32420
"RIGR",2016,78958
"RIGR",2017,71184
"RIGR",2018,116030
"RIGR",2019,81084
"RIGR",2020,54866
"RIGR",2021,114700
"RIGR",2022,117608
"RIGR",2023,105500
"RIGR",2024,55202
"RIRA",2011,217236
"RIRA",2012,304008
"RIRA",2013,344778
"RIRA",2014,331682
"RIRA",2015,667697
"RIRA",2016,1239275
"RIRA",2017,1459218
"RIRA",2018,1461396
"RIRA",2019,1372510
"RIRA",2020,1868384
"RIRA",2021,1584690
"RIRA",2022,1451992
"RIRA",2023,1516776
"RIRA",2024,1443336
"ROCR",1979,43038034
"ROCR",1980,49001530
"ROCR",1981,72011732
"ROCR",1982,77545182
"ROCR",1983,84288604
"ROCR",1984,45977250
"ROCR",1985,49018050
"ROCR",1986,49541286
"ROCR",1987,47007156
"ROCR",1988,46755904
"ROCR",1989,47875970
"ROCR",1990,48479206
"ROCR",1991,49087372
"ROCR",1992,46982234
"ROCR",1993,47536320
"ROCR",1994,49436136
"ROCR",1995,46931982
"ROCR",1996,45982214
"ROCR",1997,46916290
"ROCR",1998,46617070
"ROCR",1999,46641354
"ROCR",2000,47019954
"ROCR",2001,47662540
"ROCR",2002,46160828
"ROCR",2003,46079312
"ROCR",2004,46935224
"ROCR",2005,46539876
"ROCR",2006,46785032
"ROCR",2007,46017134
"ROCR",2008,46268098
"ROCR",2009,46009426
"ROCR",2010,45082586
"ROCR",2011,46223000
"ROCR",2012,45510932
"ROCR",2013,45363622
"ROCR",2014,46117969
"ROCR",2015,46813541
"ROCR",2016,47669473
"ROCR",2017,47975406
"ROCR",2018,47456342
"ROCR",2019,47199500
"ROCR",2020,44175412
"ROCR",2021,44912277
"ROCR",2022,46525825
"ROCR",2023,44469211
"ROCR",2024,45433989
"ROLA",1990,0
"ROLA",1991,4568307
"ROLA",1992,1496798
"ROLA",1993,1418691
"ROLA",1994,1592764
"ROLA",1995,4984588
"ROLA",1996,4625465
"ROLA",1997,4351858
"ROLA",1998,5098361
"ROLA",1999,4319443
"ROLA",2000,4013725
"ROLA",2001,3934718
"ROLA",2002,4301047
"ROLA",2003,4061871
"ROLA",2004,2979714
"ROLA",2005,2970961
"ROLA",2006,3510051
"ROLA",2007,3515884
"ROLA",2008,3673594
"ROLA",2009,4386944
"ROLA",2010,6170097
"ROLA",2011,6548276
"ROLA",2012,6729064
"ROLA",2013,6539873
"ROLA",2014,6356106
"ROLA",2015,6305289
"ROLA",2016,7164147
"ROLA",2017,6984090
"ROLA",2018,8529338
"ROLA",2019,8046548
"ROLA",2020,7847310
"ROLA",2021,8409066
"ROLA",2022,10149161
"ROLA",2023,8501032
"ROLA",2024,9333946
"ROMO",1979,46148151
"ROMO",1980,46246453
"ROMO",1981,64728431
"ROMO",1982,42708116
"ROMO",1983,43229108
"ROMO",1984,36888164
"ROMO",1985,37205201
"ROMO",1986,39273150
"ROMO",1987,41291819
"ROMO",1988,41809075
"ROMO",1989,40894535
"ROMO",1990,42231098
"ROMO",1991,46389367
"ROMO",1992,47305068
"ROMO",1993,46940982
"ROMO",1994,50581292
"ROMO",1995,47884318
"ROMO",1996,49456452
"ROMO",1997,49780335
"ROMO",1998,51097821
"ROMO",1999,53681337
"ROMO",2000,53101776
"ROMO",2001,51701985
"ROMO",2002,49390560
"ROMO",2003,50663713
"ROMO",2004,45865247
"ROMO",2005,46701627
"ROMO",2006,46031394
"ROMO",2007,48315022
"ROMO",2008,46098938
"ROMO",2009,45868628
"ROMO",2010,47863194
"ROMO",2011,51871095
"ROMO",2012,50822520
"ROMO",2013,47153670
"ROMO",2014,55384923
"ROMO",2015,66736939
"ROMO",2016,71269082
"ROMO",2017,70535806
"ROMO",2018,72679370
"ROMO",2019,73097812
"ROMO",2020,50147363
"ROMO",2021,66579326
"ROMO",2022,67279400
"ROMO",2023,62339364
"ROMO",2024,64499152
"RORI",2013,252112
"RORI",2014,364392
"RORI",2015,450896
"RORI",2016,515400
"RORI",2017,487416
"RORI",2018,462816
"RORI",2019,403232
"RORI",2020,76224
"RORI",2021,152304
"RORI",2022,298872
"RORI",2023,319064
"RORI",2024,279304
"ROWI",1979,183662
"ROWI",1980,303416
"ROWI",1981,6346
"ROWI",1982,53386
"ROWI",1983,58140
"ROWI",1984,58022
"ROWI",1985,50464
"ROWI",1986,58730
"ROWI",1987,76280
"ROWI",1988,67944
"ROWI",1989,63708
"ROWI",1990,86514
"ROWI",1991,321302
"ROWI",1992,324622
"ROWI",1993,339118
"ROWI",1994,288726
"ROWI",1995,258630
"ROWI",1996,334710
"ROWI",1997,350210
"ROWI",1998,383600
"ROWI",1999,409378
"ROWI",2000,378556
"ROWI",2001,348866
"ROWI",2002,391936
"ROWI",2003,367138
"ROWI",2004,341862
"ROWI",2005,341726
"ROWI",2006,352912
"ROWI",2007,331688
"ROWI",2008,309462
"ROWI",2009,339512
"ROWI",2010,347722
"ROWI",2011,342754
"ROWI",2012,349808
"ROWI",2013,327718
"ROWI",2014,347625
"ROWI",2015,408794
"ROWI",2016,441607
"ROWI",2017,547394
"ROWI",2018,410926
"ROWI",2019,401558
"ROWI",2020,104977
"ROWI",2021,160484
"ROWI",2022,245731
"ROWI",2023,265071
"ROWI",2024,309531
"RUCA",1979,83904
"RUCA",1980,102738
"RUCA",1981,90878
"RUCA",1982,104090
"RUCA",1983,131736
"RUCA",1984,134604
"RUCA",1985,131820
"RUCA",1986,169286
"RUCA",1987,192980
"RUCA",1988,151818
"RUCA",1989,145348
"RUCA",1990,147712
"RUCA",1991,142694
"RUCA",1992,175492
"RUCA",1993,160746
"RUCA",1994,189854
"RUCA",1995,196204
"RUCA",1996,153326
"RUCA",1997,151626
"RUCA",1998,150118
"RUCA",1999,150196
"RUCA",2000,135700
"RUCA",2001,117534
"RUCA",2002,154044
"RUCA",2003,127622
"RUCA",2004,123008
"RUCA",2005,126278
"RUCA",2006,131040
"RUCA",2007,255316
"RUCA",2008,189184
"RUCA",2009,127426
"RUCA",2010,121614
"RUCA",2011,109266
"RUCA",2012,112280
"RUCA",2013,111986
"RUCA",2014,99868
"RUCA",2015,104644
"RUCA",2016,132714
"RUCA",2017,126608
"RUCA",2018,115222
"RUCA",2019,91034
"RUCA",2020,42712
"RUCA",2021,91126
"RUCA",2022,71398
"RUCA",2023,38372
"RUCA",2024,39170
"SAAN",1983,495288
"SAAN",1984,777590
"SAAN",1985,829142
"SAAN",1986,978604
"SAAN",1987,1005390
"SAAN",1988,1008392
"SAAN",1989,1049568
"SAAN",1990,1204528
"SAAN",1991,1115240
"SAAN",1992,4790812
"SAAN",1993,6329370
"SAAN",1994,7579284
"SAAN",1995,5315550
"SAAN",1996,5671304
"SAAN",1997,6740724
"SAAN",1998,5607358
"SAAN",1999,6255280
"SAAN",2000,7235642
"SAAN",2001,7083514
"SAAN",2002,7443212
"SAAN",2003,7096884
"SAAN",2004,5423466
"SAAN",2005,5657678
"SAAN",2006,5949698
"SAAN",2007,6131680
"SAAN",2008,6764096
"SAAN",2009,8267804
"SAAN",2010,6814944
"SAAN",2011,2519388
"SAAN",2012,2352368
"SAAN",2013,1951840
"SAAN",2014,6794564
"SAAN",2015,6258474
"SAAN",2016,6495954
"SAAN",2017,6601312
"SAAN",2018,5547772
"SAAN",2019,6004824
"SAAN",2020,5668046
"SAAN",2021,6350854
"SAAN",2022,5890354
"SAAN",2023,5545146
"SAAN",2024,6201816
"SACN",1979,8915274
"SACN",1980,8109668
"SACN",1981,8205070
"SACN",1982,10369784
"SACN",1983,9758260
"SACN",1984,15715362
"SACN",1985,15472910
"SACN",1986,14676490
"SACN",1987,21164444
"SACN",1988,13289842
"SACN",1989,18719088
"SACN",1990,15618944
"SACN",1991,15010918
"SACN",1992,16780376
"SACN",1993,6314658
"SACN",1994,6783250
"SACN",1995,6918526
"SACN",1996,6446110
"SACN",1997,5906450
"SACN",1998,7370882
"SACN",1999,5737620
"SACN",2000,5733792
"SACN",2001,6031836
"SACN",2002,6575746
"SACN",2003,6399946
"SACN",2004,7043278
"SACN",2005,15454836
"SACN",2006,14223430
"SACN",2007,14685016
"SACN",2008,14453130
"SACN",2009,15440946
"SACN",2010,4740358
"SACN",2011,5913402
"SACN",2012,5768930
"SACN",2013,6949990
"SACN",2014,16319490
"SACN",2015,16565424
"SACN",2016,16861004
"SACN",2017,15609488
"SACN",2018,15126366
"SACN",2019,12952466
"SACN",2020,16335176
"SACN",2021,14678376
"SACN",2022,17408064
"SACN",2023,17481110
"SACN",2024,18395412
"SACR",2013,48188
"SACR",2014,52146
"SACR",2015,56508
"SACR",2016,62358
"SACR",2017,53422
"SACR",2018,54004
"SACR",2019,52258
"SACR",2020,31118
"SACR",2021,46344
"SACR",2022,54624
"SACR",2023,55944
"SACR",2024,60788
"SAFR",1989,20888166
"SAFR",1990,12538268
"SAFR",1991,17608508
"SAFR",1992,14685090
"SAFR",1993,15173508
"SAFR",1994,16023120
"SAFR",1995,15518112
"SAFR",1996,15742510
"SAFR",1997,15223428
"SAFR",1998,15163768
"SAFR",1999,15003564
"SAFR",2000,14492096
"SAFR",2001,13565904
"SAFR",2002,15205992
"SAFR",2003,16877534
"SAFR",2004,16894312
"SAFR",2005,16683288
"SAFR",2006,16484152
"SAFR",2007,16510170
"SAFR",2008,16859566
"SAFR",2009,17053018
"SAFR",2010,16836502
"SAFR",2011,17470864
"SAFR",2012,16923298
"SAFR",2013,17076108
"SAFR",2014,16898420
"SAFR",2015,16127390
"SAFR",2016,16737216
"SAFR",2017,17422698
"SAFR",2018,16406922
"SAFR",2019,15643216
"SAFR",2020,7735268
"SAFR",2021,11323888
"SAFR",2022,12162914
"SAFR",2023,6907354
"SAFR",2024,9849968
"SAGA",1979,168704
"SAGA",1980,209278
"SAGA",1981,209224
"SAGA",1982,199152
"SAGA",1983,208030
"SAGA",1984,148850
"SAGA",1985,175556
"SAGA",1986,194310
"SAGA",1987,194968
"SAGA",1988,174054
"SAGA",1989,201154
"SAGA",1990,179914
"SAGA",1991,199032
"SAGA",1992,183634
"SAGA",1993,168504
"SAGA",1994,207380
"SAGA",1995,205648
"SAGA",1996,221560
"SAGA",1997,208352
"SAGA",1998,213816
"SAGA",1999,169890
"SAGA",2000,216430
"SAGA",2001,227438
"SAGA",2002,201936
"SAGA",2003,182272
"SAGA",2004,180946
"SAGA",2005,158818
"SAGA",2006,152518
"SAGA",2007,171830
"SAGA",2008,177084
"SAGA",2009,205124
"SAGA",2010,184140
"SAGA",2011,194744
"SAGA",2012,200114
"SAGA",2013,222984
"SAGA",2014,223004
"SAGA",2015,230560
"SAGA",2016,250190
"SAGA",2017,222084
"SAGA",2018,208098
"SAGA",2019,186904
"SAGA",2020,76160
"SAGA",2021,151388
"SAGA",2022,147608
"SAGA",2023,174532
"SAGA",2024,153462
"SAGU",1979,2783950
"SAGU",1980,2897226
"SAGU",1981,2219826
"SAGU",1982,6777504
"SAGU",1983,5175738
"SAGU",1984,5242252
"SAGU",1985,6690688
"SAGU",1986,5660898
"SAGU",1987,6386854
"SAGU",1988,6733350
"SAGU",1989,6858238
"SAGU",1990,6654688
"SAGU",1991,6772162
"SAGU",1992,7842180
"SAGU",1993,7976466
"SAGU",1994,8672980
"SAGU",1995,9063820
"SAGU",1996,8554176
"SAGU",1997,8606058
"SAGU",1998,9974502
"SAGU",1999,10417038
"SAGU",2000,10472770
"SAGU",2001,10348452
"SAGU",2002,10239552
"SAGU",2003,10398794
"SAGU",2004,10751526
"SAGU",2005,10817048
"SAGU",2006,9375694
"SAGU",2007,8726972
"SAGU",2008,8627302
"SAGU",2009,8667740
"SAGU",2010,9301454
"SAGU",2011,8983096
"SAGU",2012,9451842
"SAGU",2013,10582161
"SAGU",2014,10492855
"SAGU",2015,11064801
"SAGU",2016,11343540
"SAGU",2017,9329567
"SAGU",2018,9173395
"SAGU",2019,10934261
"SAGU",2020,10444298
"SAGU",2021,12603060
"SAGU",2022,15986853
"SAGU",2023,16791904
"SAGU",2024,16549860
"SAHI",1979,1005054
"SAHI",1980,1087386
"SAHI",1981,1078056
"SAHI",1982,864138
"SAHI",1983,740922
"SAHI",1984,713210
"SAHI",1985,607994
"SAHI",1986,597426
"SAHI",1987,524010
"SAHI",1988,852546
"SAHI",1989,799196
"SAHI",1990,844882
"SAHI",1991,575876
"SAHI",1992,403102
"SAHI",1993,293802
"SAHI",1994,314430
"SAHI",1995,498834
"SAHI",1996,498372
"SAHI",1997,676134
"SAHI",1998,636440
"SAHI",1999,470358
"SAHI",2000,372278
"SAHI",2001,316236
"SAHI",2002,297690
"SAHI",2003,296780
"SAHI",2004,287578
"SAHI",2005,266070
"SAHI",2006,306040
"SAHI",2007,305894
"SAHI",2008,376410
"SAHI",2009,376606
"SAHI",2010,386052
"SAHI",2011,373356
"SAHI",2012,140682
"SAHI",2013,102476
"SAHI",2014,135228
"SAHI",2015,296282
"SAHI",2016,377440
"SAHI",2017,386306
"SAHI",2018,279794
"SAHI",2019,257168
"SAHI",2020,737020
"SAHI",2021,1449222
"SAHI",2022,642144
"SAHI",2023,919332
"SAHI",2024,911814
"SAIR",1979,251432
"SAIR",1980,226270
"SAIR",1981,241970
"SAIR",1982,244956
"SAIR",1983,235206
"SAIR",1984,271966
"SAIR",1985,281162
"SAIR",1986,340578
"SAIR",1987,454388
"SAIR",1988,460380
"SAIR",1989,486786
"SAIR",1990,323876
"SAIR",1991,328936
"SAIR",1992,367524
"SAIR",1993,274128
"SAIR",1994,210862
"SAIR",1995,204078
"SAIR",1996,207646
"SAIR",1997,196118
"SAIR",1998,214976
"SAIR",1999,210710
"SAIR",2000,188954
"SAIR",2001,185472
"SAIR",2002,186602
"SAIR",2003,170392
"SAIR",2004,181966
"SAIR",2005,172994
"SAIR",2006,156154
"SAIR",2007,122272
"SAIR",2008,162550
"SAIR",2009,153032
"SAIR",2010,154260
"SAIR",2011,155990
"SAIR",2012,158438
"SAIR",2013,141149
"SAIR",2014,156286
"SAIR",2015,147014
"SAIR",2016,156175
"SAIR",2017,161659
"SAIR",2018,153680
"SAIR",2019,141128
"SAIR",2020,95730
"SAIR",2021,111808
"SAIR",2022,170507
"SAIR",2023,252756
"SAIR",2024,311594
"SAJH",1979,333478
"SAJH",1980,371144
"SAJH",1981,365126
"SAJH",1982,407896
"SAJH",1983,451712
"SAJH",1984,364518
"SAJH",1985,389956
"SAJH",1986,508544
"SAJH",1987,592814
"SAJH",1988,921670
"SAJH",1989,922706
"SAJH",1990,896774
"SAJH",1991,1283130
"SAJH",1992,1170200
"SAJH",1993,1191008
"SAJH",1994,774318
"SAJH",1995,782024
"SAJH",1996,871970
"SAJH",1997,866714
"SAJH",1998,953174
"SAJH",1999,1030452
"SAJH",2000,1015962
"SAJH",2001,1110022
"SAJH",2002,953570
"SAJH",2003,924896
"SAJH",2004,984396
"SAJH",2005,877072
"SAJH",2006,923830
"SAJH",2007,985258
"SAJH",2008,920472
"SAJH",2009,984164
"SAJH",2010,942602
"SAJH",2011,955934
"SAJH",2012,936508
"SAJH",2013,774642
"SAJH",2014,968412
"SAJH",2015,921034
"SAJH",2016,1128968
"SAJH",2017,1605570
"SAJH",2018,1499565
"SAJH",2019,1706874
"SAJH",2020,2391393
"SAJH",2021,3481397
"SAJH",2022,4010246
"SAJH",2023,2597721
"SAJH",2024,2348341
"SAJU",1979,5945200
"SAJU",1980,6566466
"SAJU",1981,6220688
"SAJU",1982,6150490
"SAJU",1983,5325410
"SAJU",1984,13074676
"SAJU",1985,14546800
"SAJU",1986,14606004
"SAJU",1987,11803778
"SAJU",1988,16638212
"SAJU",1989,15818648
"SAJU",1990,15559608
"SAJU",1991,15102640
"SAJU",1992,12492536
"SAJU",1993,6784750
"SAJU",1994,7296360
"SAJU",1995,7880826
"SAJU",1996,6102126
"SAJU",1997,5736030
"SAJU",1998,5117812
"SAJU",1999,5549388
"SAJU",2000,6410370
"SAJU",2001,7652766
"SAJU",2002,7745332
"SAJU",2003,7234970
"SAJU",2004,6334186
"SAJU",2005,6271628
"SAJU",2006,7130956
"SAJU",2007,6012316
"SAJU",2008,6612726
"SAJU",2009,6336020
"SAJU",2010,6506116
"SAJU",2011,7215928
"SAJU",2012,7507978
"SAJU",2013,7729172
"SAJU",2014,8056258
"SAJU",2015,8938218
"SAJU",2016,8539056
"SAJU",2017,6975546
"SAJU",2018,5352886
"SAJU",2019,7091906
"SAJU",2020,1848842
"SAJU",2021,4635378
"SAJU",2022,5952938
"SAJU",2023,7600866
"SAJU",2024,7704796
"SAMA",1979,2432130
"SAMA",1980,1991806
"SAMA",1981,2335666
"SAMA",1982,1932406
"SAMA",1983,2024448
"SAMA",1984,2710792
"SAMA",1985,2245388
"SAMA",1986,2315560
"SAMA",1987,2733444
"SAMA",1988,2248708
"SAMA",1989,1977094
"SAMA",1990,1849834
"SAMA",1991,2278286
"SAMA",1992,3021422
"SAMA",1993,1667952
"SAMA",1994,1810976
"SAMA",1995,2238728
"SAMA",1996,1783452
"SAMA",1997,1969158
"SAMA",1998,2472270
"SAMA",1999,2399098
"SAMA",2000,2617590
"SAMA",2001,3358946
"SAMA",2002,2277048
"SAMA",2003,1947666
"SAMA",2004,2662556
"SAMA",2005,2035114
"SAMA",2006,2681170
"SAMA",2007,3471200
"SAMA",2008,3491916
"SAMA",2009,2233096
"SAMA",2010,3519140
"SAMA",2011,2554502
"SAMA",2012,2117574
"SAMA",2013,1337080
"SAMA",2014,1009394
"SAMA",2015,661950
"SAMA",2016,1169304
"SAMA",2017,1249734
"SAMA",2018,966048
"SAMA",2019,1065624
"SAMA",2020,376812
"SAMA",2021,557902
"SAMA",2022,1188844
"SAMA",2023,1652070
"SAMA",2024,1522558
"SAMO",1982,5425038
"SAMO",1983,4855476
"SAMO",1984,6475748
"SAMO",1985,6005040
"SAMO",1986,5575728
"SAMO",1987,4296508
"SAMO",1988,4436788
"SAMO",1989,2077136
"SAMO",1990,2927429
"SAMO",1991,3201902
"SAMO",1992,3263821
"SAMO",1993,3584163
"SAMO",1994,3011264
"SAMO",1995,2996866
"SAMO",1996,3154556
"SAMO",1997,3667688
"SAMO",1998,3818340
"SAMO",1999,4061224
"SAMO",2000,3691438
"SAMO",2001,4257738
"SAMO",2002,3568848
"SAMO",2003,3487520
"SAMO",2004,3978698
"SAMO",2005,3726514
"SAMO",2006,4062852
"SAMO",2007,4340834
"SAMO",2008,3129472
"SAMO",2009,3695682
"SAMO",2010,3683688
"SAMO",2011,3962802
"SAMO",2012,4105100
"SAMO",2013,3911972
"SAMO",2014,4107150
"SAMO",2015,5065596
"SAMO",2016,5513189
"SAMO",2017,5442243
"SAMO",2018,5272304
"SAMO",2019,4133628
"SAMO",2020,4680217
"SAMO",2021,5087068
"SAMO",2022,4823242
"SAMO",2023,4773535
"SAMO",2024,3616465
"SAND",2010,24378
"SAND",2011,23610
"SAND",2012,26304
"SAND",2013,28770
"SAND",2014,44412
"SAND",2015,35322
"SAND",2016,41082
"SAND",2017,39210
"SAND",2018,36036
"SAND",2019,34206
"SAND",2020,25290
"SAND",2021,36772
"SAND",2022,28630
"SAND",2023,34214
"SAND",2024,37396
"SAPA",1991,35628
"SAPA",1992,116662
"SAPA",1993,17038
"SAPA",1994,18902
"SAPA",1995,21988
"SAPA",1996,23256
"SAPA",1997,29896
"SAPA",1998,46546
"SAPA",1999,39290
"SAPA",2000,52064
"SAPA",2001,61110
"SAPA",2002,76426
"SAPA",2003,56572
"SAPA",2004,76288
"SAPA",2005,72978
"SAPA",2006,76226
"SAPA",2007,71234
"SAPA",2008,68970
"SAPA",2009,68754
"SAPA",2010,78448
"SAPA",2011,70856
"SAPA",2012,77142
"SAPA",2013,67017
"SAPA",2014,78562
"SAPA",2015,81648
"SAPA",2016,97250
"SAPA",2017,99924
"SAPA",2018,101973
"SAPA",2019,89079
"SAPA",2020,27423
"SAPA",2021,21390
"SAPA",2022,41843
"SAPA",2023,56065
"SAPA",2024,59186
"SAPU",1979,156322
"SAPU",1980,154008
"SAPU",1981,112194
"SAPU",1982,160402
"SAPU",1983,173134
"SAPU",1984,156036
"SAPU",1985,169762
"SAPU",1986,165304
"SAPU",1987,200022
"SAPU",1988,198876
"SAPU",1989,215454
"SAPU",1990,194776
"SAPU",1991,219148
"SAPU",1992,273034
"SAPU",1993,271910
"SAPU",1994,322128
"SAPU",1995,326058
"SAPU",1996,275824
"SAPU",1997,259820
"SAPU",1998,243886
"SAPU",1999,245636
"SAPU",2000,214376
"SAPU",2001,213256
"SAPU",2002,219426
"SAPU",2003,209386
"SAPU",2004,211198
"SAPU",2005,214984
"SAPU",2006,204920
"SAPU",2007,204754
"SAPU",2008,193312
"SAPU",2009,232000
"SAPU",2010,202510
"SAPU",2011,182440
"SAPU",2012,178864
"SAPU",2013,143636
"SAPU",2014,179784
"SAPU",2015,179194
"SAPU",2016,194150
"SAPU",2017,206652
"SAPU",2018,202718
"SAPU",2019,189004
"SAPU",2020,163478
"SAPU",2021,232262
"SAPU",2022,226014
"SAPU",2023,237566
"SAPU",2024,225630
"SARA",1979,776482
"SARA",1980,874376
"SARA",1981,875834
"SARA",1982,934202
"SARA",1983,895484
"SARA",1984,880326
"SARA",1985,935744
"SARA",1986,943554
"SARA",1987,1211826
"SARA",1988,1113156
"SARA",1989,1200682
"SARA",1990,1551946
"SARA",1991,1643700
"SARA",1992,1624512
"SARA",1993,1715856
"SARA",1994,1812030
"SARA",1995,1685984
"SARA",1996,1440746
"SARA",1997,1516938
"SARA",1998,1702048
"SARA",1999,1668514
"SARA",2000,1623946
"SARA",2001,1590976
"SARA",2002,1425602
"SARA",2003,1130200
"SARA",2004,1074776
"SARA",2005,968216
"SARA",2006,1003046
"SARA",2007,1031634
"SARA",2008,946784
"SARA",2009,965530
"SARA",2010,765424
"SARA",2011,734176
"SARA",2012,656072
"SARA",2013,654722
"SARA",2014,694786
"SARA",2015,746970
"SARA",2016,1005380
"SARA",2017,985272
"SARA",2018,1255760
"SARA",2019,1310125
"SARA",2020,675910
"SARA",2021,650051
"SARA",2022,681214
"SARA",2023,874496
"SARA",2024,974889
"SARI",2006,10104
"SARI",2007,5820
"SARI",2008,8736
"SARI",2009,10160
"SARI",2010,816
"SARI",2011,15940
"SARI",2012,38280
"SARI",2013,35348
"SARI",2014,30744
"SARI",2015,50268
"SARI",2016,80088
"SARI",2017,52400
"SARI",2018,31652
"SARI",2019,33720
"SARI",2020,18220
"SARI",2021,75884
"SARI",2022,82024
"SARI",2023,96316
"SARI",2024,94096
"SCBL",1979,492854
"SCBL",1980,315954
"SCBL",1981,493522
"SCBL",1982,514164
"SCBL",1983,607936
"SCBL",1984,613792
"SCBL",1985,674464
"SCBL",1986,682832
"SCBL",1987,647584
"SCBL",1988,589632
"SCBL",1989,656200
"SCBL",1990,687152
"SCBL",1991,747252
"SCBL",1992,885718
"SCBL",1993,905126
"SCBL",1994,822560
"SCBL",1995,738832
"SCBL",1996,766566
"SCBL",1997,821356
"SCBL",1998,821316
"SCBL",1999,820428
"SCBL",2000,692544
"SCBL",2001,656182
"SCBL",2002,645500
"SCBL",2003,612540
"SCBL",2004,624744
"SCBL",2005,577480
"SCBL",2006,570444
"SCBL",2007,648964
"SCBL",2008,648722
"SCBL",2009,704062
"SCBL",2010,776006
"SCBL",2011,747108
"SCBL",2012,710590
"SCBL",2013,627132
"SCBL",2014,691126
"SCBL",2015,760504
"SCBL",2016,754482
"SCBL",2017,884850
"SCBL",2018,823772
"SCBL",2019,962842
"SCBL",2020,1055016
"SCBL",2021,1125352
"SCBL",2022,1012972
"SCBL",2023,1010750
"SCBL",2024,1066702
"SEQU",1979,55251091
"SEQU",1980,60768082
"SEQU",1981,75195834
"SEQU",1982,69891245
"SEQU",1983,59467495
"SEQU",1984,67021513
"SEQU",1985,64133658
"SEQU",1986,72175810
"SEQU",1987,78594159
"SEQU",1988,69923425
"SEQU",1989,72000237
"SEQU",1990,73117906
"SEQU",1991,77612465
"SEQU",1992,66155127
"SEQU",1993,75248690
"SEQU",1994,72283198
"SEQU",1995,59436966
"SEQU",1996,56818377
"SEQU",1997,70418626
"SEQU",1998,59389456
"SEQU",1999,59839006
"SEQU",2000,57719868
"SEQU",2001,60028374
"SEQU",2002,62522299
"SEQU",2003,66021332
"SEQU",2004,66892241
"SEQU",2005,67459393
"SEQU",2006,63539140
"SEQU",2007,65645770
"SEQU",2008,61989518
"SEQU",2009,64708444
"SEQU",2010,68559144
"SEQU",2011,68491478
"SEQU",2012,75444464
"SEQU",2013,61576470
"SEQU",2014,69726392
"SEQU",2015,73055259
"SEQU",2016,83854894
"SEQU",2017,87286103
"SEQU",2018,80381017
"SEQU",2019,83570691
"SEQU",2020,51225245
"SEQU",2021,66088062
"SEQU",2022,76496294
"SEQU",2023,66943676
"SEQU",2024,85755741
"SHEN",1979,29549267
"SHEN",1980,31858737
"SHEN",1981,40459994
"SHEN",1982,43337564
"SHEN",1983,42746730
"SHEN",1984,44752272
"SHEN",1985,46530014
"SHEN",1986,46107483
"SHEN",1987,44227957
"SHEN",1988,48049082
"SHEN",1989,35478018
"SHEN",1990,33087488
"SHEN",1991,36516157
"SHEN",1992,43577203
"SHEN",1993,47847747
"SHEN",1994,46938092
"SHEN",1995,32996634
"SHEN",1996,24178413
"SHEN",1997,25417850
"SHEN",1998,24279574
"SHEN",1999,22559391
"SHEN",2000,23678907
"SHEN",2001,24778844
"SHEN",2002,22490195
"SHEN",2003,19730464
"SHEN",2004,21145768
"SHEN",2005,21324704
"SHEN",2006,19898523
"SHEN",2007,21874567
"SHEN",2008,21925269
"SHEN",2009,22207318
"SHEN",2010,23553329
"SHEN",2011,22310399
"SHEN",2012,22600780
"SHEN",2013,20315622
"SHEN",2014,22318898
"SHEN",2015,24607447
"SHEN",2016,26134636
"SHEN",2017,26356154
"SHEN",2018,23955269
"SHEN",2019,24909830
"SHEN",2020,23149851
"SHEN",2021,27361233
"SHEN",2022,24201586
"SHEN",2023,25808601
"SHEN",2024,25101627
"SHIL",1979,2694696
"SHIL",1980,2507938
"SHIL",1981,2607654
"SHIL",1982,2247070
"SHIL",1983,2230002
"SHIL",1984,2287422
"SHIL",1985,2460206
"SHIL",1986,2637794
"SHIL",1987,2819150
"SHIL",1988,3065586
"SHIL",1989,2722900
"SHIL",1990,2728138
"SHIL",1991,3046140
"SHIL",1992,3044518
"SHIL",1993,2399816
"SHIL",1994,2369584
"SHIL",1995,2146086
"SHIL",1996,2104664
"SHIL",1997,2287978
"SHIL",1998,2097440
"SHIL",1999,2264592
"SHIL",2000,1742190
"SHIL",2001,2285706
"SHIL",2002,2469056
"SHIL",2003,2437284
"SHIL",2004,1927600
"SHIL",2005,1984216
"SHIL",2006,2144348
"SHIL",2007,2306924
"SHIL",2008,2153832
"SHIL",2009,2517330
"SHIL",2010,1882912
"SHIL",2011,2192086
"SHIL",2012,3351028
"SHIL",2013,3015473
"SHIL",2014,2354852
"SHIL",2015,2191891
"SHIL",2016,2501234
"SHIL",2017,2596831
"SHIL",2018,2233159
"SHIL",2019,2131786
"SHIL",2020,2148825
"SHIL",2021,2116513
"SHIL",2022,2240350
"SHIL",2023,2187806
"SHIL",2024,2248615
"SITK",1979,227612
"SITK",1980,227166
"SITK",1981,271438
"SITK",1982,272796
"SITK",1983,264856
"SITK",1984,337730
"SITK",1985,363472
"SITK",1986,345392
"SITK",1987,296900
"SITK",1988,309866
"SITK",1989,317934
"SITK",1990,382886
"SITK",1991,421638
"SITK",1992,441948
"SITK",1993,367862
"SITK",1994,406148
"SITK",1995,770342
"SITK",1996,1100134
"SITK",1997,866108
"SITK",1998,515620
"SITK",1999,637714
"SITK",2000,595630
"SITK",2001,586232
"SITK",2002,939712
"SITK",2003,810634
"SITK",2004,959966
"SITK",2005,942320
"SITK",2006,1070510
"SITK",2007,985290
"SITK",2008,779914
"SITK",2009,799310
"SITK",2010,613630
"SITK",2011,605624
"SITK",2012,633992
"SITK",2013,519272
"SITK",2014,507312
"SITK",2015,597928
"SITK",2016,703886
"SITK",2017,626788
"SITK",2018,634748
"SITK",2019,749214
"SITK",2020,403258
"SITK",2021,325112
"SITK",2022,431206
"SITK",2023,584376
"SITK",2024,992298
"SLBE",1979,7492623
"SLBE",1980,10108601
"SLBE",1981,11375575
"SLBE",1982,10241463
"SLBE",1983,9817390
"SLBE",1984,10417273
"SLBE",1985,11652000
"SLBE",1986,9662418
"SLBE",1987,14270944
"SLBE",1988,14781731
"SLBE",1989,15525565
"SLBE",1990,14557207
"SLBE",1991,14790735
"SLBE",1992,15213616
"SLBE",1993,15107898
"SLBE",1994,15544467
"SLBE",1995,15647999
"SLBE",1996,14839622
"SLBE",1997,15561539
"SLBE",1998,16887083
"SLBE",1999,17761007
"SLBE",2000,16161261
"SLBE",2001,14096288
"SLBE",2002,16280743
"SLBE",2003,15878111
"SLBE",2004,15352800
"SLBE",2005,16353758
"SLBE",2006,16174681
"SLBE",2007,15810752
"SLBE",2008,14312133
"SLBE",2009,15870637
"SLBE",2010,17151071
"SLBE",2011,18467681
"SLBE",2012,19969838
"SLBE",2013,17766259
"SLBE",2014,18360762
"SLBE",2015,19125409
"SLBE",2016,21338948
"SLBE",2017,21804581
"SLBE",2018,21108393
"SLBE",2019,20954539
"SLBE",2020,20075641
"SLBE",2021,22941896
"SLBE",2022,20864997
"SLBE",2023,21175494
"SLBE",2024,21918311
"SPAR",1979,37006
"SPAR",1980,103254
"SPAR",1981,114966
"SPAR",1982,108804
"SPAR",1983,93756
"SPAR",1984,104712
"SPAR",1985,96740
"SPAR",1986,109854
"SPAR",1987,82230
"SPAR",1988,0
"SPAR",1989,28386
"SPAR",1990,99204
"SPAR",1991,101886
"SPAR",1992,93780
"SPAR",1993,75144
"SPAR",1994,93078
"SPAR",1995,189432
"SPAR",1996,113946
"SPAR",1997,96000
"SPAR",1998,91482
"SPAR",1999,97500
"SPAR",2000,143922
"SPAR",2001,162264
"SPAR",2002,220074
"SPAR",2003,178880
"SPAR",2004,200350
"SPAR",2005,86332
"SPAR",2006,102684
"SPAR",2007,81290
"SPAR",2008,104142
"SPAR",2009,106676
"SPAR",2010,101252
"SPAR",2011,96970
"SPAR",2012,101860
"SPAR",2013,106696
"SPAR",2014,123570
"SPAR",2015,130952
"SPAR",2016,134602
"SPAR",2017,150652
"SPAR",2018,120628
"SPAR",2019,125874
"SPAR",2020,6192
"SPAR",2021,81336
"SPAR",2022,86926
"SPAR",2023,94268
"SPAR",2024,95540
"STEA",1989,607058
"STEA",1990,676264
"STEA",1991,582928
"STEA",1992,828482
"STEA",1993,774130
"STEA",1994,650918
"STEA",1995,1057770
"STEA",1996,844858
"STEA",1997,914140
"STEA",1998,926374
"STEA",1999,891046
"STEA",2000,802110
"STEA",2001,642182
"STEA",2002,638836
"STEA",2003,574282
"STEA",2004,532172
"STEA",2005,440160
"STEA",2006,305898
"STEA",2007,353638
"STEA",2008,355620
"STEA",2009,628558
"STEA",2010,705702
"STEA",2011,741418
"STEA",2012,638496
"STEA",2013,490556
"STEA",2014,456342
"STEA",2015,516309
"STEA",2016,615239
"STEA",2017,571414
"STEA",2018,518841
"STEA",2019,552802
"STEA",2020,149662
"STEA",2021,262114
"STEA",2022,366559
"STEA",2023,329914
"STEA",2024,346817
"STGE",2024,70632
"STLI",1979,7645522
"STLI",1980,8076682
"STLI",1981,8731764
"STLI",1982,8284370
"STLI",1983,7424640
"STLI",1984,2940254
"STLI",1985,855774
"STLI",1986,15389536
"STLI",1987,24741488
"STLI",1988,22667392
"STLI",1989,21246376
"STLI",1990,24577480
"STLI",1991,34744136
"STLI",1992,33267632
"STLI",1993,32896024
"STLI",1994,34022584
"STLI",1995,33957800
"STLI",1996,35952608
"STLI",1997,37907104
"STLI",1998,41605064
"STLI",1999,42960120
"STLI",2000,44077648
"STLI",2001,34543984
"STLI",2002,27268480
"STLI",2003,25849976
"STLI",2004,28944424
"STLI",2005,33884760
"STLI",2006,35899442
"STLI",2007,37183266
"STLI",2008,39107690
"STLI",2009,42124320
"STLI",2010,42166174
"STLI",2011,41249806
"STLI",2012,33323872
"STLI",2013,20718986
"STLI",2014,46186968
"STLI",2015,47069218
"STLI",2016,49517016
"STLI",2017,48861864
"STLI",2018,47689748
"STLI",2019,46645070
"STLI",2020,6340356
"STLI",2021,17121304
"STLI",2022,34553342
"STLI",2023,41135678
"STLI",2024,40942322
"STON",2017,415460
"STON",2018,2038696
"STON",2019,8271040
"STON",2020,0
"STON",2021,280000
"STON",2022,6401326
"STON",2023,3157568
"STON",2024,8854756
"STRI",1979,425006
"STRI",1980,359408
"STRI",1981,346114
"STRI",1982,470588
"STRI",1983,463300
"STRI",1984,411316
"STRI",1985,651018
"STRI",1986,697178
"STRI",1987,534144
"STRI",1988,696366
"STRI",1989,693784
"STRI",1990,697034
"STRI",1991,804226
"STRI",1992,875764
"STRI",1993,1030348
"STRI",1994,776810
"STRI",1995,1129506
"STRI",1996,1143872
"STRI",1997,634766
"STRI",1998,836802
"STRI",1999,840246
"STRI",2000,804268
"STRI",2001,820922
"STRI",2002,825998
"STRI",2003,903604
"STRI",2004,914422
"STRI",2005,944294
"STRI",2006,868442
"STRI",2007,865342
"STRI",2008,870564
"STRI",2009,828738
"STRI",2010,819798
"STRI",2011,815802
"STRI",2012,1081526
"STRI",2013,1069376
"STRI",2014,1120448
"STRI",2015,1079164
"STRI",2016,1694666
"STRI",2017,1336910
"STRI",2018,1436194
"STRI",2019,1368050
"STRI",2020,1368553
"STRI",2021,1699244
"STRI",2022,1937988
"STRI",2023,1577909
"STRI",2024,2165022
"SUCR",1979,1396319
"SUCR",1980,1405251
"SUCR",1981,1588155
"SUCR",1982,1561289
"SUCR",1983,2625107
"SUCR",1984,2773687
"SUCR",1985,2803593
"SUCR",1986,2772685
"SUCR",1987,2681138
"SUCR",1988,2315148
"SUCR",1989,2197030
"SUCR",1990,2199428
"SUCR",1991,2344568
"SUCR",1992,2794054
"SUCR",1993,2344424
"SUCR",1994,2380512
"SUCR",1995,2227278
"SUCR",1996,924566
"SUCR",1997,876800
"SUCR",1998,823118
"SUCR",1999,856388
"SUCR",2000,787944
"SUCR",2001,749850
"SUCR",2002,709980
"SUCR",2003,747822
"SUCR",2004,603094
"SUCR",2005,1066606
"SUCR",2006,1028322
"SUCR",2007,1075342
"SUCR",2008,974290
"SUCR",2009,875280
"SUCR",2010,746680
"SUCR",2011,865686
"SUCR",2012,832062
"SUCR",2013,863879
"SUCR",2014,827246
"SUCR",2015,851906
"SUCR",2016,303039
"SUCR",2017,569534
"SUCR",2018,502615
"SUCR",2019,519696
"SUCR",2020,442755
"SUCR",2021,660257
"SUCR",2022,297120
"SUCR",2023,398826
"SUCR",2024,361662
"TAPR",1998,113964
"TAPR",1999,130716
"TAPR",2000,108294
"TAPR",2001,108894
"TAPR",2002,98310
"TAPR",2003,100572
"TAPR",2004,91686
"TAPR",2005,105690
"TAPR",2006,163560
"TAPR",2007,138000
"TAPR",2008,120450
"TAPR",2009,142278
"TAPR",2010,132282
"TAPR",2011,107358
"TAPR",2012,113508
"TAPR",2013,96768
"TAPR",2014,106656
"TAPR",2015,177348
"TAPR",2016,176268
"TAPR",2017,184638
"TAPR",2018,166290
"TAPR",2019,202500
"TAPR",2020,174054
"TAPR",2021,210006
"TAPR",2022,148770
"TAPR",2023,172656
"TAPR",2024,179730
"THIS",1979,409842
"THIS",1980,336824
"THIS",1981,331958
"THIS",1982,328328
"THIS",1983,311042
"THIS",1984,289592
"THIS",1985,289764
"THIS",1986,270804
"THIS",1987,188932
"THIS",1988,204218
"THIS",1989,806612
"THIS",1990,237586
"THIS",1991,283692
"THIS",1992,207110
"THIS",1993,268564
"THIS",1994,370804
"THIS",1995,500402
"THIS",1996,738584
"THIS",1997,726984
"THIS",1998,737750
"THIS",1999,1055216
"THIS",2000,1001250
"THIS",2001,1064160
"THIS",2002,974370
"THIS",2003,963828
"THIS",2004,807652
"THIS",2005,626516
"THIS",2006,578610
"THIS",2007,615396
"THIS",2008,611262
"THIS",2009,792722
"THIS",2010,649784
"THIS",2011,771058
"THIS",2012,838630
"THIS",2013,910560
"THIS",2014,820394
"THIS",2015,894548
"THIS",2016,920412
"THIS",2017,941894
"THIS",2018,848400
"THIS",2019,848400
"THIS",2020,860140
"THIS",2021,948884
"THIS",2022,960400
"THIS",2023,857096
"THIS",2024,979746
"THKO",1981,28052
"THKO",1982,19240
"THKO",1983,17596
"THKO",1984,17632
"THKO",1985,18568
"THKO",1986,18026
"THKO",1987,19642
"THKO",1988,18110
"THKO",1989,18726
"THKO",1990,16054
"THKO",1991,14472
"THKO",1992,13756
"THKO",1993,11402
"THKO",1994,17884
"THKO",1995,18984
"THKO",1996,18152
"THKO",1997,17232
"THKO",1998,14980
"THKO",1999,15326
"THKO",2000,21224
"THKO",2001,19308
"THKO",2002,15978
"THKO",2003,11688
"THKO",2004,11716
"THKO",2005,10272
"THKO",2006,9980
"THKO",2007,11584
"THKO",2008,9798
"THKO",2009,8396
"THKO",2010,7222
"THKO",2011,4874
"THKO",2012,5118
"THKO",2013,4202
"THKO",2014,3686
"THKO",2015,3154
"THKO",2016,6986
"THKO",2017,5732
"THKO",2018,5192
"THKO",2019,4800
"THKO",2020,0
"THKO",2021,0
"THKO",2022,4200
"THKO",2023,5546
"THKO",2024,5838
"THRB",1979,55032
"THRB",1980,79400
"THRB",1981,62668
"THRB",1982,55634
"THRB",1983,54552
"THRB",1984,68020
"THRB",1985,98836
"THRB",1986,92076
"THRB",1987,90570
"THRB",1988,85408
"THRB",1989,63164
"THRB",1990,55408
"THRB",1991,64032
"THRB",1992,92160
"THRB",1993,98950
"THRB",1994,128444
"THRB",1995,137400
"THRB",1996,133870
"THRB",1997,126934
"THRB",1998,105156
"THRB",1999,104326
"THRB",2000,89004
"THRB",2001,53220
"THRB",2002,41418
"THRB",2003,42448
"THRB",2004,51736
"THRB",2005,50230
"THRB",2006,47114
"THRB",2007,58912
"THRB",2008,90142
"THRB",2009,63636
"THRB",2010,64234
"THRB",2011,28376
"THRB",2012,77360
"THRB",2013,76933
"THRB",2014,86816
"THRB",2015,27550
"THRB",2016,26540
"THRB",2017,100887
"THRB",2018,97011
"THRB",2019,107664
"THRB",2020,25242
"THRB",2021,4306
"THRB",2022,34894
"THRB",2023,82506
"THRB",2024,107430
"THRI",1979,72226
"THRI",1980,64354
"THRI",1981,73234
"THRI",1982,69538
"THRI",1983,84100
"THRI",1984,94644
"THRI",1985,98214
"THRI",1986,177356
"THRI",1987,235250
"THRI",1988,301756
"THRI",1989,284438
"THRI",1990,292356
"THRI",1991,220566
"THRI",1992,218688
"THRI",1993,280832
"THRI",1994,279246
"THRI",1995,325904
"THRI",1996,69608
"THRI",1997,80702
"THRI",1998,99748
"THRI",1999,100950
"THRI",2000,101056
"THRI",2001,125946
"THRI",2002,112982
"THRI",2003,105492
"THRI",2004,93652
"THRI",2005,89516
"THRI",2006,87930
"THRI",2007,95332
"THRI",2008,14700
"THRI",2009,76840
"THRI",2010,107632
"THRI",2011,106240
"THRI",2012,114380
"THRI",2013,119394
"THRI",2014,129058
"THRI",2015,145518
"THRI",2016,172498
"THRI",2017,165952
"THRI",2018,164148
"THRI",2019,155736
"THRI",2020,28216
"THRI",2021,77168
"THRI",2022,112852
"THRI",2023,128698
"THRI",2024,178942
"THRO",1979,3226228
"THRO",1980,3414615
"THRO",1981,4052377
"THRO",1982,3718373
"THRO",1983,3511798
"THRO",1984,2909244
"THRO",1985,2964773
"THRO",1986,3113282
"THRO",1987,3347937
"THRO",1988,3065172
"THRO",1989,3412699
"THRO",1990,3644444
"THRO",1991,3687916
"THRO",1992,3660659
"THRO",1993,3759173
"THRO",1994,4160489
"THRO",1995,3674990
"THRO",1996,3676254
"THRO",1997,3288076
"THRO",1998,3477674
"THRO",1999,3495163
"THRO",2000,3367289
"THRO",2001,3276399
"THRO",2002,3480646
"THRO",2003,4172109
"THRO",2004,3994378
"THRO",2005,4168524
"THRO",2006,3575748
"THRO",2007,3709791
"THRO",2008,4022000
"THRO",2009,4845007
"THRO",2010,5223126
"THRO",2011,4785981
"THRO",2012,5771506
"THRO",2013,5404829
"THRO",2014,5325628
"THRO",2015,5601438
"THRO",2016,6876375
"THRO",2017,6549326
"THRO",2018,7019503
"THRO",2019,6834895
"THRO",2020,4489439
"THRO",2021,7620081
"THRO",2022,6603340
"THRO",2023,6942918
"THRO",2024,7264331
"THST",1992,9488
"THST",1993,10774
"THST",1994,14406
"THST",1995,14616
"THST",1996,11842
"THST",1997,18074
"THST",1998,9110
"THST",1999,12118
"THST",2000,13248
"THST",2001,15724
"THST",2002,14476
"THST",2003,14408
"THST",2004,17824
"THST",2005,13506
"THST",2006,15064
"THST",2007,14664
"THST",2008,17164
"THST",2009,18810
"THST",2010,18018
"THST",2011,19058
"THST",2012,19278
"THST",2013,18036
"THST",2014,17530
"THST",2015,17316
"THST",2016,31960
"THST",2017,30752
"THST",2018,24762
"THST",2019,24060
"THST",2020,7056
"THST",2021,11900
"THST",2022,14456
"THST",2023,17268
"THST",2024,13614
"TICA",1979,824756
"TICA",1980,708596
"TICA",1981,690418
"TICA",1982,680244
"TICA",1983,661242
"TICA",1984,793308
"TICA",1985,847900
"TICA",1986,816640
"TICA",1987,900144
"TICA",1988,914652
"TICA",1989,834564
"TICA",1990,747920
"TICA",1991,692348
"TICA",1992,799184
"TICA",1993,695856
"TICA",1994,595432
"TICA",1995,611814
"TICA",1996,752284
"TICA",1997,847264
"TICA",1998,885094
"TICA",1999,914624
"TICA",2000,849154
"TICA",2001,930190
"TICA",2002,846296
"TICA",2003,826856
"TICA",2004,819498
"TICA",2005,792078
"TICA",2006,842482
"TICA",2007,882658
"TICA",2008,941958
"TICA",2009,1053610
"TICA",2010,932054
"TICA",2011,711502
"TICA",2012,874276
"TICA",2013,661348
"TICA",2014,697266
"TICA",2015,768910
"TICA",2016,666332
"TICA",2017,627030
"TICA",2018,758760
"TICA",2019,615408
"TICA",2020,392498
"TICA",2021,720206
"TICA",2022,984534
"TICA",2023,718538
"TICA",2024,706876
"TILL",2024,36954
"TIMU",1992,180414
"TIMU",1993,194292
"TIMU",1994,190018
"TIMU",1995,192096
"TIMU",1996,225716
"TIMU",1997,991156
"TIMU",1998,3282962
"TIMU",1999,3149964
"TIMU",2000,3315720
"TIMU",2001,3833074
"TIMU",2002,3661606
"TIMU",2003,4683602
"TIMU",2004,4083750
"TIMU",2005,5942106
"TIMU",2006,7147106
"TIMU",2007,7137714
"TIMU",2008,7474452
"TIMU",2009,9017762
"TIMU",2010,7904986
"TIMU",2011,7929876
"TIMU",2012,8315220
"TIMU",2013,8163376
"TIMU",2014,8354594
"TIMU",2015,8771042
"TIMU",2016,8323736
"TIMU",2017,8573196
"TIMU",2018,8222448
"TIMU",2019,8437502
"TIMU",2020,7104918
"TIMU",2021,6966384
"TIMU",2022,7711062
"TIMU",2023,7068764
"TIMU",2024,6620678
"TONT",1979,318776
"TONT",1980,277060
"TONT",1981,323114
"TONT",1982,319816
"TONT",1983,325492
"TONT",1984,321054
"TONT",1985,342750
"TONT",1986,380368
"TONT",1987,372994
"TONT",1988,366698
"TONT",1989,282956
"TONT",1990,206144
"TONT",1991,279178
"TONT",1992,273016
"TONT",1993,316640
"TONT",1994,295684
"TONT",1995,311658
"TONT",1996,308970
"TONT",1997,342870
"TONT",1998,340332
"TONT",1999,326374
"TONT",2000,400858
"TONT",2001,459322
"TONT",2002,329666
"TONT",2003,336452
"TONT",2004,359092
"TONT",2005,430966
"TONT",2006,365846
"TONT",2007,324114
"TONT",2008,372116
"TONT",2009,351748
"TONT",2010,350480
"TONT",2011,310120
"TONT",2012,301902
"TONT",2013,234780
"TONT",2014,218986
"TONT",2015,213306
"TONT",2016,213300
"TONT",2017,227458
"TONT",2018,221610
"TONT",2019,159552
"TONT",2020,130044
"TONT",2021,175894
"TONT",2022,174772
"TONT",2023,176324
"TONT",2024,170198
"TUAI",2003,55428
"TUAI",2004,57484
"TUAI",2005,51620
"TUAI",2006,56730
"TUAI",2007,73428
"TUAI",2008,251662
"TUAI",2009,292092
"TUAI",2010,304140
"TUAI",2011,81222
"TUAI",2012,118578
"TUAI",2013,96506
"TUAI",2014,121594
"TUAI",2015,113304
"TUAI",2016,155666
"TUAI",2017,196608
"TUAI",2018,134144
"TUAI",2019,150484
"TUAI",2020,34214
"TUAI",2021,40282
"TUAI",2022,80678
"TUAI",2023,110410
"TUAI",2024,142370
"TUIN",1979,61380
"TUIN",1980,29244
"TUIN",1981,133302
"TUIN",1982,261592
"TUIN",1983,262958
"TUIN",1984,331572
"TUIN",1985,347050
"TUIN",1986,355636
"TUIN",1987,625966
"TUIN",1988,847934
"TUIN",1989,1006552
"TUIN",1990,1379856
"TUIN",1991,1391334
"TUIN",1992,1061862
"TUIN",1993,1123032
"TUIN",1994,2190426
"TUIN",1995,2675366
"TUIN",1996,1700522
"TUIN",1997,272510
"TUIN",1998,296714
"TUIN",1999,309120
"TUIN",2000,332654
"TUIN",2001,208590
"TUIN",2002,305260
"TUIN",2003,344946
"TUIN",2004,279988
"TUIN",2005,399346
"TUIN",2006,421946
"TUIN",2007,472256
"TUIN",2008,232386
"TUIN",2009,136556
"TUIN",2010,121932
"TUIN",2011,125500
"TUIN",2012,131746
"TUIN",2013,286596
"TUIN",2014,103180
"TUIN",2015,84514
"TUIN",2016,92556
"TUIN",2017,116544
"TUIN",2018,221878
"TUIN",2019,182146
"TUIN",2020,22276
"TUIN",2021,16886
"TUIN",2022,29306
"TUIN",2023,28016
"TUIN",2024,30632
"TULE",2023,10390
"TULE",2024,15718
"TUMA",1979,196376
"TUMA",1980,183312
"TUMA",1981,198070
"TUMA",1982,194290
"TUMA",1983,193066
"TUMA",1984,194192
"TUMA",1985,193400
"TUMA",1986,200388
"TUMA",1987,211090
"TUMA",1988,201032
"TUMA",1989,206370
"TUMA",1990,213146
"TUMA",1991,194224
"TUMA",1992,176498
"TUMA",1993,177874
"TUMA",1994,220320
"TUMA",1995,192368
"TUMA",1996,207352
"TUMA",1997,195712
"TUMA",1998,196176
"TUMA",1999,187292
"TUMA",2000,179022
"TUMA",2001,165234
"TUMA",2002,161458
"TUMA",2003,174644
"TUMA",2004,161674
"TUMA",2005,146742
"TUMA",2006,150050
"TUMA",2007,151612
"TUMA",2008,150264
"TUMA",2009,135458
"TUMA",2010,132884
"TUMA",2011,112466
"TUMA",2012,117194
"TUMA",2013,104774
"TUMA",2014,126724
"TUMA",2015,140484
"TUMA",2016,146096
"TUMA",2017,233916
"TUMA",2018,205114
"TUMA",2019,199674
"TUMA",2020,118930
"TUMA",2021,167380
"TUMA",2022,202830
"TUMA",2023,219322
"TUMA",2024,176282
"TUPE",1979,1474
"TUPE",1980,1712
"TUPE",1981,1698
"TUPE",1982,1338
"TUPE",1983,1518
"TUSK",2021,59764
"TUSK",2022,238370
"TUSK",2023,300672
"TUSK",2024,302154
"TUZI",1979,248134
"TUZI",1980,262744
"TUZI",1981,281320
"TUZI",1982,285902
"TUZI",1983,289028
"TUZI",1984,296854
"TUZI",1985,322058
"TUZI",1986,418126
"TUZI",1987,339516
"TUZI",1988,381144
"TUZI",1989,397284
"TUZI",1990,415304
"TUZI",1991,477134
"TUZI",1992,486332
"TUZI",1993,386466
"TUZI",1994,409986
"TUZI",1995,416042
"TUZI",1996,405582
"TUZI",1997,460458
"TUZI",1998,439634
"TUZI",1999,435420
"TUZI",2000,397940
"TUZI",2001,407738
"TUZI",2002,393188
"TUZI",2003,403858
"TUZI",2004,401300
"TUZI",2005,379516
"TUZI",2006,403844
"TUZI",2007,377886
"TUZI",2008,360444
"TUZI",2009,372472
"TUZI",2010,362056
"TUZI",2011,354464
"TUZI",2012,341454
"TUZI",2013,300710
"TUZI",2014,262756
"TUZI",2015,333330
"TUZI",2016,366714
"TUZI",2017,437552
"TUZI",2018,392360
"TUZI",2019,394152
"TUZI",2020,313432
"TUZI",2021,497624
"TUZI",2022,466556
"TUZI",2023,411744
"TUZI",2024,433132
"ULSG",1991,2624
"ULSG",1992,6836
"ULSG",1993,14924
"ULSG",1994,25086
"ULSG",1995,37702
"ULSG",1996,70628
"ULSG",1997,70204
"ULSG",1998,95676
"ULSG",1999,103180
"ULSG",2000,89476
"ULSG",2001,112112
"ULSG",2002,127660
"ULSG",2003,111244
"ULSG",2004,113990
"ULSG",2005,124348
"ULSG",2006,128794
"ULSG",2007,231996
"ULSG",2008,229800
"ULSG",2009,203518
"ULSG",2010,199840
"ULSG",2011,178324
"ULSG",2012,196866
"ULSG",2013,193018
"ULSG",2014,201436
"ULSG",2015,195236
"ULSG",2016,230356
"ULSG",2017,298806
"ULSG",2018,218014
"ULSG",2019,197244
"ULSG",2020,76182
"ULSG",2021,139116
"ULSG",2022,161770
"ULSG",2023,165326
"ULSG",2024,223656
"UPDE",1980,1060132
"UPDE",1981,1506188
"UPDE",1982,1251686
"UPDE",1983,2398000
"UPDE",1984,1768208
"UPDE",1985,1702610
"UPDE",1986,1896442
"UPDE",1987,1806732
"UPDE",1988,2586362
"UPDE",1989,2728638
"UPDE",1990,2577656
"UPDE",1991,2605676
"UPDE",1992,2389826
"UPDE",1993,2948194
"UPDE",1994,3152066
"UPDE",1995,6070386
"UPDE",1996,6016474
"UPDE",1997,3443238
"UPDE",1998,3103832
"UPDE",1999,3702534
"UPDE",2000,2879824
"UPDE",2001,3288632
"UPDE",2002,2974004
"UPDE",2003,2457734
"UPDE",2004,1955172
"UPDE",2005,2324998
"UPDE",2006,1865586
"UPDE",2007,2424318
"UPDE",2008,2778764
"UPDE",2009,2589642
"UPDE",2010,3124604
"UPDE",2011,2710364
"UPDE",2012,2545198
"UPDE",2013,2334011
"UPDE",2014,2332431
"UPDE",2015,2471606
"UPDE",2016,2751772
"UPDE",2017,2523131
"UPDE",2018,2290259
"UPDE",2019,2742487
"UPDE",2020,2857413
"UPDE",2021,3312958
"UPDE",2022,3336311
"UPDE",2023,3222906
"UPDE",2024,3312601
"VAFO",1979,27709928
"VAFO",1980,28462062
"VAFO",1981,29993222
"VAFO",1982,30631466
"VAFO",1983,31590608
"VAFO",1984,32193340
"VAFO",1985,32532988
"VAFO",1986,30943820
"VAFO",1987,34806512
"VAFO",1988,34379528
"VAFO",1989,36845246
"VAFO",1990,20946628
"VAFO",1991,21972016
"VAFO",1992,22295232
"VAFO",1993,22653412
"VAFO",1994,22364340
"VAFO",1995,23938240
"VAFO",1996,22299470
"VAFO",1997,24227520
"VAFO",1998,23979368
"VAFO",1999,21852310
"VAFO",2000,22347048
"VAFO",2001,20608066
"VAFO",2002,20896782
"VAFO",2003,20355830
"VAFO",2004,19167594
"VAFO",2005,20402508
"VAFO",2006,20789064
"VAFO",2007,20663640
"VAFO",2008,20610202
"VAFO",2009,21342318
"VAFO",2010,9733566
"VAFO",2011,7894276
"VAFO",2012,8789500
"VAFO",2013,11834334
"VAFO",2014,11975686
"VAFO",2015,12901790
"VAFO",2016,14572344
"VAFO",2017,12957552
"VAFO",2018,11288172
"VAFO",2019,13559664
"VAFO",2020,12076992
"VAFO",2021,9013258
"VAFO",2022,9871790
"VAFO",2023,11283158
"VAFO",2024,11198876
"VALL",2020,282536
"VALL",2021,305616
"VALL",2022,555420
"VALL",2023,637021
"VALL",2024,689156
"VAMA",1979,1833384
"VAMA",1980,2067848
"VAMA",1981,2384550
"VAMA",1982,2039028
"VAMA",1983,2149788
"VAMA",1984,1988584
"VAMA",1985,1777838
"VAMA",1986,2191226
"VAMA",1987,2038520
"VAMA",1988,2145500
"VAMA",1989,2726218
"VAMA",1990,3279552
"VAMA",1991,2166726
"VAMA",1992,1988618
"VAMA",1993,2145278
"VAMA",1994,1632492
"VAMA",1995,1691142
"VAMA",1996,1816942
"VAMA",1997,1859620
"VAMA",1998,1855902
"VAMA",1999,1549658
"VAMA",2000,1910840
"VAMA",2001,1847548
"VAMA",2002,1867646
"VAMA",2003,1660334
"VAMA",2004,1822070
"VAMA",2005,1686932
"VAMA",2006,1782664
"VAMA",2007,1784778
"VAMA",2008,1631826
"VAMA",2009,1696206
"VAMA",2010,1759772
"VAMA",2011,1644620
"VAMA",2012,1874336
"VAMA",2013,1688236
"VAMA",2014,1778826
"VAMA",2015,1927622
"VAMA",2016,1755794
"VAMA",2017,1610840
"VAMA",2018,1542520
"VAMA",2019,1476412
"VAMA",2020,879910
"VAMA",2021,1339578
"VAMA",2022,1429370
"VAMA",2023,1495248
"VAMA",2024,1767010
"VICK",1979,3462770
"VICK",1980,3967776
"VICK",1981,3024050
"VICK",1982,2708948
"VICK",1983,2868488
"VICK",1984,4883600
"VICK",1985,3950470
"VICK",1986,4701166
"VICK",1987,3814850
"VICK",1988,2964376
"VICK",1989,2506194
"VICK",1990,2327788
"VICK",1991,5632882
"VICK",1992,5928620
"VICK",1993,6576522
"VICK",1994,5218742
"VICK",1995,5829832
"VICK",1996,6308256
"VICK",1997,5836498
"VICK",1998,6394840
"VICK",1999,6524170
"VICK",2000,5960048
"VICK",2001,6322040
"VICK",2002,6524790
"VICK",2003,5730304
"VICK",2004,6146690
"VICK",2005,4462310
"VICK",2006,4290968
"VICK",2007,4427934
"VICK",2008,3476856
"VICK",2009,3671160
"VICK",2010,3679434
"VICK",2011,5053876
"VICK",2012,3622232
"VICK",2013,3541670
"VICK",2014,3437468
"VICK",2015,3344088
"VICK",2016,3220222
"VICK",2017,3040918
"VICK",2018,3048870
"VICK",2019,3714694
"VICK",2020,1124536
"VICK",2021,2526660
"VICK",2022,2646898
"VICK",2023,2203204
"VICK",2024,2600604
"VIIS",1979,10788606
"VIIS",1980,11119278
"VIIS",1981,11226260
"VIIS",1982,12935020
"VIIS",1983,12625716
"VIIS",1984,12575222
"VIIS",1985,12948000
"VIIS",1986,14353842
"VIIS",1987,14244702
"VIIS",1988,15363692
"VIIS",1989,12208682
"VIIS",1990,11942324
"VIIS",1991,12086636
"VIIS",1992,11654158
"VIIS",1993,13900756
"VIIS",1994,10551956
"VIIS",1995,9630190
"VIIS",1996,8296628
"VIIS",1997,10018930
"VIIS",1998,9542624
"VIIS",1999,7380706
"VIIS",2000,11570242
"VIIS",2001,11199980
"VIIS",2002,11498026
"VIIS",2003,13178240
"VIIS",2004,12546830
"VIIS",2005,12614218
"VIIS",2006,10773122
"VIIS",2007,9180330
"VIIS",2008,7685414
"VIIS",2009,6874490
"VIIS",2010,8083214
"VIIS",2011,7258788
"VIIS",2012,7981346
"VIIS",2013,7300377
"VIIS",2014,7198680
"VIIS",2015,7359303
"VIIS",2016,6693679
"VIIS",2017,5056011
"VIIS",2018,2105257
"VIIS",2019,2503208
"VIIS",2020,2963551
"VIIS",2021,5225461
"VIIS",2022,3336009
"VIIS",2023,5606430
"VIIS",2024,6719418
"VIVE",1984,6160564
"VIVE",1985,11934646
"VIVE",1986,16066062
"VIVE",1987,11961882
"VIVE",1988,10973184
"VIVE",1989,7784084
"VIVE",1990,5870790
"VIVE",1991,4847726
"VIVE",1992,4999146
"VIVE",1993,5060348
"VIVE",1994,4425138
"VIVE",1995,3663890
"VIVE",1996,3690580
"VIVE",1997,5295042
"VIVE",1998,14061906
"VIVE",1999,13326718
"VIVE",2000,11347340
"VIVE",2001,11112030
"VIVE",2002,9889792
"VIVE",2003,8532016
"VIVE",2004,11371472
"VIVE",2005,11399904
"VIVE",2006,10889216
"VIVE",2007,10901376
"VIVE",2008,12730720
"VIVE",2009,13313312
"VIVE",2010,13666112
"VIVE",2011,12060384
"VIVE",2012,13273216
"VIVE",2013,12428160
"VIVE",2014,13210400
"VIVE",2015,16791232
"VIVE",2016,15899136
"VIVE",2017,15217760
"VIVE",2018,14157440
"VIVE",2019,13741760
"VIVE",2020,4756572
"VIVE",2021,10908104
"VIVE",2022,14658764
"VIVE",2023,15118362
"VIVE",2024,15887134
"VOYA",1979,3285106
"VOYA",1980,3677009
"VOYA",1981,4087735
"VOYA",1982,2488530
"VOYA",1983,3428975
"VOYA",1984,3638890
"VOYA",1985,3845580
"VOYA",1986,3539484
"VOYA",1987,3901981
"VOYA",1988,4042800
"VOYA",1989,3827733
"VOYA",1990,4116679
"VOYA",1991,3897385
"VOYA",1992,3143194
"VOYA",1993,3094970
"VOYA",1994,3035548
"VOYA",1995,2988902
"VOYA",1996,3242728
"VOYA",1997,2935374
"VOYA",1998,2935520
"VOYA",1999,2942180
"VOYA",2000,2849962
"VOYA",2001,3103724
"VOYA",2002,3026644
"VOYA",2003,3002084
"VOYA",2004,3273968
"VOYA",2005,3159706
"VOYA",2006,3150574
"VOYA",2007,2998456
"VOYA",2008,3043266
"VOYA",2009,3047954
"VOYA",2010,8565906
"VOYA",2011,5938596
"VOYA",2012,7106472
"VOYA",2013,3375209
"VOYA",2014,3269096
"VOYA",2015,3155556
"VOYA",2016,3249952
"VOYA",2017,3131170
"VOYA",2018,3041306
"VOYA",2019,2975930
"VOYA",2020,3897280
"VOYA",2021,2985458
"VOYA",2022,2677278
"VOYA",2023,2486654
"VOYA",2024,2745976
"WABA",2002,46130
"WABA",2003,61868
"WABA",2004,58932
"WABA",2005,61244
"WABA",2006,57632
"WABA",2007,55712
"WABA",2008,58316
"WABA",2009,42108
"WABA",2010,50208
"WABA",2011,43980
"WABA",2012,42460
"WABA",2013,33736
"WABA",2014,52744
"WABA",2015,48268
"WABA",2016,49248
"WABA",2017,47324
"WABA",2018,53748
"WABA",2019,36476
"WABA",2020,50080
"WABA",2021,91426
"WABA",2022,75958
"WABA",2023,71434
"WABA",2024,74214
"WACA",1979,317046
"WACA",1980,348596
"WACA",1981,381482
"WACA",1982,398250
"WACA",1983,405958
"WACA",1984,429262
"WACA",1985,416634
"WACA",1986,534216
"WACA",1987,502940
"WACA",1988,564690
"WACA",1989,621966
"WACA",1990,632772
"WACA",1991,723682
"WACA",1992,737024
"WACA",1993,770704
"WACA",1994,757070
"WACA",1995,695552
"WACA",1996,715132
"WACA",1997,605818
"WACA",1998,538462
"WACA",1999,569764
"WACA",2000,525930
"WACA",2001,480254
"WACA",2002,499446
"WACA",2003,514176
"WACA",2004,585324
"WACA",2005,591496
"WACA",2006,557206
"WACA",2007,581900
"WACA",2008,469866
"WACA",2009,591612
"WACA",2010,583576
"WACA",2011,576454
"WACA",2012,510880
"WACA",2013,577668
"WACA",2014,623496
"WACA",2015,706722
"WACA",2016,702678
"WACA",2017,761058
"WACA",2018,773026
"WACA",2019,702178
"WACA",2020,495580
"WACA",2021,978152
"WACA",2022,826664
"WACA",2023,703164
"WACA",2024,862582
"WACO",2015,97183
"WACO",2016,320743
"WACO",2017,472990
"WACO",2018,487164
"WACO",2019,534787
"WACO",2020,214026
"WACO",2021,366919
"WACO",2022,402488
"WACO",2023,441092
"WACO",2024,510266
"WAMO",1979,3372064
"WAMO",1980,3438648
"WAMO",1981,5368856
"WAMO",1982,5169136
"WAMO",1983,4850944
"WAMO",1984,5368372
"WAMO",1985,4916248
"WAMO",1986,5084856
"WAMO",1987,5203932
"WAMO",1988,4872124
"WAMO",1989,4546648
"WAMO",1990,4981916
"WAMO",1991,4674944
"WAMO",1992,4660640
"WAMO",1993,4320120
"WAMO",1994,4001112
"WAMO",1995,3772392
"WAMO",1996,2829992
"WAMO",1997,3364872
"WAMO",1998,1360760
"WAMO",1999,2213680
"WAMO",2000,740340
"WAMO",2001,0
"WAMO",2002,1819072
"WAMO",2003,2119940
"WAMO",2004,1513664
"WAMO",2005,1870200
"WAMO",2006,2346412
"WAMO",2007,2364324
"WAMO",2008,2684124
"WAMO",2009,2704008
"WAMO",2010,2514660
"WAMO",2011,1720612
"WAMO",2012,0
"WAMO",2013,0
"WAMO",2014,1692680
"WAMO",2015,1974200
"WAMO",2016,1010708
"WAMO",2017,0
"WAMO",2018,0
"WAMO",2019,433640
"WAMO",2020,334340
"WAMO",2021,255360
"WAMO",2022,1041268
"WAMO",2023,995000
"WAMO",2024,988832
"WAPA",1985,27306
"WAPA",1986,197648
"WAPA",1987,229628
"WAPA",1988,194256
"WAPA",1989,231842
"WAPA",1990,231902
"WAPA",1991,239830
"WAPA",1992,231020
"WAPA",1993,279270
"WAPA",1994,477800
"WAPA",1995,535304
"WAPA",1996,575836
"WAPA",1997,521358
"WAPA",1998,594804
"WAPA",1999,605060
"WAPA",2000,745746
"WAPA",2001,658774
"WAPA",2002,652278
"WAPA",2003,16920
"WAPA",2004,85710
"WAPA",2005,172226
"WAPA",2006,268264
"WAPA",2007,1009200
"WAPA",2008,802274
"WAPA",2009,1141926
"WAPA",2010,927994
"WAPA",2011,1958416
"WAPA",2012,1040488
"WAPA",2013,1097956
"WAPA",2014,1070355
"WAPA",2015,1295130
"WAPA",2016,1962898
"WAPA",2017,1543510
"WAPA",2018,1561187
"WAPA",2019,1736350
"WAPA",2020,1275909
"WAPA",2021,1471525
"WAPA",2022,1525918
"WAPA",2023,1678416
"WAPA",2024,1502675
"WEFA",1993,28112
"WEFA",1994,49494
"WEFA",1995,60430
"WEFA",1996,64208
"WEFA",1997,51294
"WEFA",1998,64260
"WEFA",1999,83488
"WEFA",2000,88526
"WEFA",2001,97542
"WEFA",2002,88254
"WEFA",2003,84420
"WEFA",2004,62734
"WEFA",2005,60986
"WEFA",2006,63736
"WEFA",2007,69096
"WEFA",2008,102560
"WEFA",2009,105172
"WEFA",2010,105860
"WEFA",2011,120836
"WEFA",2012,116478
"WEFA",2013,124428
"WEFA",2014,192300
"WEFA",2015,271360
"WEFA",2016,220502
"WEFA",2017,217528
"WEFA",2018,202588
"WEFA",2019,222078
"WEFA",2020,133446
"WEFA",2021,173092
"WEFA",2022,215650
"WEFA",2023,204778
"WEFA",2024,194396
"WHHO",1979,3939052
"WHHO",1980,4309080
"WHHO",1981,3919478
"WHHO",1982,3738322
"WHHO",1983,3996024
"WHHO",1984,3730832
"WHHO",1985,4141934
"WHHO",1986,3649660
"WHHO",1987,3517684
"WHHO",1988,3519064
"WHHO",1989,3528560
"WHHO",1990,3725504
"WHHO",1991,3383894
"WHHO",1992,3912342
"WHHO",1993,3967198
"WHHO",1994,4249764
"WHHO",1995,3855478
"WHHO",1996,4123104
"WHHO",1997,4324618
"WHHO",1998,3622330
"WHHO",1999,3564986
"WHHO",2000,4085658
"WHHO",2001,2965430
"WHHO",2002,741880
"WHHO",2003,661804
"WHHO",2004,1241504
"WHHO",2005,1515240
"WHHO",2006,1586258
"WHHO",2007,1596480
"WHHO",2008,1704328
"WHHO",2009,1940676
"WHHO",2010,3059142
"WHHO",2011,1930980
"WHHO",2012,2283250
"WHHO",2013,1063566
"WHHO",2014,2103624
"WHHO",2015,2014596
"WHHO",2016,2207434
"WHHO",2017,1587828
"WHHO",2018,1732878
"WHHO",2019,1522766
"WHHO",2020,418558
"WHHO",2021,45954
"WHHO",2022,1153824
"WHHO",2023,2088456
"WHHO",2024,1708864
"WHIS",1979,13048563
"WHIS",1980,13297264
"WHIS",1981,13610022
"WHIS",1982,13784992
"WHIS",1983,10848673
"WHIS",1984,12320550
"WHIS",1985,11947886
"WHIS",1986,14439337
"WHIS",1987,18296917
"WHIS",1988,12511073
"WHIS",1989,14947455
"WHIS",1990,17998483
"WHIS",1991,14476579
"WHIS",1992,8420392
"WHIS",1993,5336472
"WHIS",1994,9251502
"WHIS",1995,8475292
"WHIS",1996,7134748
"WHIS",1997,6216482
"WHIS",1998,6988092
"WHIS",1999,6820018
"WHIS",2000,6754624
"WHIS",2001,6775076
"WHIS",2002,7384126
"WHIS",2003,7476840
"WHIS",2004,7915788
"WHIS",2005,7765094
"WHIS",2006,7837520
"WHIS",2007,7689099
"WHIS",2008,6714846
"WHIS",2009,8260532
"WHIS",2010,7871752
"WHIS",2011,7529411
"WHIS",2012,8099884
"WHIS",2013,7691069
"WHIS",2014,8753896
"WHIS",2015,8379251
"WHIS",2016,8789766
"WHIS",2017,8665901
"WHIS",2018,5744631
"WHIS",2019,6016791
"WHIS",2020,7076158
"WHIS",2021,6565240
"WHIS",2022,11871048
"WHIS",2023,8645461
"WHIS",2024,7518329
"WHMI",1979,596184
"WHMI",1980,394174
"WHMI",1981,390930
"WHMI",1982,393910
"WHMI",1983,435120
"WHMI",1984,423352
"WHMI",1985,418864
"WHMI",1986,442084
"WHMI",1987,464644
"WHMI",1988,393400
"WHMI",1989,338200
"WHMI",1990,343812
"WHMI",1991,338168
"WHMI",1992,295456
"WHMI",1993,310264
"WHMI",1994,285204
"WHMI",1995,318900
"WHMI",1996,312016
"WHMI",1997,313068
"WHMI",1998,314532
"WHMI",1999,302480
"WHMI",2000,270804
"WHMI",2001,261380
"WHMI",2002,247836
"WHMI",2003,226700
"WHMI",2004,227340
"WHMI",2005,225968
"WHMI",2006,214060
"WHMI",2007,200012
"WHMI",2008,216088
"WHMI",2009,213084
"WHMI",2010,236748
"WHMI",2011,233108
"WHMI",2012,245804
"WHMI",2013,233408
"WHMI",2014,236660
"WHMI",2015,160764
"WHMI",2016,203256
"WHMI",2017,193692
"WHMI",2018,199760
"WHMI",2019,196588
"WHMI",2020,142396
"WHMI",2021,178348
"WHMI",2022,210664
"WHMI",2023,191592
"WHMI",2024,245324
"WHSA",1979,2637596
"WHSA",1980,2526768
"WHSA",1981,2424826
"WHSA",1982,1815948
"WHSA",1983,1863986
"WHSA",1984,2323164
"WHSA",1985,2103830
"WHSA",1986,2845172
"WHSA",1987,2679878
"WHSA",1988,2520304
"WHSA",1989,2578720
"WHSA",1990,2622004
"WHSA",1991,2793560
"WHSA",1992,2770202
"WHSA",1993,2927200
"WHSA",1994,2839934
"WHSA",1995,2927412
"WHSA",1996,2923036
"WHSA",1997,3030524
"WHSA",1998,2646018
"WHSA",1999,2595446
"WHSA",2000,2631132
"WHSA",2001,2607820
"WHSA",2002,2696618
"WHSA",2003,2783446
"WHSA",2004,2494562
"WHSA",2005,2384512
"WHSA",2006,2308910
"WHSA",2007,2349806
"WHSA",2008,2500028
"WHSA",2009,2055820
"WHSA",2010,2537384
"WHSA",2011,2332588
"WHSA",2012,2419530
"WHSA",2013,3457760
"WHSA",2014,3084064
"WHSA",2015,3516450
"WHSA",2016,3938450
"WHSA",2017,4335282
"WHSA",2018,4242668
"WHSA",2019,4269862
"WHSA",2020,2537192
"WHSA",2021,4640566
"WHSA",2022,4208758
"WHSA",2023,4310012
"WHSA",2024,4189284
"WICA",1979,3479328
"WICA",1980,3565345
"WICA",1981,3773846
"WICA",1982,3476548
"WICA",1983,3702093
"WICA",1984,4056271
"WICA",1985,3572662
"WICA",1986,3627410
"WICA",1987,4166854
"WICA",1988,4242357
"WICA",1989,3899223
"WICA",1990,3863280
"WICA",1991,4023493
"WICA",1992,4342317
"WICA",1993,5728877
"WICA",1994,8163436
"WICA",1995,7614565
"WICA",1996,6815427
"WICA",1997,7153532
"WICA",1998,8099670
"WICA",1999,7267649
"WICA",2000,6490469
"WICA",2001,6166680
"WICA",2002,7516435
"WICA",2003,7985886
"WICA",2004,5677348
"WICA",2005,5708936
"WICA",2006,5454758
"WICA",2007,5626949
"WICA",2008,5455965
"WICA",2009,5059690
"WICA",2010,5024685
"WICA",2011,4689255
"WICA",2012,4779817
"WICA",2013,4874736
"WICA",2014,5034561
"WICA",2015,5497571
"WICA",2016,5700055
"WICA",2017,5821900
"WICA",2018,6010729
"WICA",2019,5365465
"WICA",2020,3804384
"WICA",2021,6510735
"WICA",2022,5657180
"WICA",2023,5505976
"WICA",2024,4330586
"WICL",2011,38996
"WICL",2012,35728
"WICL",2013,39352
"WICL",2014,44452
"WICL",2015,41852
"WICL",2016,41872
"WICL",2017,40708
"WICL",2018,43380
"WICL",2019,35032
"WICL",2020,16220
"WICL",2021,29116
"WICL",2022,24312
"WICL",2023,20096
"WICL",2024,24860
"WICR",1979,384484
"WICR",1980,364814
"WICR",1981,380010
"WICR",1982,384180
"WICR",1983,500796
"WICR",1984,602144
"WICR",1985,848572
"WICR",1986,1650816
"WICR",1987,1690460
"WICR",1988,2138130
"WICR",1989,1603392
"WICR",1990,956268
"WICR",1991,903684
"WICR",1992,1067672
"WICR",1993,1147182
"WICR",1994,1250328
"WICR",1995,898076
"WICR",1996,1578882
"WICR",1997,1076564
"WICR",1998,1079380
"WICR",1999,1089232
"WICR",2000,1202298
"WICR",2001,1364324
"WICR",2002,1244070
"WICR",2003,1220236
"WICR",2004,976786
"WICR",2005,1243420
"WICR",2006,850138
"WICR",2007,731344
"WICR",2008,724480
"WICR",2009,937460
"WICR",2010,1111196
"WICR",2011,1157182
"WICR",2012,1003230
"WICR",2013,943842
"WICR",2014,966344
"WICR",2015,966024
"WICR",2016,1102186
"WICR",2017,1238090
"WICR",2018,1321656
"WICR",2019,1397030
"WICR",2020,1723570
"WICR",2021,1627468
"WICR",2022,1697480
"WICR",2023,1900620
"WICR",2024,2146834
"WIHO",1979,15174
"WIHO",1980,16054
"WIHO",1981,18238
"WIHO",1982,11128
"WIHO",1983,10424
"WIHO",1984,8810
"WIHO",1985,6354
"WIHO",1986,12676
"WIHO",1987,12438
"WIHO",1988,19456
"WIHO",1989,25516
"WIHO",1990,30272
"WIHO",1991,33332
"WIHO",1992,25900
"WIHO",1993,24584
"WIHO",1994,28260
"WIHO",1995,24352
"WIHO",1996,26560
"WIHO",1997,30352
"WIHO",1998,28664
"WIHO",1999,23840
"WIHO",2000,33068
"WIHO",2001,35784
"WIHO",2002,53604
"WIHO",2003,65100
"WIHO",2004,65388
"WIHO",2005,57312
"WIHO",2006,58880
"WIHO",2007,69460
"WIHO",2008,67872
"WIHO",2009,75208
"WIHO",2010,84652
"WIHO",2011,84564
"WIHO",2012,77664
"WIHO",2013,84408
"WIHO",2014,94436
"WIHO",2015,97540
"WIHO",2016,122892
"WIHO",2017,149700
"WIHO",2018,120808
"WIHO",2019,129584
"WIHO",2020,44400
"WIHO",2021,68168
"WIHO",2022,110960
"WIHO",2023,123028
"WIHO",2024,124472
"WORI",1983,40554
"WORI",1984,55266
"WORI",1985,88530
"WORI",1986,100584
"WORI",1987,102072
"WORI",1988,136278
"WORI",1989,92970
"WORI",1990,99078
"WORI",1991,82872
"WORI",1992,69412
"WORI",1993,116312
"WORI",1994,111244
"WORI",1995,128436
"WORI",1996,117780
"WORI",1997,97270
"WORI",1998,295188
"WORI",1999,142780
"WORI",2000,102750
"WORI",2001,94782
"WORI",2002,85850
"WORI",2003,76904
"WORI",2004,78026
"WORI",2005,72254
"WORI",2006,64332
"WORI",2007,72088
"WORI",2008,89602
"WORI",2009,80050
"WORI",2010,86704
"WORI",2011,99202
"WORI",2012,121942
"WORI",2013,121806
"WORI",2014,126750
"WORI",2015,159592
"WORI",2016,223184
"WORI",2017,265326
"WORI",2018,176764
"WORI",2019,165446
"WORI",2020,35786
"WORI",2021,87138
"WORI",2022,146100
"WORI",2023,148656
"WORI",2024,141650
"WOTR",1979,6191766
"WOTR",1980,6538762
"WOTR",1981,6132902
"WOTR",1982,3432454
"WOTR",1983,2575612
"WOTR",1984,3428482
"WOTR",1985,5528758
"WOTR",1986,6270592
"WOTR",1987,6837156
"WOTR",1988,6889952
"WOTR",1989,6733242
"WOTR",1990,6929572
"WOTR",1991,5285962
"WOTR",1992,7426450
"WOTR",1993,5898426
"WOTR",1994,6125990
"WOTR",1995,5849880
"WOTR",1996,5919280
"WOTR",1997,6448520
"WOTR",1998,5233540
"WOTR",1999,5494910
"WOTR",2000,5238430
"WOTR",2001,5399990
"WOTR",2002,5666540
"WOTR",2003,5546460
"WOTR",2004,5415970
"WOTR",2005,5543860
"WOTR",2006,4905470
"WOTR",2007,5030160
"WOTR",2008,4871970
"WOTR",2009,4667520
"WOTR",2010,5203970
"WOTR",2011,4251770
"WOTR",2012,4269960
"WOTR",2013,4411660
"WOTR",2014,3882830
"WOTR",2015,4073510
"WOTR",2016,4375130
"WOTR",2017,4243640
"WOTR",2018,3655400
"WOTR",2019,4025800
"WOTR",2020,300730
"WOTR",2021,2478620
"WOTR",2022,4454970
"WOTR",2023,4890080
"WOTR",2024,4478630
"WRBR",1979,1447446
"WRBR",1980,1609928
"WRBR",1981,1579224
"WRBR",1982,1484380
"WRBR",1983,1781498
"WRBR",1984,1569774
"WRBR",1985,1681158
"WRBR",1986,2322126
"WRBR",1987,1267144
"WRBR",1988,1360232
"WRBR",1989,1850420
"WRBR",1990,1787724
"WRBR",1991,1767394
"WRBR",1992,1814530
"WRBR",1993,1916018
"WRBR",1994,1909590
"WRBR",1995,1745254
"WRBR",1996,1581454
"WRBR",1997,1707098
"WRBR",1998,1683410
"WRBR",1999,1509294
"WRBR",2000,1724458
"WRBR",2001,1760762
"WRBR",2002,1769518
"WRBR",2003,2855294
"WRBR",2004,1691934
"WRBR",2005,1842362
"WRBR",2006,1871146
"WRBR",2007,1983894
"WRBR",2008,2117454
"WRBR",2009,1911734
"WRBR",2010,1911370
"WRBR",2011,1788390
"WRBR",2012,1873834
"WRBR",2013,1797755
"WRBR",2014,1728637
"WRBR",2015,1755307
"WRBR",2016,1841674
"WRBR",2017,1663547
"WRBR",2018,1449248
"WRBR",2019,1607110
"WRBR",2020,1118422
"WRBR",2021,1935335
"WRBR",2022,1756134
"WRBR",2023,1700523
"WRBR",2024,1632941
"WRST",1982,398436
"WRST",1983,509262
"WRST",1984,564948
"WRST",1985,593078
"WRST",1986,725986
"WRST",1987,792972
"WRST",1988,844324
"WRST",1989,903320
"WRST",1990,976914
"WRST",1991,1054712
"WRST",1992,1141570
"WRST",1993,1234190
"WRST",1994,1346344
"WRST",1995,1500752
"WRST",1996,3069390
"WRST",1997,3110042
"WRST",1998,2696064
"WRST",1999,2763208
"WRST",2000,2667470
"WRST",2001,2692780
"WRST",2002,3793056
"WRST",2003,4071270
"WRST",2004,5378822
"WRST",2005,5285118
"WRST",2006,4731566
"WRST",2007,5741892
"WRST",2008,6175182
"WRST",2009,5636832
"WRST",2010,6877980
"WRST",2011,6131126
"WRST",2012,8192812
"WRST",2013,6578562
"WRST",2014,7023816
"WRST",2015,7554352
"WRST",2016,7430528
"WRST",2017,6419486
"WRST",2018,7468276
"WRST",2019,7004686
"WRST",2020,1566392
"WRST",2021,4723262
"WRST",2022,6147030
"WRST",2023,7426048
"WRST",2024,7721934
"WUPA",1979,811668
"WUPA",1980,732844
"WUPA",1981,843172
"WUPA",1982,867250
"WUPA",1983,881234
"WUPA",1984,951612
"WUPA",1985,884414
"WUPA",1986,984720
"WUPA",1987,979444
"WUPA",1988,1154008
"WUPA",1989,1136608
"WUPA",1990,1089852
"WUPA",1991,1064818
"WUPA",1992,1194810
"WUPA",1993,1600784
"WUPA",1994,1614818
"WUPA",1995,1599194
"WUPA",1996,1459594
"WUPA",1997,1425928
"WUPA",1998,1329346
"WUPA",1999,1494532
"WUPA",2000,1480636
"WUPA",2001,1459734
"WUPA",2002,1441722
"WUPA",2003,1619944
"WUPA",2004,1510786
"WUPA",2005,1338784
"WUPA",2006,1439778
"WUPA",2007,1460284
"WUPA",2008,1455848
"WUPA",2009,1420752
"WUPA",2010,1349088
"WUPA",2011,1318034
"WUPA",2012,1231250
"WUPA",2013,1166164
"WUPA",2014,1198911
"WUPA",2015,1298969
"WUPA",2016,1360231
"WUPA",2017,1439812
"WUPA",2018,1252274
"WUPA",2019,1144314
"WUPA",2020,897346
"WUPA",2021,1303349
"WUPA",2022,1965392
"WUPA",2023,2177930
"WUPA",2024,2222891
"WWII",2004,16192496
"WWII",2005,13231136
"WWII",2006,11596288
"WWII",2007,12238816
"WWII",2008,12461248
"WWII",2009,12355584
"WWII",2010,11893056
"WWII",2011,11256512
"WWII",2012,12485056
"WWII",2013,11802496
"WWII",2014,12692384
"WWII",2015,15204672
"WWII",2016,14569600
"WWII",2017,14630528
"WWII",2018,13958592
"WWII",2019,14493984
"WWII",2020,5772384
"WWII",2021,11181504
"WWII",2022,14445920
"WWII",2023,15358624
"WWII",2024,15482304
"WWIM",2021,1719264
"WWIM",2022,2545904
"WWIM",2023,3276686
"WWIM",2024,3254690
"YELL",1979,110772217
"YELL",1980,126395333
"YELL",1981,164888215
"YELL",1982,176830718
"YELL",1983,175113576
"YELL",1984,167422973
"YELL",1985,166179465
"YELL",1986,175592528
"YELL",1987,186627645
"YELL",1988,159218012
"YELL",1989,199675029
"YELL",1990,205497830
"YELL",1991,211986778
"YELL",1992,223866818
"YELL",1993,142251435
"YELL",1994,147042583
"YELL",1995,147021558
"YELL",1996,140837363
"YELL",1997,139355467
"YELL",1998,146874855
"YELL",1999,146600918
"YELL",2000,136487411
"YELL",2001,136982952
"YELL",2002,144646360
"YELL",2003,144187948
"YELL",2004,138048099
"YELL",2005,136315550
"YELL",2006,134838464
"YELL",2007,149536540
"YELL",2008,142330362
"YELL",2009,152291516
"YELL",2010,162965235
"YELL",2011,155538481
"YELL",2012,160586324
"YELL",2013,153122686
"YELL",2014,160622875
"YELL",2015,178875944
"YELL",2016,184171156
"YELL",2017,183612132
"YELL",2018,184422323
"YELL",2019,175348949
"YELL",2020,134357496
"YELL",2021,181422326
"YELL",2022,139885191
"YELL",2023,178836991
"YELL",2024,190511981
"YOSE",1979,140177915
"YOSE",1980,149011916
"YOSE",1981,150576884
"YOSE",1982,144382597
"YOSE",1983,148296334
"YOSE",1984,164087583
"YOSE",1985,171913954
"YOSE",1986,168978722
"YOSE",1987,184231603
"YOSE",1988,190066425
"YOSE",1989,195868890
"YOSE",1990,185723093
"YOSE",1991,203086288
"YOSE",1992,224978194
"YOSE",1993,229226028
"YOSE",1994,186509002
"YOSE",1995,174317188
"YOSE",1996,178673357
"YOSE",1997,146466591
"YOSE",1998,143959333
"YOSE",1999,140248555
"YOSE",2000,143623760
"YOSE",2001,143780993
"YOSE",2002,145654495
"YOSE",2003,143846101
"YOSE",2004,138840649
"YOSE",2005,134809693
"YOSE",2006,136758760
"YOSE",2007,141151051
"YOSE",2008,146416459
"YOSE",2009,151727666
"YOSE",2010,155236460
"YOSE",2011,150551288
"YOSE",2012,155083177
"YOSE",2013,146872304
"YOSE",2014,154886169
"YOSE",2015,178607213
"YOSE",2016,180129466
"YOSE",2017,164385888
"YOSE",2018,138490367
"YOSE",2019,152250186
"YOSE",2020,61882676
"YOSE",2021,108784727
"YOSE",2022,132300300
"YOSE",2023,123517455
"YOSE",2024,140886503
"YUCH",1982,488060
"YUCH",1983,123762
"YUCH",1984,106082
"YUCH",1985,272834
"YUCH",1986,273084
"YUCH",1987,274658
"YUCH",1988,190386
"YUCH",1989,165268
"YUCH",1990,184188
"YUCH",1991,182922
"YUCH",1992,161084
"YUCH",1993,146492
"YUCH",1994,131516
"YUCH",1995,154406
"YUCH",1996,219480
"YUCH",1997,276636
"YUCH",1998,739906
"YUCH",1999,771132
"YUCH",2000,794262
"YUCH",2001,814026
"YUCH",2002,780964
"YUCH",2003,764562
"YUCH",2004,634260
"YUCH",2005,1285204
"YUCH",2006,1308598
"YUCH",2007,1229252
"YUCH",2008,905352
"YUCH",2009,816692
"YUCH",2010,392366
"YUCH",2011,288768
"YUCH",2012,270388
"YUCH",2013,1097544
"YUCH",2014,540894
"YUCH",2015,168068
"YUCH",2016,160906
"YUCH",2017,112302
"YUCH",2018,189882
"YUCH",2019,102924
"YUCH",2020,111826
"YUCH",2021,149150
"YUCH",2022,67730
"YUCH",2023,144316
"YUCH",2024,605200
"ZION",1979,18541630
"ZION",1980,19419433
"ZION",1981,22595205
"ZION",1982,18060740
"ZION",1983,17318420
"ZION",1984,18718052
"ZION",1985,18711105
"ZION",1986,20617739
"ZION",1987,22090651
"ZION",1988,23954416
"ZION",1989,24371694
"ZION",1990,25748191
"ZION",1991,27267139
"ZION",1992,28996380
"ZION",1993,38872531
"ZION",1994,37413249
"ZION",1995,38416154
"ZION",1996,39832874
"ZION",1997,38959634
"ZION",1998,36522856
"ZION",1999,37693034
"ZION",2000,37897700
"ZION",2001,35971922
"ZION",2002,40623497
"ZION",2003,39371995
"ZION",2004,41053146
"ZION",2005,41008066
"ZION",2006,40931020
"ZION",2007,42436527
"ZION",2008,43440995
"ZION",2009,44399942
"ZION",2010,43339054
"ZION",2011,45548021
"ZION",2012,48960154
"ZION",2013,47823419
"ZION",2014,52031404
"ZION",2015,58283892
"ZION",2016,67458120
"ZION",2017,70516592
"ZION",2018,69404182
"ZION",2019,67298520
"ZION",2020,51115774
"ZION",2021,74085360
"ZION",2022,70175689
"ZION",2023,69071113
"ZION",2024,73389854
